จังหวัด,ระดับ,หน่วยงาน,ขนาด,โครงสร้าง,ที่มาของขนาด,สี,obj
เชียงใหม่,กฟส,กฟส.สันกำแพง,M,ใหม่ (1 ม.ค. 2569),legend หน้านี้,"(1.0, 0.855, 0.612)",51
เชียงใหม่,กฟส,กฟส.สำรภี,S,ใหม่ (1 ม.ค. 2569),legend หน้านี้,"(0.847, 0.573, 0.733)",51
เชียงใหม่,กฟส,กฟส.แม่ออน,XS,ใหม่ (1 ม.ค. 2569),legend หน้านี้,"(0.996, 1.0, 0.996)",51
เชียงใหม่,กฟส,กฟส.ไชยปรำกำร,XS,ใหม่ (1 ม.ค. 2569),legend หน้านี้,"(0.996, 1.0, 0.996)",51
เชียงใหม่,กฟส,กฟส.เวียงแหง,XS,ใหม่ (1 ม.ค. 2569),legend หน้านี้,"(0.996, 1.0, 0.996)",51
เชียงใหม่,กฟส,กฟส.เมืองเชียงใหม่2,L,ใหม่ (1 ม.ค. 2569),legend หน้านี้,"(0.431, 0.106, 0.416)",51
เชียงใหม่,กฟส,กฟส.แม่ริม,M,ใหม่ (1 ม.ค. 2569),legend หน้านี้,"(1.0, 0.855, 0.612)",51
เชียงใหม่,กฟส,กฟส.สันทรำย,L,ใหม่ (1 ม.ค. 2569),legend หน้านี้,"(0.431, 0.106, 0.416)",51
เชียงใหม่,กฟส,กฟส.สันป่าตอง,M,ใหม่ (1 ม.ค. 2569),legend หน้านี้,"(1.0, 0.855, 0.612)",51
เชียงใหม่,กฟส,กฟส.หำงดง,M,ใหม่ (1 ม.ค. 2569),legend หน้านี้,"(1.0, 0.855, 0.612)",51
เชียงใหม่,กฟส,กฟส.จอมทอง,M,ใหม่ (1 ม.ค. 2569),legend หน้านี้,"(1.0, 0.855, 0.612)",51
เชียงใหม่,กฟส,กฟส.ดอยสะเก็ด,S,ใหม่ (1 ม.ค. 2569),legend หน้านี้,"(0.847, 0.573, 0.733)",51
เชียงใหม่,กฟส,กฟส.ฝำง,M,ใหม่ (1 ม.ค. 2569),legend หน้านี้,"(1.0, 0.855, 0.612)",51
เชียงใหม่,กฟส,กฟส.แม่อาย,S,ใหม่ (1 ม.ค. 2569),legend หน้านี้,"(0.847, 0.573, 0.733)",51
เชียงใหม่,กฟส,กฟส.เชียงดำว,S,ใหม่ (1 ม.ค. 2569),legend หน้านี้,"(0.847, 0.573, 0.733)",51
เชียงใหม่,กฟส,กฟส.แม่แตง,S,ใหม่ (1 ม.ค. 2569),legend หน้านี้,"(0.847, 0.573, 0.733)",51
เชียงใหม่,กฟส,กฟส.สะเมิง,XS,ใหม่ (1 ม.ค. 2569),legend หน้านี้,"(0.996, 1.0, 0.996)",51
เชียงใหม่,กฟส,กฟส.ป่าแป๋,XS,ใหม่ (1 ม.ค. 2569),legend หน้านี้,"(0.996, 1.0, 0.996)",51
เชียงใหม่,กฟส,กฟส.พร้าว,S,ใหม่ (1 ม.ค. 2569),legend หน้านี้,"(0.847, 0.573, 0.733)",51
เชียงใหม่,กฟส,กฟส.แม่วาง,XS,ใหม่ (1 ม.ค. 2569),legend หน้านี้,"(0.996, 1.0, 0.996)",51
เชียงใหม่,กฟส,กฟส.ฮอด,S,ใหม่ (1 ม.ค. 2569),legend หน้านี้,"(0.847, 0.573, 0.733)",51
เชียงใหม่,กฟส,กฟส.ดอยหล่อ,XS,ใหม่ (1 ม.ค. 2569),legend หน้านี้,"(0.996, 1.0, 0.996)",51
เชียงใหม่,กฟส,กฟส.แม่แจ่ม,XS,ใหม่ (1 ม.ค. 2569),legend หน้านี้,"(0.996, 1.0, 0.996)",51
เชียงใหม่,กฟส,กฟส.ดอยเต่า,XS,ใหม่ (1 ม.ค. 2569),legend หน้านี้,"(0.996, 1.0, 0.996)",51
เชียงใหม่,กฟส,กฟส.อมก๋อย,XS,ใหม่ (1 ม.ค. 2569),legend หน้านี้,"(0.996, 1.0, 0.996)",51
เชียงใหม่,กฟส,กฟส.บ่อหลวง,XS,ใหม่ (1 ม.ค. 2569),legend หน้านี้,"(0.996, 1.0, 0.996)",51
เชียงใหม่,กฟจ,กฟจ.เชียงใหม่,L,ใหม่ (1 ม.ค. 2569),legend หน้านี้,"(0.0, 0.439, 0.753)",51
เชียงใหม่,กฟส,กฟส.สันกำแพง,M,เดิม (1 ต.ค. 2568),legend หน้านี้,"(1.0, 0.855, 0.612)",51
เชียงใหม่,กฟส,กฟส.สำรภี,S,เดิม (1 ต.ค. 2568),legend หน้านี้,"(0.847, 0.573, 0.733)",51
เชียงใหม่,กฟส,กฟส.แม่ออน,XS,เดิม (1 ต.ค. 2568),legend หน้านี้,"(0.996, 1.0, 0.996)",51
เชียงใหม่,กฟส,กฟส.ไชยปรำกำร,XS,เดิม (1 ต.ค. 2568),legend หน้านี้,"(0.996, 1.0, 0.996)",51
เชียงใหม่,กฟส,กฟส.เวียงแหง,XS,เดิม (1 ต.ค. 2568),legend หน้านี้,"(0.996, 1.0, 0.996)",51
เชียงใหม่,กฟส,กฟส.เมืองเชียงใหม่2,L,เดิม (1 ต.ค. 2568),legend หน้านี้,"(0.431, 0.106, 0.416)",51
เชียงใหม่,กฟส,กฟส.แม่ริม,M,เดิม (1 ต.ค. 2568),legend หน้านี้,"(1.0, 0.855, 0.612)",51
เชียงใหม่,กฟส,กฟส.สันทรำย,L,เดิม (1 ต.ค. 2568),legend หน้านี้,"(0.431, 0.106, 0.416)",51
เชียงใหม่,กฟส,กฟส.สันป่าตอง,M,เดิม (1 ต.ค. 2568),legend หน้านี้,"(1.0, 0.855, 0.612)",51
เชียงใหม่,กฟส,กฟส.หำงดง,M,เดิม (1 ต.ค. 2568),legend หน้านี้,"(1.0, 0.855, 0.612)",51
เชียงใหม่,กฟส,กฟส.จอมทอง,M,เดิม (1 ต.ค. 2568),legend หน้านี้,"(1.0, 0.855, 0.612)",51
เชียงใหม่,กฟส,กฟส.ดอยสะเก็ด,S,เดิม (1 ต.ค. 2568),legend หน้านี้,"(0.847, 0.573, 0.733)",51
เชียงใหม่,กฟส,กฟส.ฝำง,M,เดิม (1 ต.ค. 2568),legend หน้านี้,"(1.0, 0.855, 0.612)",51
เชียงใหม่,กฟส,กฟส.แม่อาย,S,เดิม (1 ต.ค. 2568),legend หน้านี้,"(0.847, 0.573, 0.733)",51
เชียงใหม่,กฟส,กฟส.เชียงดำว,S,เดิม (1 ต.ค. 2568),legend หน้านี้,"(0.847, 0.573, 0.733)",51
เชียงใหม่,กฟส,กฟส.แม่แตง,S,เดิม (1 ต.ค. 2568),legend หน้านี้,"(0.847, 0.573, 0.733)",51
เชียงใหม่,กฟส,กฟส.สะเมิง,XS,เดิม (1 ต.ค. 2568),legend หน้านี้,"(0.996, 1.0, 0.996)",51
เชียงใหม่,กฟส,กฟส.ป่าแป๋,XS,เดิม (1 ต.ค. 2568),legend หน้านี้,"(0.996, 1.0, 0.996)",51
เชียงใหม่,กฟส,กฟส.พร้าว,S,เดิม (1 ต.ค. 2568),legend หน้านี้,"(0.847, 0.573, 0.733)",51
เชียงใหม่,กฟส,กฟส.แม่วาง,XS,เดิม (1 ต.ค. 2568),legend หน้านี้,"(0.996, 1.0, 0.996)",51
เชียงใหม่,กฟส,กฟส.ฮอด,S,เดิม (1 ต.ค. 2568),legend หน้านี้,"(0.847, 0.573, 0.733)",51
เชียงใหม่,กฟส,กฟส.ดอยหล่อ,XS,เดิม (1 ต.ค. 2568),legend หน้านี้,"(0.996, 1.0, 0.996)",51
เชียงใหม่,กฟส,กฟส.แม่แจ่ม,XS,เดิม (1 ต.ค. 2568),legend หน้านี้,"(0.996, 1.0, 0.996)",51
เชียงใหม่,กฟส,กฟส.ดอยเต่า,XS,เดิม (1 ต.ค. 2568),legend หน้านี้,"(0.996, 1.0, 0.996)",51
เชียงใหม่,กฟส,กฟส.อมก๋อย,XS,เดิม (1 ต.ค. 2568),legend หน้านี้,"(0.996, 1.0, 0.996)",51
เชียงใหม่,กฟส,กฟส.บ่อหลวง,XS,เดิม (1 ต.ค. 2568),legend หน้านี้,"(0.996, 1.0, 0.996)",51
เชียงใหม่,กฟจ,กฟจ.เชียงใหม่,L,เดิม (1 ต.ค. 2568),legend หน้านี้,"(0.0, 0.439, 0.753)",51
เชียงใหม่,กฟส,กฟส.กัลยำณิวัฒนำ,XS,ใหม่ (1 ม.ค. 2569),legend หน้านี้,"(0.996, 1.0, 0.996)",51
ลำพูน,กฟส,กฟส.ป่าซาง,S,ใหม่ (1 ม.ค. 2569),exact,"(0.847, 0.573, 0.733)",52
ลำพูน,กฟส,กฟส.บ้านโฮ่ง,S,ใหม่ (1 ม.ค. 2569),exact,"(0.847, 0.573, 0.733)",52
ลำพูน,กฟส,กฟส.แม่ทา,XS,ใหม่ (1 ม.ค. 2569),exact,"(0.996, 1.0, 0.996)",52
ลำพูน,กฟส,กฟส.นครเจดีย์,XS,ใหม่ (1 ม.ค. 2569),exact,"(0.996, 1.0, 0.996)",52
ลำพูน,กฟส,กฟส.เวียงหนองล่อง,XS,ใหม่ (1 ม.ค. 2569),exact,"(0.996, 1.0, 0.996)",52
ลำพูน,กฟส,กฟส.ลี้,S,ใหม่ (1 ม.ค. 2569),exact,"(0.847, 0.573, 0.733)",52
ลำพูน,กฟส,กฟส.บ้านธิ,S,ใหม่ (1 ม.ค. 2569),exact,"(0.847, 0.573, 0.733)",52
ลำพูน,กฟส,กฟส.ทุ่งหัวช้าง,XS,ใหม่ (1 ม.ค. 2569),exact,"(0.996, 1.0, 0.996)",52
ลำพูน,กฟส,กฟส.แม่ตืน,XS,ใหม่ (1 ม.ค. 2569),exact,"(0.996, 1.0, 0.996)",52
ลำพูน,กฟจ,กฟจ.ลำพูน,S,ใหม่ (1 ม.ค. 2569),legend หน้านี้,"(1.0, 0.635, 0.016)",52
ลำพูน,กฟส,กฟส.ป่าซาง,S,เดิม (1 ต.ค. 2568),exact,"(0.847, 0.573, 0.733)",52
ลำพูน,กฟส,กฟส.บ้านโฮ่ง,S,เดิม (1 ต.ค. 2568),exact,"(0.847, 0.573, 0.733)",52
ลำพูน,กฟส,กฟส.แม่ทา,XS,เดิม (1 ต.ค. 2568),exact,"(0.996, 1.0, 0.996)",52
ลำพูน,กฟส,กฟส.นครเจดีย์,XS,เดิม (1 ต.ค. 2568),exact,"(0.996, 1.0, 0.996)",52
ลำพูน,กฟส,กฟส.เวียงหนองล่อง,XS,เดิม (1 ต.ค. 2568),exact,"(0.996, 1.0, 0.996)",52
ลำพูน,กฟส,กฟส.ลี้,S,เดิม (1 ต.ค. 2568),exact,"(0.847, 0.573, 0.733)",52
ลำพูน,กฟส,กฟส.บ้านธิ,S,เดิม (1 ต.ค. 2568),exact,"(0.847, 0.573, 0.733)",52
ลำพูน,กฟส,กฟส.ทุ่งหัวช้าง,XS,เดิม (1 ต.ค. 2568),exact,"(0.996, 1.0, 0.996)",52
ลำพูน,กฟส,กฟส.แม่ตืน,XS,เดิม (1 ต.ค. 2568),exact,"(0.996, 1.0, 0.996)",52
ลำพูน,กฟส,กฟส.เมืองลำพูน,L,เดิม (1 ต.ค. 2568),legend หน้านี้,"(0.431, 0.106, 0.416)",52
ลำปำง,กฟจ,กฟจ.ลำปำง,S,ใหม่ (1 ม.ค. 2569),legend หน้านี้,"(1.0, 0.635, 0.016)",54
ลำปำง,กฟส,กฟส.งำว,S,ใหม่ (1 ม.ค. 2569),exact,"(0.847, 0.573, 0.733)",54
ลำปำง,กฟส,กฟส.เถิน,S,ใหม่ (1 ม.ค. 2569),exact,"(0.847, 0.573, 0.733)",54
ลำปำง,กฟส,กฟส.พิชัย-บ้านเสด็จ,XS,ใหม่ (1 ม.ค. 2569),exact,"(0.996, 1.0, 0.996)",54
ลำปำง,กฟส,กฟส.เสริมงำม,XS,ใหม่ (1 ม.ค. 2569),exact,"(0.996, 1.0, 0.996)",54
ลำปำง,กฟส,กฟส.สบปรำบ,XS,ใหม่ (1 ม.ค. 2569),exact,"(0.996, 1.0, 0.996)",54
ลำปำง,กฟส,กฟส.แม่ทะ,S,ใหม่ (1 ม.ค. 2569),exact,"(0.847, 0.573, 0.733)",54
ลำปำง,กฟส,กฟส.ห้างฉัตร,S,ใหม่ (1 ม.ค. 2569),exact,"(0.847, 0.573, 0.733)",54
ลำปำง,กฟส,กฟส.แม่พริก,XS,ใหม่ (1 ม.ค. 2569),exact,"(0.996, 1.0, 0.996)",54
ลำปำง,กฟส,กฟส.เกำะคำ,M,ใหม่ (1 ม.ค. 2569),exact,"(1.0, 0.855, 0.612)",54
ลำปำง,กฟส,กฟส.วังเหนือ,XS,ใหม่ (1 ม.ค. 2569),exact,"(0.996, 1.0, 0.996)",54
ลำปำง,กฟส,กฟส.แม่เมาะ,XS,ใหม่ (1 ม.ค. 2569),exact,"(0.996, 1.0, 0.996)",54
ลำปำง,กฟส,กฟส.แจ้ห่ม,S,ใหม่ (1 ม.ค. 2569),exact,"(0.847, 0.573, 0.733)",54
ลำปำง,กฟส,กฟส.เมืองปำน,XS,ใหม่ (1 ม.ค. 2569),exact,"(0.996, 1.0, 0.996)",54
ลำปำง,กฟส,กฟส.เมืองลำปำง,L,เดิม (1 ต.ค. 2568),ใกล้เคียง (ตรวจซ้ำ),"(0.373, 0.18, 0.447)",54
ลำปำง,กฟส,กฟส.งำว,S,เดิม (1 ต.ค. 2568),exact,"(0.847, 0.573, 0.733)",54
ลำปำง,กฟส,กฟส.เถิน,S,เดิม (1 ต.ค. 2568),exact,"(0.847, 0.573, 0.733)",54
ลำปำง,กฟส,กฟส.พิชัย-บ้านเสด็จ,XS,เดิม (1 ต.ค. 2568),exact,"(0.996, 1.0, 0.996)",54
ลำปำง,กฟส,กฟส.เสริมงำม,XS,เดิม (1 ต.ค. 2568),exact,"(0.996, 1.0, 0.996)",54
ลำปำง,กฟส,กฟส.สบปรำบ,XS,เดิม (1 ต.ค. 2568),exact,"(0.996, 1.0, 0.996)",54
ลำปำง,กฟส,กฟส.แม่ทะ,S,เดิม (1 ต.ค. 2568),exact,"(0.847, 0.573, 0.733)",54
ลำปำง,กฟส,กฟส.ห้างฉัตร,S,เดิม (1 ต.ค. 2568),exact,"(0.847, 0.573, 0.733)",54
ลำปำง,กฟส,กฟส.แม่พริก,XS,เดิม (1 ต.ค. 2568),exact,"(0.996, 1.0, 0.996)",54
ลำปำง,กฟส,กฟส.เกำะคำ,M,เดิม (1 ต.ค. 2568),exact,"(1.0, 0.855, 0.612)",54
ลำปำง,กฟส,กฟส.วังเหนือ,XS,เดิม (1 ต.ค. 2568),exact,"(0.996, 1.0, 0.996)",54
ลำปำง,กฟส,กฟส.แม่เมาะ,XS,เดิม (1 ต.ค. 2568),exact,"(0.996, 1.0, 0.996)",54
ลำปำง,กฟส,กฟส.แจ้ห่ม,S,เดิม (1 ต.ค. 2568),exact,"(0.847, 0.573, 0.733)",54
ลำปำง,กฟส,กฟส.เมืองปำน,XS,เดิม (1 ต.ค. 2568),exact,"(0.996, 1.0, 0.996)",54
เชียงรำย,กฟจ,กฟจ.เชียงรำย,L,ใหม่ (1 ม.ค. 2569),exact,"(0.0, 0.439, 0.753)",56
เชียงรำย,กฟส,กฟส.เทิง,M,ใหม่ (1 ม.ค. 2569),exact,"(1.0, 0.855, 0.612)",56
เชียงรำย,กฟส,กฟส.นำงแล,S,ใหม่ (1 ม.ค. 2569),exact,"(0.847, 0.573, 0.733)",56
เชียงรำย,กฟส,กฟส.เวียงชัย,S,ใหม่ (1 ม.ค. 2569),exact,"(0.847, 0.573, 0.733)",56
เชียงรำย,กฟส,กฟส.เวียงป่าเป้า,S,ใหม่ (1 ม.ค. 2569),exact,"(0.847, 0.573, 0.733)",56
เชียงรำย,กฟส,กฟส.เวียงเชียงรุ้ง,XS,ใหม่ (1 ม.ค. 2569),exact,"(0.996, 1.0, 0.996)",56
เชียงรำย,กฟส,กฟส.แม่จัน,S,ใหม่ (1 ม.ค. 2569),exact,"(0.847, 0.573, 0.733)",56
เชียงรำย,กฟส,กฟส.เชียงของ,S,ใหม่ (1 ม.ค. 2569),exact,"(0.847, 0.573, 0.733)",56
เชียงรำย,กฟส,กฟส.บ้านเทอดไทย,XS,ใหม่ (1 ม.ค. 2569),exact,"(0.996, 1.0, 0.996)",56
เชียงรำย,กฟส,กฟส.พำน,M,ใหม่ (1 ม.ค. 2569),exact,"(1.0, 0.855, 0.612)",56
เชียงรำย,กฟส,กฟส.แม่สาย,M,ใหม่ (1 ม.ค. 2569),exact,"(1.0, 0.855, 0.612)",56
เชียงรำย,กฟส,กฟส.ห้วยสัก,XS,ใหม่ (1 ม.ค. 2569),exact,"(0.996, 1.0, 0.996)",56
เชียงรำย,กฟส,กฟส.แม่ฟ้าหลวง,S,ใหม่ (1 ม.ค. 2569),exact,"(0.847, 0.573, 0.733)",56
เชียงรำย,กฟส,กฟส.แม่สลองนอก,XS,ใหม่ (1 ม.ค. 2569),exact,"(0.996, 1.0, 0.996)",56
เชียงรำย,กฟส,กฟส.เวียงแก่น,XS,ใหม่ (1 ม.ค. 2569),exact,"(0.996, 1.0, 0.996)",56
เชียงรำย,กฟส,กฟส.ขุนตำล,XS,ใหม่ (1 ม.ค. 2569),exact,"(0.996, 1.0, 0.996)",56
เชียงรำย,กฟส,กฟส.พญำเม็งรำย,XS,ใหม่ (1 ม.ค. 2569),exact,"(0.996, 1.0, 0.996)",56
เชียงรำย,กฟส,กฟส.แม่ลาว,S,ใหม่ (1 ม.ค. 2569),exact,"(0.847, 0.573, 0.733)",56
เชียงรำย,กฟส,กฟส.แม่สรวย,S,ใหม่ (1 ม.ค. 2569),exact,"(0.847, 0.573, 0.733)",56
เชียงรำย,กฟส,กฟส.ป่าแดด,XS,ใหม่ (1 ม.ค. 2569),exact,"(0.996, 1.0, 0.996)",56
เชียงรำย,กฟส,กฟส.เชียงแสน,S,ใหม่ (1 ม.ค. 2569),exact,"(0.847, 0.573, 0.733)",56
เชียงรำย,กฟส,กฟส.ดอยหลวง,XS,ใหม่ (1 ม.ค. 2569),exact,"(0.996, 1.0, 0.996)",56
เชียงรำย,กฟส,กฟส.ดอยตุง,XS,ใหม่ (1 ม.ค. 2569),exact,"(0.996, 1.0, 0.996)",56
เชียงรำย,กฟส,กฟส.เมืองเชียงรำย,L,เดิม (1 ต.ค. 2568),exact,"(0.431, 0.106, 0.416)",56
เชียงรำย,กฟส,กฟส.เทิง,M,เดิม (1 ต.ค. 2568),exact,"(1.0, 0.855, 0.612)",56
เชียงรำย,กฟส,กฟส.นำงแล,S,เดิม (1 ต.ค. 2568),exact,"(0.847, 0.573, 0.733)",56
เชียงรำย,กฟส,กฟส.เวียงชัย,S,เดิม (1 ต.ค. 2568),exact,"(0.847, 0.573, 0.733)",56
เชียงรำย,กฟส,กฟส.เวียงป่าเป้า,S,เดิม (1 ต.ค. 2568),exact,"(0.847, 0.573, 0.733)",56
เชียงรำย,กฟส,กฟส.เวียงเชียงรุ้ง,XS,เดิม (1 ต.ค. 2568),exact,"(0.996, 1.0, 0.996)",56
เชียงรำย,กฟส,กฟส.แม่จัน,S,เดิม (1 ต.ค. 2568),exact,"(0.847, 0.573, 0.733)",56
เชียงรำย,กฟส,กฟส.เชียงของ,S,เดิม (1 ต.ค. 2568),exact,"(0.847, 0.573, 0.733)",56
เชียงรำย,กฟส,กฟส.บ้านเทอดไทย,XS,เดิม (1 ต.ค. 2568),exact,"(0.996, 1.0, 0.996)",56
เชียงรำย,กฟส,กฟส.พำน,M,เดิม (1 ต.ค. 2568),exact,"(1.0, 0.855, 0.612)",56
เชียงรำย,กฟส,กฟส.แม่สาย,M,เดิม (1 ต.ค. 2568),exact,"(1.0, 0.855, 0.612)",56
เชียงรำย,กฟส,กฟส.ห้วยสัก,XS,เดิม (1 ต.ค. 2568),exact,"(0.996, 1.0, 0.996)",56
เชียงรำย,กฟส,กฟส.แม่ฟ้าหลวง,S,เดิม (1 ต.ค. 2568),exact,"(0.847, 0.573, 0.733)",56
เชียงรำย,กฟส,กฟส.แม่สลองนอก,XS,เดิม (1 ต.ค. 2568),exact,"(0.996, 1.0, 0.996)",56
เชียงรำย,กฟส,กฟส.เวียงแก่น,XS,เดิม (1 ต.ค. 2568),exact,"(0.996, 1.0, 0.996)",56
เชียงรำย,กฟส,กฟส.ขุนตำล,XS,เดิม (1 ต.ค. 2568),exact,"(0.996, 1.0, 0.996)",56
เชียงรำย,กฟส,กฟส.พญำเม็งรำย,XS,เดิม (1 ต.ค. 2568),exact,"(0.996, 1.0, 0.996)",56
เชียงรำย,กฟส,กฟส.แม่ลาว,S,เดิม (1 ต.ค. 2568),exact,"(0.847, 0.573, 0.733)",56
เชียงรำย,กฟส,กฟส.แม่สรวย,S,เดิม (1 ต.ค. 2568),exact,"(0.847, 0.573, 0.733)",56
เชียงรำย,กฟส,กฟส.ป่าแดด,XS,เดิม (1 ต.ค. 2568),exact,"(0.996, 1.0, 0.996)",56
เชียงรำย,กฟส,กฟส.เชียงแสน,S,เดิม (1 ต.ค. 2568),exact,"(0.847, 0.573, 0.733)",56
เชียงรำย,กฟส,กฟส.ดอยหลวง,XS,เดิม (1 ต.ค. 2568),exact,"(0.996, 1.0, 0.996)",56
เชียงรำย,กฟส,กฟส.ดอยตุง,XS,เดิม (1 ต.ค. 2568),exact,"(0.996, 1.0, 0.996)",56
แม่ฮ่องสอน,กฟส,กฟส.แม่สะเรียง,S,ใหม่ (1 ม.ค. 2569),exact,"(0.847, 0.573, 0.733)",58
แม่ฮ่องสอน,กฟส,กฟส.ปำย,S,ใหม่ (1 ม.ค. 2569),exact,"(0.847, 0.573, 0.733)",58
แม่ฮ่องสอน,กฟส,กฟส.แม่ลาน้อย,XS,ใหม่ (1 ม.ค. 2569),exact,"(0.996, 1.0, 0.996)",58
แม่ฮ่องสอน,กฟส,กฟส.ขุนยวม,XS,ใหม่ (1 ม.ค. 2569),exact,"(0.996, 1.0, 0.996)",58
แม่ฮ่องสอน,กฟส,กฟส.สบเมย,XS,ใหม่ (1 ม.ค. 2569),exact,"(0.996, 1.0, 0.996)",58
แม่ฮ่องสอน,กฟส,กฟส.ปางมะผ้า,XS,ใหม่ (1 ม.ค. 2569),exact,"(0.996, 1.0, 0.996)",58
แม่ฮ่องสอน,กฟจ,กฟจ.แม่ฮ่องสอน,S,ใหม่ (1 ม.ค. 2569),legend หน้านี้,"(1.0, 0.635, 0.016)",58
แม่ฮ่องสอน,กฟส,กฟส.แม่สะเรียง,S,เดิม (1 ต.ค. 2568),exact,"(0.847, 0.573, 0.733)",58
แม่ฮ่องสอน,กฟส,กฟส.ปำย,S,เดิม (1 ต.ค. 2568),exact,"(0.847, 0.573, 0.733)",58
แม่ฮ่องสอน,กฟส,กฟส.แม่ลาน้อย,XS,เดิม (1 ต.ค. 2568),exact,"(0.996, 1.0, 0.996)",58
แม่ฮ่องสอน,กฟส,กฟส.ขุนยวม,XS,เดิม (1 ต.ค. 2568),exact,"(0.996, 1.0, 0.996)",58
แม่ฮ่องสอน,กฟส,กฟส.สบเมย,XS,เดิม (1 ต.ค. 2568),exact,"(0.996, 1.0, 0.996)",58
แม่ฮ่องสอน,กฟส,กฟส.ปางมะผ้า,XS,เดิม (1 ต.ค. 2568),exact,"(0.996, 1.0, 0.996)",58
แม่ฮ่องสอน,กฟส,กฟส.กัลยำณิวัฒนำ,XS,เดิม (1 ต.ค. 2568),exact,"(0.996, 1.0, 0.996)",58
แม่ฮ่องสอน,กฟจ,กฟจ.แม่ฮ่องสอน,S,เดิม (1 ต.ค. 2568),legend หน้านี้,"(1.0, 0.635, 0.016)",58
พะเยำ,กฟจ,กฟจ.พะเยำ,S,ใหม่ (1 ม.ค. 2569),exact,"(1.0, 0.635, 0.016)",59
พะเยำ,กฟส,กฟส.เชียงคำ,S,ใหม่ (1 ม.ค. 2569),exact,"(0.847, 0.573, 0.733)",59
พะเยำ,กฟส,กฟส.จุน,S,ใหม่ (1 ม.ค. 2569),exact,"(0.847, 0.573, 0.733)",59
พะเยำ,กฟส,กฟส.ภูกำมยำว,XS,ใหม่ (1 ม.ค. 2569),exact,"(0.996, 1.0, 0.996)",59
พะเยำ,กฟส,กฟส.แม่ใจ,XS,ใหม่ (1 ม.ค. 2569),exact,"(0.996, 1.0, 0.996)",59
พะเยำ,กฟส,กฟส.แม่กา,XS,ใหม่ (1 ม.ค. 2569),exact,"(0.996, 1.0, 0.996)",59
พะเยำ,กฟส,กฟส.ปง,XS,ใหม่ (1 ม.ค. 2569),exact,"(0.996, 1.0, 0.996)",59
พะเยำ,กฟส,กฟส.เชียงม่วน,XS,ใหม่ (1 ม.ค. 2569),exact,"(0.996, 1.0, 0.996)",59
พะเยำ,กฟส,กฟส.ดอกคำใต้,S,ใหม่ (1 ม.ค. 2569),exact,"(0.847, 0.573, 0.733)",59
พะเยำ,กฟส,กฟส.ภูซำง,XS,ใหม่ (1 ม.ค. 2569),exact,"(0.996, 1.0, 0.996)",59
พะเยำ,กฟส,กฟส.เมืองพะเยำ,M,เดิม (1 ต.ค. 2568),exact,"(1.0, 0.855, 0.612)",59
พะเยำ,กฟส,กฟส.เชียงคำ,S,เดิม (1 ต.ค. 2568),exact,"(0.847, 0.573, 0.733)",59
พะเยำ,กฟส,กฟส.จุน,S,เดิม (1 ต.ค. 2568),exact,"(0.847, 0.573, 0.733)",59
พะเยำ,กฟส,กฟส.แม่ใจ,XS,เดิม (1 ต.ค. 2568),exact,"(0.996, 1.0, 0.996)",59
พะเยำ,กฟส,กฟส.แม่กา,XS,เดิม (1 ต.ค. 2568),exact,"(0.996, 1.0, 0.996)",59
พะเยำ,กฟส,กฟส.ปง,XS,เดิม (1 ต.ค. 2568),exact,"(0.996, 1.0, 0.996)",59
พะเยำ,กฟส,กฟส.เชียงม่วน,XS,เดิม (1 ต.ค. 2568),exact,"(0.996, 1.0, 0.996)",59
พะเยำ,กฟส,กฟส.ดอกคำใต้,S,เดิม (1 ต.ค. 2568),exact,"(0.847, 0.573, 0.733)",59
พะเยำ,กฟส,กฟส.ภูซำง,XS,เดิม (1 ต.ค. 2568),exact,"(0.996, 1.0, 0.996)",59
พะเยำ,กฟส,กฟส.ภูกำมยำว,XS,เดิม (1 ต.ค. 2568),exact,"(0.996, 1.0, 0.996)",59
พิษณุโลก,กฟจ,กฟจ.พิษณุโลก,L,ใหม่ (1 ม.ค. 2569),exact,"(0.0, 0.439, 0.753)",61
พิษณุโลก,กฟส,กฟส.วัดโบสถ์,S,ใหม่ (1 ม.ค. 2569),exact,"(0.847, 0.573, 0.733)",61
พิษณุโลก,กฟส,กฟส.พรหมพิรำม,S,ใหม่ (1 ม.ค. 2569),exact,"(0.847, 0.573, 0.733)",61
พิษณุโลก,กฟส,กฟส.นครไทย,S,ใหม่ (1 ม.ค. 2569),exact,"(0.847, 0.573, 0.733)",61
พิษณุโลก,กฟส,กฟส.วังทอง,S,ใหม่ (1 ม.ค. 2569),exact,"(0.847, 0.573, 0.733)",61
พิษณุโลก,กฟส,กฟส.บำงระกำ,S,ใหม่ (1 ม.ค. 2569),exact,"(0.847, 0.573, 0.733)",61
พิษณุโลก,กฟส,กฟส.บางกระทุ่ม,S,ใหม่ (1 ม.ค. 2569),exact,"(0.847, 0.573, 0.733)",61
พิษณุโลก,กฟส,กฟส.วงฆ้อง,XS,ใหม่ (1 ม.ค. 2569),exact,"(0.996, 1.0, 0.996)",61
พิษณุโลก,กฟส,กฟส.บ้านแยง,XS,ใหม่ (1 ม.ค. 2569),exact,"(0.996, 1.0, 0.996)",61
พิษณุโลก,กฟส,กฟส.ชำติตระกำร,XS,ใหม่ (1 ม.ค. 2569),exact,"(0.996, 1.0, 0.996)",61
พิษณุโลก,กฟส,กฟส.หนองพระ,XS,ใหม่ (1 ม.ค. 2569),exact,"(0.996, 1.0, 0.996)",61
พิษณุโลก,กฟส,กฟส.เนินมะปรำง,XS,ใหม่ (1 ม.ค. 2569),exact,"(0.996, 1.0, 0.996)",61
พิษณุโลก,กฟส,กฟส.บ้านทรัพย์ไพรวัลย์,XS,ใหม่ (1 ม.ค. 2569),exact,"(0.996, 1.0, 0.996)",61
พิษณุโลก,กฟส,กฟส.บ้านทุ่งอ้ายโห้,XS,ใหม่ (1 ม.ค. 2569),exact,"(0.996, 1.0, 0.996)",61
พิษณุโลก,กฟส,กฟส.บ้านใหม่,XS,ใหม่ (1 ม.ค. 2569),exact,"(0.996, 1.0, 0.996)",61
พิษณุโลก,กฟส,กฟส.เมืองพิษณุโลก,L,เดิม (1 ต.ค. 2568),exact,"(0.431, 0.106, 0.416)",61
พิษณุโลก,กฟส,กฟส.วัดโบสถ์,S,เดิม (1 ต.ค. 2568),exact,"(0.847, 0.573, 0.733)",61
พิษณุโลก,กฟส,กฟส.พรหมพิรำม,S,เดิม (1 ต.ค. 2568),exact,"(0.847, 0.573, 0.733)",61
พิษณุโลก,กฟส,กฟส.นครไทย,S,เดิม (1 ต.ค. 2568),exact,"(0.847, 0.573, 0.733)",61
พิษณุโลก,กฟส,กฟส.วังทอง,S,เดิม (1 ต.ค. 2568),exact,"(0.847, 0.573, 0.733)",61
พิษณุโลก,กฟส,กฟส.บำงระกำ,S,เดิม (1 ต.ค. 2568),exact,"(0.847, 0.573, 0.733)",61
พิษณุโลก,กฟส,กฟส.บางกระทุ่ม,S,เดิม (1 ต.ค. 2568),exact,"(0.847, 0.573, 0.733)",61
น่าน,กฟจ,กฟจ.น่าน,S,ใหม่ (1 ม.ค. 2569),exact,"(1.0, 0.635, 0.016)",63
น่าน,กฟส,กฟส.เวียงสำ,S,ใหม่ (1 ม.ค. 2569),exact,"(0.847, 0.573, 0.733)",63
น่าน,กฟส,กฟส.สองแคว,XS,ใหม่ (1 ม.ค. 2569),exact,"(0.996, 1.0, 0.996)",63
น่าน,กฟส,กฟส.นาน้อย,XS,ใหม่ (1 ม.ค. 2569),exact,"(0.996, 1.0, 0.996)",63
น่าน,กฟส,กฟส.นำหมื่น,XS,ใหม่ (1 ม.ค. 2569),exact,"(0.996, 1.0, 0.996)",63
น่าน,กฟส,กฟส.ท่าวังผา,XS,ใหม่ (1 ม.ค. 2569),exact,"(0.996, 1.0, 0.996)",63
น่าน,กฟส,กฟส.บ้านหลวง,XS,ใหม่ (1 ม.ค. 2569),exact,"(0.996, 1.0, 0.996)",63
น่าน,กฟส,กฟส.สันติสุข,XS,ใหม่ (1 ม.ค. 2569),exact,"(0.996, 1.0, 0.996)",63
น่าน,กฟส,กฟส.แม่จริม,XS,ใหม่ (1 ม.ค. 2569),exact,"(0.996, 1.0, 0.996)",63
น่าน,กฟส,กฟส.เชียงกลำง,XS,ใหม่ (1 ม.ค. 2569),exact,"(0.996, 1.0, 0.996)",63
น่าน,กฟส,กฟส.เฉลิมพระเกียรติ,XS,ใหม่ (1 ม.ค. 2569),exact,"(0.996, 1.0, 0.996)",63
น่าน,กฟส,กฟส.ทุ่งช้าง,XS,ใหม่ (1 ม.ค. 2569),exact,"(0.996, 1.0, 0.996)",63
น่าน,กฟส,กฟส.บ่อเกลือ,XS,ใหม่ (1 ม.ค. 2569),exact,"(0.996, 1.0, 0.996)",63
น่าน,กฟส,กฟส.ปัว,S,ใหม่ (1 ม.ค. 2569),exact,"(0.847, 0.573, 0.733)",63
น่าน,กฟส,กฟส.เมืองน่าน,L,เดิม (1 ต.ค. 2568),exact,"(0.431, 0.106, 0.416)",63
น่าน,กฟส,กฟส.เวียงสำ,S,เดิม (1 ต.ค. 2568),exact,"(0.847, 0.573, 0.733)",63
น่าน,กฟส,กฟส.สองแคว,XS,เดิม (1 ต.ค. 2568),exact,"(0.996, 1.0, 0.996)",63
น่าน,กฟส,กฟส.นาน้อย,XS,เดิม (1 ต.ค. 2568),exact,"(0.996, 1.0, 0.996)",63
น่าน,กฟส,กฟส.นำหมื่น,XS,เดิม (1 ต.ค. 2568),exact,"(0.996, 1.0, 0.996)",63
น่าน,กฟส,กฟส.ท่าวังผา,XS,เดิม (1 ต.ค. 2568),exact,"(0.996, 1.0, 0.996)",63
น่าน,กฟส,กฟส.บ้านหลวง,XS,เดิม (1 ต.ค. 2568),exact,"(0.996, 1.0, 0.996)",63
น่าน,กฟส,กฟส.สันติสุข,XS,เดิม (1 ต.ค. 2568),exact,"(0.996, 1.0, 0.996)",63
น่าน,กฟส,กฟส.แม่จริม,XS,เดิม (1 ต.ค. 2568),exact,"(0.996, 1.0, 0.996)",63
น่าน,กฟส,กฟส.เชียงกลำง,XS,เดิม (1 ต.ค. 2568),exact,"(0.996, 1.0, 0.996)",63
น่าน,กฟส,กฟส.เฉลิมพระเกียรติ,XS,เดิม (1 ต.ค. 2568),exact,"(0.996, 1.0, 0.996)",63
น่าน,กฟส,กฟส.ทุ่งช้าง,XS,เดิม (1 ต.ค. 2568),exact,"(0.996, 1.0, 0.996)",63
น่าน,กฟส,กฟส.บ่อเกลือ,XS,เดิม (1 ต.ค. 2568),exact,"(0.996, 1.0, 0.996)",63
น่าน,กฟส,กฟส.ปัว,S,เดิม (1 ต.ค. 2568),exact,"(0.847, 0.573, 0.733)",63
อุตรดิตถ์,กฟจ,กฟจ.อุตรดิตถ์,S,ใหม่ (1 ม.ค. 2569),exact,"(1.0, 0.635, 0.016)",64
อุตรดิตถ์,กฟส,กฟส.ตรอน,XS,ใหม่ (1 ม.ค. 2569),exact,"(0.996, 1.0, 0.996)",64
อุตรดิตถ์,กฟส,กฟส.ทองแสนขัน,XS,ใหม่ (1 ม.ค. 2569),exact,"(0.996, 1.0, 0.996)",64
อุตรดิตถ์,กฟส,กฟส.ท่าปลา,XS,ใหม่ (1 ม.ค. 2569),exact,"(0.996, 1.0, 0.996)",64
อุตรดิตถ์,กฟส,กฟส.ลับแล,XS,ใหม่ (1 ม.ค. 2569),exact,"(0.996, 1.0, 0.996)",64
อุตรดิตถ์,กฟส,กฟส.พิชัย,S,ใหม่ (1 ม.ค. 2569),exact,"(0.847, 0.573, 0.733)",64
อุตรดิตถ์,กฟส,กฟส.น้ำปำด,S,ใหม่ (1 ม.ค. 2569),exact,"(0.847, 0.573, 0.733)",64
อุตรดิตถ์,กฟส,กฟส.ฟากท่า,XS,ใหม่ (1 ม.ค. 2569),exact,"(0.996, 1.0, 0.996)",64
อุตรดิตถ์,กฟส,กฟส.บ้านโคก,XS,ใหม่ (1 ม.ค. 2569),exact,"(0.996, 1.0, 0.996)",64
อุตรดิตถ์,กฟส,กฟส.เมืองอุตรดิตถ์,L,เดิม (1 ต.ค. 2568),exact,"(0.431, 0.106, 0.416)",64
อุตรดิตถ์,กฟส,กฟส.ตรอน,XS,เดิม (1 ต.ค. 2568),exact,"(0.996, 1.0, 0.996)",64
อุตรดิตถ์,กฟส,กฟส.ทองแสนขัน,XS,เดิม (1 ต.ค. 2568),exact,"(0.996, 1.0, 0.996)",64
อุตรดิตถ์,กฟส,กฟส.ท่าปลา,XS,เดิม (1 ต.ค. 2568),exact,"(0.996, 1.0, 0.996)",64
อุตรดิตถ์,กฟส,กฟส.ลับแล,XS,เดิม (1 ต.ค. 2568),exact,"(0.996, 1.0, 0.996)",64
อุตรดิตถ์,กฟส,กฟส.พิชัย,S,เดิม (1 ต.ค. 2568),exact,"(0.847, 0.573, 0.733)",64
อุตรดิตถ์,กฟส,กฟส.น้ำปำด,S,เดิม (1 ต.ค. 2568),exact,"(0.847, 0.573, 0.733)",64
อุตรดิตถ์,กฟส,กฟส.ฟากท่า,XS,เดิม (1 ต.ค. 2568),exact,"(0.996, 1.0, 0.996)",64
อุตรดิตถ์,กฟส,กฟส.บ้านโคก,XS,เดิม (1 ต.ค. 2568),exact,"(0.996, 1.0, 0.996)",64
สุโขทัย,กฟจ,กฟจ.สุโขทัย,S,ใหม่ (1 ม.ค. 2569),exact,"(1.0, 0.635, 0.016)",65
สุโขทัย,กฟส,กฟส.บ้านด่านลานหอย,XS,ใหม่ (1 ม.ค. 2569),exact,"(0.996, 1.0, 0.996)",65
สุโขทัย,กฟส,กฟส.คีรีมำศ,XS,ใหม่ (1 ม.ค. 2569),exact,"(0.996, 1.0, 0.996)",65
สุโขทัย,กฟส,กฟส.กงไกรลำศ,S,ใหม่ (1 ม.ค. 2569),exact,"(0.847, 0.573, 0.733)",65
สุโขทัย,กฟส,กฟส.ศรีสำโรง,S,ใหม่ (1 ม.ค. 2569),exact,"(0.847, 0.573, 0.733)",65
สุโขทัย,กฟส,กฟส.ศรีสัชนำลัย,S,ใหม่ (1 ม.ค. 2569),exact,"(0.847, 0.573, 0.733)",65
สุโขทัย,กฟส,กฟส.ทุ่งเสลี่ยม,S,ใหม่ (1 ม.ค. 2569),exact,"(0.847, 0.573, 0.733)",65
สุโขทัย,กฟส,กฟส.ศรีนคร,XS,ใหม่ (1 ม.ค. 2569),exact,"(0.996, 1.0, 0.996)",65
สุโขทัย,กฟส,กฟส.สวรรคโลก,M,ใหม่ (1 ม.ค. 2569),exact,"(1.0, 0.855, 0.612)",65
สุโขทัย,กฟส,กฟส.เมืองสุโขทัย,M,เดิม (1 ต.ค. 2568),exact,"(1.0, 0.855, 0.612)",65
สุโขทัย,กฟส,กฟส.บ้านด่านลานหอย,XS,เดิม (1 ต.ค. 2568),exact,"(0.996, 1.0, 0.996)",65
สุโขทัย,กฟส,กฟส.คีรีมำศ,XS,เดิม (1 ต.ค. 2568),exact,"(0.996, 1.0, 0.996)",65
สุโขทัย,กฟส,กฟส.กงไกรลำศ,S,เดิม (1 ต.ค. 2568),exact,"(0.847, 0.573, 0.733)",65
สุโขทัย,กฟส,กฟส.ศรีสำโรง,S,เดิม (1 ต.ค. 2568),exact,"(0.847, 0.573, 0.733)",65
สุโขทัย,กฟส,กฟส.ศรีสัชนำลัย,S,เดิม (1 ต.ค. 2568),exact,"(0.847, 0.573, 0.733)",65
สุโขทัย,กฟส,กฟส.ทุ่งเสลี่ยม,S,เดิม (1 ต.ค. 2568),exact,"(0.847, 0.573, 0.733)",65
สุโขทัย,กฟส,กฟส.ศรีนคร,XS,เดิม (1 ต.ค. 2568),exact,"(0.996, 1.0, 0.996)",65
สุโขทัย,กฟส,กฟส.สวรรคโลก,M,เดิม (1 ต.ค. 2568),exact,"(1.0, 0.855, 0.612)",65
แพร่,กฟจ,กฟจ.แพร่,S,ใหม่ (1 ม.ค. 2569),legend หน้านี้,"(1.0, 0.635, 0.016)",66
แพร่,กฟส,กฟส.สอง,S,ใหม่ (1 ม.ค. 2569),legend หน้านี้,"(0.847, 0.573, 0.733)",66
แพร่,กฟส,กฟส.ร้องกวาง,S,ใหม่ (1 ม.ค. 2569),legend หน้านี้,"(0.847, 0.573, 0.733)",66
แพร่,กฟส,กฟส.สูงเม่น,S,ใหม่ (1 ม.ค. 2569),legend หน้านี้,"(0.847, 0.573, 0.733)",66
แพร่,กฟส,กฟส.ลอง,S,ใหม่ (1 ม.ค. 2569),legend หน้านี้,"(0.847, 0.573, 0.733)",66
แพร่,กฟส,กฟส.หนองม่วงไข่,S,ใหม่ (1 ม.ค. 2569),legend หน้านี้,"(0.847, 0.573, 0.733)",66
แพร่,กฟส,กฟส.เด่นชัย,S,ใหม่ (1 ม.ค. 2569),legend หน้านี้,"(0.847, 0.573, 0.733)",66
แพร่,กฟส,กฟส.วังชิ้น,S,ใหม่ (1 ม.ค. 2569),legend หน้านี้,"(0.847, 0.573, 0.733)",66
แพร่,กฟส,กฟส.เมืองแพร่,L,เดิม (1 ต.ค. 2568),legend หน้านี้,"(0.431, 0.106, 0.416)",66
แพร่,กฟส,กฟส.สอง,S,เดิม (1 ต.ค. 2568),legend หน้านี้,"(0.847, 0.573, 0.733)",66
แพร่,กฟส,กฟส.ร้องกวาง,S,เดิม (1 ต.ค. 2568),legend หน้านี้,"(0.847, 0.573, 0.733)",66
แพร่,กฟส,กฟส.สูงเม่น,S,เดิม (1 ต.ค. 2568),legend หน้านี้,"(0.847, 0.573, 0.733)",66
แพร่,กฟส,กฟส.ลอง,S,เดิม (1 ต.ค. 2568),legend หน้านี้,"(0.847, 0.573, 0.733)",66
แพร่,กฟส,กฟส.หนองม่วงไข่,S,เดิม (1 ต.ค. 2568),legend หน้านี้,"(0.847, 0.573, 0.733)",66
แพร่,กฟส,กฟส.เด่นชัย,S,เดิม (1 ต.ค. 2568),legend หน้านี้,"(0.847, 0.573, 0.733)",66
แพร่,กฟส,กฟส.วังชิ้น,S,เดิม (1 ต.ค. 2568),legend หน้านี้,"(0.847, 0.573, 0.733)",66
พิจิตร,กฟจ,กฟจ.พิจิตร,S,ใหม่ (1 ม.ค. 2569),exact,"(1.0, 0.635, 0.016)",67
พิจิตร,กฟส,กฟส.สำกเหล็ก,XS,ใหม่ (1 ม.ค. 2569),exact,"(0.996, 1.0, 0.996)",67
พิจิตร,กฟส,กฟส.วังทรำยพูน,XS,ใหม่ (1 ม.ค. 2569),exact,"(0.996, 1.0, 0.996)",67
พิจิตร,กฟส,กฟส.โพธิ์ประทับช้าง,XS,ใหม่ (1 ม.ค. 2569),exact,"(0.996, 1.0, 0.996)",67
พิจิตร,กฟส,กฟส.วชิรบำรมี,S,ใหม่ (1 ม.ค. 2569),exact,"(0.847, 0.573, 0.733)",67
พิจิตร,กฟส,กฟส.บำงมูลนำก,S,ใหม่ (1 ม.ค. 2569),exact,"(0.847, 0.573, 0.733)",67
พิจิตร,กฟส,กฟส.ทับคล้อ,S,ใหม่ (1 ม.ค. 2569),exact,"(0.847, 0.573, 0.733)",67
พิจิตร,กฟส,กฟส.บึงนำรำง,XS,ใหม่ (1 ม.ค. 2569),exact,"(0.996, 1.0, 0.996)",67
พิจิตร,กฟส,กฟส.โพทะเล,S,ใหม่ (1 ม.ค. 2569),exact,"(0.847, 0.573, 0.733)",67
พิจิตร,กฟส,กฟส.ดงเจริญ,XS,ใหม่ (1 ม.ค. 2569),exact,"(0.996, 1.0, 0.996)",67
พิจิตร,กฟส,กฟส.ตะพำนหิน,M,ใหม่ (1 ม.ค. 2569),exact,"(1.0, 0.855, 0.612)",67
พิจิตร,กฟส,กฟส.เมืองพิจิตร,M,เดิม (1 ต.ค. 2568),exact,"(1.0, 0.855, 0.612)",67
พิจิตร,กฟส,กฟส.สำกเหล็ก,XS,เดิม (1 ต.ค. 2568),exact,"(0.996, 1.0, 0.996)",67
พิจิตร,กฟส,กฟส.วังทรำยพูน,XS,เดิม (1 ต.ค. 2568),exact,"(0.996, 1.0, 0.996)",67
พิจิตร,กฟส,กฟส.โพธิ์ประทับช้าง,XS,เดิม (1 ต.ค. 2568),exact,"(0.996, 1.0, 0.996)",67
พิจิตร,กฟส,กฟส.วชิรบำรมี,S,เดิม (1 ต.ค. 2568),exact,"(0.847, 0.573, 0.733)",67
พิจิตร,กฟส,กฟส.บำงมูลนำก,S,เดิม (1 ต.ค. 2568),exact,"(0.847, 0.573, 0.733)",67
พิจิตร,กฟส,กฟส.ทับคล้อ,S,เดิม (1 ต.ค. 2568),exact,"(0.847, 0.573, 0.733)",67
พิจิตร,กฟส,กฟส.บึงนำรำง,XS,เดิม (1 ต.ค. 2568),exact,"(0.996, 1.0, 0.996)",67
พิจิตร,กฟส,กฟส.โพทะเล,S,เดิม (1 ต.ค. 2568),exact,"(0.847, 0.573, 0.733)",67
พิจิตร,กฟส,กฟส.ดงเจริญ,XS,เดิม (1 ต.ค. 2568),exact,"(0.996, 1.0, 0.996)",67
พิจิตร,กฟส,กฟส.ตะพำนหิน,M,เดิม (1 ต.ค. 2568),exact,"(1.0, 0.855, 0.612)",67
กำแพงเพชร,กฟจ,กฟจ.กำแพงเพชร,S,ใหม่ (1 ม.ค. 2569),exact,"(1.0, 0.635, 0.016)",73
กำแพงเพชร,กฟส,กฟส.โกสัมพีนคร,XS,ใหม่ (1 ม.ค. 2569),exact,"(0.996, 1.0, 0.996)",73
กำแพงเพชร,กฟส,กฟส.ปำงศิลำทอง,XS,ใหม่ (1 ม.ค. 2569),exact,"(0.996, 1.0, 0.996)",73
กำแพงเพชร,กฟส,กฟส.คลองลำน,S,ใหม่ (1 ม.ค. 2569),exact,"(0.847, 0.573, 0.733)",73
กำแพงเพชร,กฟส,กฟส.ไทรงำม,XS,ใหม่ (1 ม.ค. 2569),exact,"(0.996, 1.0, 0.996)",73
กำแพงเพชร,กฟส,กฟส.ทรำยทองวัฒนำ,XS,ใหม่ (1 ม.ค. 2569),exact,"(0.996, 1.0, 0.996)",73
กำแพงเพชร,กฟส,กฟส.บึงสำมัคคี,XS,ใหม่ (1 ม.ค. 2569),exact,"(0.996, 1.0, 0.996)",73
กำแพงเพชร,กฟส,กฟส.ขำณุวรลักษบุรี,M,ใหม่ (1 ม.ค. 2569),exact,"(1.0, 0.855, 0.612)",73
กำแพงเพชร,กฟส,กฟส.พรานกระต่าย,S,ใหม่ (1 ม.ค. 2569),exact,"(0.847, 0.573, 0.733)",73
กำแพงเพชร,กฟส,กฟส.ลำนกระบือ,S,ใหม่ (1 ม.ค. 2569),exact,"(0.847, 0.573, 0.733)",73
กำแพงเพชร,กฟส,กฟส.คลองขลุง,S,ใหม่ (1 ม.ค. 2569),exact,"(0.847, 0.573, 0.733)",73
กำแพงเพชร,กฟส,กฟส.เมืองกำแพงเพชร,L,เดิม (1 ต.ค. 2568),exact,"(0.431, 0.106, 0.416)",73
กำแพงเพชร,กฟส,กฟส.โกสัมพีนคร,XS,เดิม (1 ต.ค. 2568),exact,"(0.996, 1.0, 0.996)",73
กำแพงเพชร,กฟส,กฟส.ปำงศิลำทอง,XS,เดิม (1 ต.ค. 2568),exact,"(0.996, 1.0, 0.996)",73
กำแพงเพชร,กฟส,กฟส.คลองลำน,S,เดิม (1 ต.ค. 2568),exact,"(0.847, 0.573, 0.733)",73
กำแพงเพชร,กฟส,กฟส.ไทรงำม,XS,เดิม (1 ต.ค. 2568),exact,"(0.996, 1.0, 0.996)",73
กำแพงเพชร,กฟส,กฟส.ทรำยทองวัฒนำ,XS,เดิม (1 ต.ค. 2568),exact,"(0.996, 1.0, 0.996)",73
กำแพงเพชร,กฟส,กฟส.บึงสำมัคคี,XS,เดิม (1 ต.ค. 2568),exact,"(0.996, 1.0, 0.996)",73
กำแพงเพชร,กฟส,กฟส.ขำณุวรลักษบุรี,M,เดิม (1 ต.ค. 2568),exact,"(1.0, 0.855, 0.612)",73
กำแพงเพชร,กฟส,กฟส.พรานกระต่าย,S,เดิม (1 ต.ค. 2568),exact,"(0.847, 0.573, 0.733)",73
กำแพงเพชร,กฟส,กฟส.ลำนกระบือ,S,เดิม (1 ต.ค. 2568),exact,"(0.847, 0.573, 0.733)",73
กำแพงเพชร,กฟส,กฟส.คลองขลุง,S,เดิม (1 ต.ค. 2568),exact,"(0.847, 0.573, 0.733)",73
ตำก,กฟจ,กฟจ.ตำก,S,ใหม่ (1 ม.ค. 2569),exact,"(1.0, 0.635, 0.016)",75
ตำก,กฟส,กฟส.วังประจบ,XS,ใหม่ (1 ม.ค. 2569),exact,"(0.996, 1.0, 0.996)",75
ตำก,กฟส,กฟส.สำมเงำ,XS,ใหม่ (1 ม.ค. 2569),exact,"(0.996, 1.0, 0.996)",75
ตำก,กฟส,กฟส.บ้านตาก,S,ใหม่ (1 ม.ค. 2569),exact,"(0.847, 0.573, 0.733)",75
ตำก,กฟส,กฟส.พบพระ,XS,ใหม่ (1 ม.ค. 2569),exact,"(0.996, 1.0, 0.996)",75
ตำก,กฟส,กฟส.แม่ระมาด,XS,ใหม่ (1 ม.ค. 2569),exact,"(0.996, 1.0, 0.996)",75
ตำก,กฟส,กฟส.แม่สอด,L,ใหม่ (1 ม.ค. 2569),exact,"(0.431, 0.106, 0.416)",75
ตำก,กฟส,กฟส.วังเจ้า,XS,ใหม่ (1 ม.ค. 2569),exact,"(0.996, 1.0, 0.996)",75
ตำก,กฟส,กฟส.ท่าสองยาง,XS,ใหม่ (1 ม.ค. 2569),exact,"(0.996, 1.0, 0.996)",75
ตำก,กฟส,กฟส.อุ้มผาง,XS,ใหม่ (1 ม.ค. 2569),exact,"(0.996, 1.0, 0.996)",75
ตำก,กฟส,กฟส.เมืองตำก,M,เดิม (1 ต.ค. 2568),exact,"(1.0, 0.855, 0.612)",75
ตำก,กฟส,กฟส.วังประจบ,XS,เดิม (1 ต.ค. 2568),exact,"(0.996, 1.0, 0.996)",75
ตำก,กฟส,กฟส.สำมเงำ,XS,เดิม (1 ต.ค. 2568),exact,"(0.996, 1.0, 0.996)",75
ตำก,กฟส,กฟส.บ้านตาก,S,เดิม (1 ต.ค. 2568),exact,"(0.847, 0.573, 0.733)",75
ตำก,กฟส,กฟส.พบพระ,XS,เดิม (1 ต.ค. 2568),exact,"(0.996, 1.0, 0.996)",75
ตำก,กฟส,กฟส.แม่ระมาด,XS,เดิม (1 ต.ค. 2568),exact,"(0.996, 1.0, 0.996)",75
ตำก,กฟส,กฟส.แม่สอด,L,เดิม (1 ต.ค. 2568),exact,"(0.431, 0.106, 0.416)",75
ตำก,กฟส,กฟส.วังเจ้า,XS,เดิม (1 ต.ค. 2568),exact,"(0.996, 1.0, 0.996)",75
ตำก,กฟส,กฟส.ท่าสองยาง,XS,เดิม (1 ต.ค. 2568),exact,"(0.996, 1.0, 0.996)",75
ตำก,กฟส,กฟส.อุ้มผาง,XS,เดิม (1 ต.ค. 2568),exact,"(0.996, 1.0, 0.996)",75
นครสวรรค์,กฟส,กฟส.ไพศำลี,S,ใหม่ (1 ม.ค. 2569),legend หน้านี้,"(0.847, 0.573, 0.733)",77
นครสวรรค์,กฟส,กฟส.ท่าตะโก,S,ใหม่ (1 ม.ค. 2569),legend หน้านี้,"(0.847, 0.573, 0.733)",77
นครสวรรค์,กฟส,กฟส.ตำคลี,M,ใหม่ (1 ม.ค. 2569),legend หน้านี้,"(1.0, 0.855, 0.612)",77
นครสวรรค์,กฟส,กฟส.ลำดยำว,M,ใหม่ (1 ม.ค. 2569),legend หน้านี้,"(1.0, 0.855, 0.612)",77
นครสวรรค์,กฟส,กฟส.หนองบัว,S,ใหม่ (1 ม.ค. 2569),legend หน้านี้,"(0.847, 0.573, 0.733)",77
นครสวรรค์,กฟส,กฟส.ชุมแสง,S,ใหม่ (1 ม.ค. 2569),legend หน้านี้,"(0.847, 0.573, 0.733)",77
นครสวรรค์,กฟส,กฟส.บรรพตพิสัย,S,ใหม่ (1 ม.ค. 2569),legend หน้านี้,"(0.847, 0.573, 0.733)",77
นครสวรรค์,กฟส,กฟส.พยุหะคีรี,S,ใหม่ (1 ม.ค. 2569),legend หน้านี้,"(0.847, 0.573, 0.733)",77
นครสวรรค์,กฟส,กฟส.โกรกพระ,XS,ใหม่ (1 ม.ค. 2569),legend หน้านี้,"(0.996, 1.0, 0.996)",77
นครสวรรค์,กฟส,กฟส.เก้าเลี้ยว,XS,ใหม่ (1 ม.ค. 2569),legend หน้านี้,"(0.996, 1.0, 0.996)",77
นครสวรรค์,กฟส,กฟส.บ้านหนองเบน,XS,ใหม่ (1 ม.ค. 2569),legend หน้านี้,"(0.996, 1.0, 0.996)",77
นครสวรรค์,กฟส,กฟส.แม่วงก์,XS,ใหม่ (1 ม.ค. 2569),legend หน้านี้,"(0.996, 1.0, 0.996)",77
นครสวรรค์,กฟส,กฟส.ชุมตำบง,XS,ใหม่ (1 ม.ค. 2569),legend หน้านี้,"(0.996, 1.0, 0.996)",77
นครสวรรค์,กฟส,กฟส.แม่เปิน,XS,ใหม่ (1 ม.ค. 2569),legend หน้านี้,"(0.996, 1.0, 0.996)",77
นครสวรรค์,กฟส,กฟส.ตากฟ้า,S,ใหม่ (1 ม.ค. 2569),legend หน้านี้,"(0.847, 0.573, 0.733)",77
นครสวรรค์,กฟส,กฟส.ช่องแค,XS,ใหม่ (1 ม.ค. 2569),legend หน้านี้,"(0.996, 1.0, 0.996)",77
นครสวรรค์,กฟส,กฟส.หัวหวำย,XS,ใหม่ (1 ม.ค. 2569),legend หน้านี้,"(0.996, 1.0, 0.996)",77
นครสวรรค์,กฟจ,กฟจ.นครสวรรค์,L,ใหม่ (1 ม.ค. 2569),legend หน้านี้,"(0.0, 0.439, 0.753)",77
นครสวรรค์,กฟส,กฟส.เมืองนครสวรรค์,L,เดิม (1 ต.ค. 2568),legend หน้านี้,"(0.431, 0.106, 0.416)",77
นครสวรรค์,กฟส,กฟส.ไพศำลี,S,เดิม (1 ต.ค. 2568),legend หน้านี้,"(0.847, 0.573, 0.733)",77
นครสวรรค์,กฟส,กฟส.ท่าตะโก,S,เดิม (1 ต.ค. 2568),legend หน้านี้,"(0.847, 0.573, 0.733)",77
นครสวรรค์,กฟส,กฟส.ตำคลี,M,เดิม (1 ต.ค. 2568),legend หน้านี้,"(1.0, 0.855, 0.612)",77
นครสวรรค์,กฟส,กฟส.ลำดยำว,M,เดิม (1 ต.ค. 2568),legend หน้านี้,"(1.0, 0.855, 0.612)",77
นครสวรรค์,กฟส,กฟส.หนองบัว,S,เดิม (1 ต.ค. 2568),legend หน้านี้,"(0.847, 0.573, 0.733)",77
นครสวรรค์,กฟส,กฟส.ชุมแสง,S,เดิม (1 ต.ค. 2568),legend หน้านี้,"(0.847, 0.573, 0.733)",77
นครสวรรค์,กฟส,กฟส.บรรพตพิสัย,S,เดิม (1 ต.ค. 2568),legend หน้านี้,"(0.847, 0.573, 0.733)",77
นครสวรรค์,กฟส,กฟส.พยุหะคีรี,S,เดิม (1 ต.ค. 2568),legend หน้านี้,"(0.847, 0.573, 0.733)",77
นครสวรรค์,กฟส,กฟส.โกรกพระ,XS,เดิม (1 ต.ค. 2568),legend หน้านี้,"(0.996, 1.0, 0.996)",77
นครสวรรค์,กฟส,กฟส.เก้าเลี้ยว,XS,เดิม (1 ต.ค. 2568),legend หน้านี้,"(0.996, 1.0, 0.996)",77
นครสวรรค์,กฟส,กฟส.บ้านหนองเบน,XS,เดิม (1 ต.ค. 2568),legend หน้านี้,"(0.996, 1.0, 0.996)",77
นครสวรรค์,กฟส,กฟส.แม่วงก์,XS,เดิม (1 ต.ค. 2568),legend หน้านี้,"(0.996, 1.0, 0.996)",77
นครสวรรค์,กฟส,กฟส.ชุมตำบง,XS,เดิม (1 ต.ค. 2568),legend หน้านี้,"(0.996, 1.0, 0.996)",77
นครสวรรค์,กฟส,กฟส.แม่เปิน,XS,เดิม (1 ต.ค. 2568),legend หน้านี้,"(0.996, 1.0, 0.996)",77
นครสวรรค์,กฟส,กฟส.ตากฟ้า,S,เดิม (1 ต.ค. 2568),legend หน้านี้,"(0.847, 0.573, 0.733)",77
นครสวรรค์,กฟส,กฟส.ช่องแค,XS,เดิม (1 ต.ค. 2568),legend หน้านี้,"(0.996, 1.0, 0.996)",77
นครสวรรค์,กฟส,กฟส.หัวหวำย,XS,เดิม (1 ต.ค. 2568),legend หน้านี้,"(0.996, 1.0, 0.996)",77
ลพบุรี,กฟจ,กฟจ.ลพบุรี,S,ใหม่ (1 ม.ค. 2569),exact,"(1.0, 0.635, 0.016)",79
ลพบุรี,กฟส,กฟส.ชัยบำดำล,M,ใหม่ (1 ม.ค. 2569),exact,"(1.0, 0.855, 0.612)",79
ลพบุรี,กฟส,กฟส.ท่าวุ้ง,S,ใหม่ (1 ม.ค. 2569),exact,"(0.847, 0.573, 0.733)",79
ลพบุรี,กฟส,กฟส.ลำสนธิ,XS,ใหม่ (1 ม.ค. 2569),exact,"(0.996, 1.0, 0.996)",79
ลพบุรี,กฟส,กฟส.พัฒนำนิคม,M,ใหม่ (1 ม.ค. 2569),exact,"(1.0, 0.855, 0.612)",79
ลพบุรี,กฟส,กฟส.โคกสำโรง,M,ใหม่ (1 ม.ค. 2569),exact,"(1.0, 0.855, 0.612)",79
ลพบุรี,กฟส,กฟส.บ้านแก่งเสือเต้น,XS,ใหม่ (1 ม.ค. 2569),exact,"(0.996, 1.0, 0.996)",79
ลพบุรี,กฟส,กฟส.บ้านหมี่,S,ใหม่ (1 ม.ค. 2569),exact,"(0.847, 0.573, 0.733)",79
ลพบุรี,กฟส,กฟส.สระโบสถ์,XS,ใหม่ (1 ม.ค. 2569),exact,"(0.996, 1.0, 0.996)",79
ลพบุรี,กฟส,กฟส.โคกเจริญ,XS,ใหม่ (1 ม.ค. 2569),exact,"(0.996, 1.0, 0.996)",79
ลพบุรี,กฟส,กฟส.หนองม่วง,S,ใหม่ (1 ม.ค. 2569),exact,"(0.847, 0.573, 0.733)",79
ลพบุรี,กฟส,กฟส.ท่าหลวง,S,ใหม่ (1 ม.ค. 2569),exact,"(0.847, 0.573, 0.733)",79
ลพบุรี,กฟส,กฟส.ชัยบำดำล,M,เดิม (1 ต.ค. 2568),exact,"(1.0, 0.855, 0.612)",79
ลพบุรี,กฟส,กฟส.เมืองลพบุรี,L,เดิม (1 ต.ค. 2568),exact,"(0.431, 0.106, 0.416)",79
ลพบุรี,กฟส,กฟส.ท่าวุ้ง,S,เดิม (1 ต.ค. 2568),exact,"(0.847, 0.573, 0.733)",79
ลพบุรี,กฟส,กฟส.ลำสนธิ,XS,เดิม (1 ต.ค. 2568),exact,"(0.996, 1.0, 0.996)",79
ลพบุรี,กฟส,กฟส.พัฒนำนิคม,M,เดิม (1 ต.ค. 2568),exact,"(1.0, 0.855, 0.612)",79
ลพบุรี,กฟส,กฟส.โคกสำโรง,M,เดิม (1 ต.ค. 2568),exact,"(1.0, 0.855, 0.612)",79
ลพบุรี,กฟส,กฟส.บ้านแก่งเสือเต้น,XS,เดิม (1 ต.ค. 2568),exact,"(0.996, 1.0, 0.996)",79
ลพบุรี,กฟส,กฟส.บ้านหมี่,S,เดิม (1 ต.ค. 2568),exact,"(0.847, 0.573, 0.733)",79
ลพบุรี,กฟส,กฟส.สระโบสถ์,XS,เดิม (1 ต.ค. 2568),exact,"(0.996, 1.0, 0.996)",79
ลพบุรี,กฟส,กฟส.โคกเจริญ,XS,เดิม (1 ต.ค. 2568),exact,"(0.996, 1.0, 0.996)",79
ลพบุรี,กฟส,กฟส.หนองม่วง,S,เดิม (1 ต.ค. 2568),exact,"(0.847, 0.573, 0.733)",79
ลพบุรี,กฟส,กฟส.ท่าหลวง,S,เดิม (1 ต.ค. 2568),exact,"(0.847, 0.573, 0.733)",79
ชัยนำท,กฟจ,กฟจ.ชัยนำท,S,ใหม่ (1 ม.ค. 2569),legend หน้านี้,"(1.0, 0.635, 0.016)",81
ชัยนำท,กฟส,กฟส.มโนรมย์,S,ใหม่ (1 ม.ค. 2569),legend หน้านี้,"(0.847, 0.573, 0.733)",81
ชัยนำท,กฟส,กฟส.เนินขำม,XS,ใหม่ (1 ม.ค. 2569),legend หน้านี้,"(0.996, 1.0, 0.996)",81
ชัยนำท,กฟส,กฟส.หันคำ,S,ใหม่ (1 ม.ค. 2569),legend หน้านี้,"(0.847, 0.573, 0.733)",81
ชัยนำท,กฟส,กฟส.สรรพยำ,XS,ใหม่ (1 ม.ค. 2569),legend หน้านี้,"(0.996, 1.0, 0.996)",81
ชัยนำท,กฟส,กฟส.หนองมะโมง,XS,ใหม่ (1 ม.ค. 2569),legend หน้านี้,"(0.996, 1.0, 0.996)",81
ชัยนำท,กฟส,กฟส.สรรคบุรี,S,ใหม่ (1 ม.ค. 2569),legend หน้านี้,"(0.847, 0.573, 0.733)",81
ชัยนำท,กฟส,กฟส.วัดสิงห์,S,ใหม่ (1 ม.ค. 2569),legend หน้านี้,"(0.847, 0.573, 0.733)",81
ชัยนำท,กฟส,กฟส.เมืองชัยนำท,M,เดิม (1 ต.ค. 2568),legend หน้านี้,"(1.0, 0.855, 0.612)",81
ชัยนำท,กฟส,กฟส.มโนรมย์,S,เดิม (1 ต.ค. 2568),legend หน้านี้,"(0.847, 0.573, 0.733)",81
ชัยนำท,กฟส,กฟส.เนินขำม,XS,เดิม (1 ต.ค. 2568),legend หน้านี้,"(0.996, 1.0, 0.996)",81
ชัยนำท,กฟส,กฟส.หันคำ,S,เดิม (1 ต.ค. 2568),legend หน้านี้,"(0.847, 0.573, 0.733)",81
ชัยนำท,กฟส,กฟส.สรรพยำ,XS,เดิม (1 ต.ค. 2568),legend หน้านี้,"(0.996, 1.0, 0.996)",81
ชัยนำท,กฟส,กฟส.หนองมะโมง,XS,เดิม (1 ต.ค. 2568),legend หน้านี้,"(0.996, 1.0, 0.996)",81
ชัยนำท,กฟส,กฟส.สรรคบุรี,S,เดิม (1 ต.ค. 2568),legend หน้านี้,"(0.847, 0.573, 0.733)",81
ชัยนำท,กฟส,กฟส.วัดสิงห์,S,เดิม (1 ต.ค. 2568),legend หน้านี้,"(0.847, 0.573, 0.733)",81
เพชรบูรณ์,กฟจ,กฟจ.เพชรบูรณ์,S,ใหม่ (1 ม.ค. 2569),legend หน้านี้,"(1.0, 0.635, 0.016)",83
เพชรบูรณ์,กฟส,กฟส.ชนแดน,S,ใหม่ (1 ม.ค. 2569),legend หน้านี้,"(0.847, 0.573, 0.733)",83
เพชรบูรณ์,กฟส,กฟส.พุเตย,XS,ใหม่ (1 ม.ค. 2569),legend หน้านี้,"(0.996, 1.0, 0.996)",83
เพชรบูรณ์,กฟส,กฟส.วิเชียรบุรี,S,ใหม่ (1 ม.ค. 2569),legend หน้านี้,"(0.847, 0.573, 0.733)",83
เพชรบูรณ์,กฟส,กฟส.เขาค้อ,XS,ใหม่ (1 ม.ค. 2569),legend หน้านี้,"(0.996, 1.0, 0.996)",83
เพชรบูรณ์,กฟส,กฟส.น้ำหนำว,XS,ใหม่ (1 ม.ค. 2569),legend หน้านี้,"(0.996, 1.0, 0.996)",83
เพชรบูรณ์,กฟส,กฟส.บึงสำมพัน,M,ใหม่ (1 ม.ค. 2569),legend หน้านี้,"(1.0, 0.855, 0.612)",83
เพชรบูรณ์,กฟส,กฟส.ศรีเทพ,S,ใหม่ (1 ม.ค. 2569),legend หน้านี้,"(0.847, 0.573, 0.733)",83
เพชรบูรณ์,กฟส,กฟส.หนองไผ่,M,ใหม่ (1 ม.ค. 2569),legend หน้านี้,"(1.0, 0.855, 0.612)",83
เพชรบูรณ์,กฟส,กฟส.หล่มสัก,M,ใหม่ (1 ม.ค. 2569),legend หน้านี้,"(1.0, 0.855, 0.612)",83
เพชรบูรณ์,กฟส,กฟส.วังชมภู,XS,ใหม่ (1 ม.ค. 2569),legend หน้านี้,"(0.996, 1.0, 0.996)",83
เพชรบูรณ์,กฟส,กฟส.วังโป่ง,XS,ใหม่ (1 ม.ค. 2569),legend หน้านี้,"(0.996, 1.0, 0.996)",83
เพชรบูรณ์,กฟส,กฟส.ตำดกลอย,XS,ใหม่ (1 ม.ค. 2569),legend หน้านี้,"(0.996, 1.0, 0.996)",83
เพชรบูรณ์,กฟส,กฟส.แคมป์สน,XS,ใหม่ (1 ม.ค. 2569),legend หน้านี้,"(0.996, 1.0, 0.996)",83
เพชรบูรณ์,กฟส,กฟส.บ้านกลาง,XS,ใหม่ (1 ม.ค. 2569),legend หน้านี้,"(0.996, 1.0, 0.996)",83
เพชรบูรณ์,กฟส,กฟส.หล่มเก่า,S,ใหม่ (1 ม.ค. 2569),legend หน้านี้,"(0.847, 0.573, 0.733)",83
เพชรบูรณ์,กฟส,กฟส.เมืองเพชรบูรณ์,L,เดิม (1 ต.ค. 2568),legend หน้านี้,"(0.431, 0.106, 0.416)",83
เพชรบูรณ์,กฟส,กฟส.ชนแดน,S,เดิม (1 ต.ค. 2568),legend หน้านี้,"(0.847, 0.573, 0.733)",83
เพชรบูรณ์,กฟส,กฟส.พุเตย,XS,เดิม (1 ต.ค. 2568),legend หน้านี้,"(0.996, 1.0, 0.996)",83
เพชรบูรณ์,กฟส,กฟส.วิเชียรบุรี,S,เดิม (1 ต.ค. 2568),legend หน้านี้,"(0.847, 0.573, 0.733)",83
เพชรบูรณ์,กฟส,กฟส.เขาค้อ,XS,เดิม (1 ต.ค. 2568),legend หน้านี้,"(0.996, 1.0, 0.996)",83
เพชรบูรณ์,กฟส,กฟส.น้ำหนำว,XS,เดิม (1 ต.ค. 2568),legend หน้านี้,"(0.996, 1.0, 0.996)",83
เพชรบูรณ์,กฟส,กฟส.บึงสำมพัน,M,เดิม (1 ต.ค. 2568),legend หน้านี้,"(1.0, 0.855, 0.612)",83
เพชรบูรณ์,กฟส,กฟส.ศรีเทพ,S,เดิม (1 ต.ค. 2568),legend หน้านี้,"(0.847, 0.573, 0.733)",83
เพชรบูรณ์,กฟส,กฟส.หนองไผ่,M,เดิม (1 ต.ค. 2568),legend หน้านี้,"(1.0, 0.855, 0.612)",83
เพชรบูรณ์,กฟส,กฟส.หล่มสัก,M,เดิม (1 ต.ค. 2568),legend หน้านี้,"(1.0, 0.855, 0.612)",83
เพชรบูรณ์,กฟส,กฟส.วังชมภู,XS,เดิม (1 ต.ค. 2568),legend หน้านี้,"(0.996, 1.0, 0.996)",83
เพชรบูรณ์,กฟส,กฟส.วังโป่ง,XS,เดิม (1 ต.ค. 2568),legend หน้านี้,"(0.996, 1.0, 0.996)",83
เพชรบูรณ์,กฟส,กฟส.ตำดกลอย,XS,เดิม (1 ต.ค. 2568),legend หน้านี้,"(0.996, 1.0, 0.996)",83
เพชรบูรณ์,กฟส,กฟส.แคมป์สน,XS,เดิม (1 ต.ค. 2568),legend หน้านี้,"(0.996, 1.0, 0.996)",83
เพชรบูรณ์,กฟส,กฟส.บ้านกลาง,XS,เดิม (1 ต.ค. 2568),legend หน้านี้,"(0.996, 1.0, 0.996)",83
เพชรบูรณ์,กฟส,กฟส.หล่มเก่า,S,เดิม (1 ต.ค. 2568),legend หน้านี้,"(0.847, 0.573, 0.733)",83
สิงห์บุรี,กฟจ,กฟจ.สิงห์บุรี,S,ใหม่ (1 ม.ค. 2569),legend หน้านี้,"(1.0, 0.635, 0.016)",85
สิงห์บุรี,กฟส,กฟส.อินทร์บุรี,S,ใหม่ (1 ม.ค. 2569),legend หน้านี้,"(0.847, 0.573, 0.733)",85
สิงห์บุรี,กฟส,กฟส.ท่าช้าง,XS,ใหม่ (1 ม.ค. 2569),legend หน้านี้,"(0.996, 1.0, 0.996)",85
สิงห์บุรี,กฟส,กฟส.ค่ายบางระจัน,S,ใหม่ (1 ม.ค. 2569),legend หน้านี้,"(0.847, 0.573, 0.733)",85
สิงห์บุรี,กฟส,กฟส.บำงระจัน,XS,ใหม่ (1 ม.ค. 2569),legend หน้านี้,"(0.996, 1.0, 0.996)",85
สิงห์บุรี,กฟส,กฟส.พรหมบุรี,S,ใหม่ (1 ม.ค. 2569),legend หน้านี้,"(0.847, 0.573, 0.733)",85
สิงห์บุรี,กฟส,กฟส.เมืองสิงห์บุรี,M,เดิม (1 ต.ค. 2568),legend หน้านี้,"(1.0, 0.855, 0.612)",85
สิงห์บุรี,กฟส,กฟส.อินทร์บุรี,S,เดิม (1 ต.ค. 2568),legend หน้านี้,"(0.847, 0.573, 0.733)",85
สิงห์บุรี,กฟส,กฟส.ท่าช้าง,XS,เดิม (1 ต.ค. 2568),legend หน้านี้,"(0.996, 1.0, 0.996)",85
สิงห์บุรี,กฟส,กฟส.ค่ายบางระจัน,S,เดิม (1 ต.ค. 2568),legend หน้านี้,"(0.847, 0.573, 0.733)",85
สิงห์บุรี,กฟส,กฟส.บำงระจัน,XS,เดิม (1 ต.ค. 2568),legend หน้านี้,"(0.996, 1.0, 0.996)",85
สิงห์บุรี,กฟส,กฟส.พรหมบุรี,S,เดิม (1 ต.ค. 2568),legend หน้านี้,"(0.847, 0.573, 0.733)",85
อุทัยธำนี,กฟจ,กฟจ.อุทัยธำนี,S,ใหม่ (1 ม.ค. 2569),legend หน้านี้,"(1.0, 0.635, 0.016)",87
อุทัยธำนี,กฟส,กฟส.หนองฉำง,S,ใหม่ (1 ม.ค. 2569),legend หน้านี้,"(0.847, 0.573, 0.733)",87
อุทัยธำนี,กฟส,กฟส.เมืองการุ้ง,XS,ใหม่ (1 ม.ค. 2569),legend หน้านี้,"(0.996, 1.0, 0.996)",87
อุทัยธำนี,กฟส,กฟส.บ้านไร่,S,ใหม่ (1 ม.ค. 2569),legend หน้านี้,"(0.847, 0.573, 0.733)",87
อุทัยธำนี,กฟส,กฟส.หนองขาหย่าง,XS,ใหม่ (1 ม.ค. 2569),legend หน้านี้,"(0.996, 1.0, 0.996)",87
อุทัยธำนี,กฟส,กฟส.ลำนสัก,S,ใหม่ (1 ม.ค. 2569),legend หน้านี้,"(0.847, 0.573, 0.733)",87
อุทัยธำนี,กฟส,กฟส.สว่างอารมณ์,XS,ใหม่ (1 ม.ค. 2569),legend หน้านี้,"(0.996, 1.0, 0.996)",87
อุทัยธำนี,กฟส,กฟส.ทัพทัน,XS,ใหม่ (1 ม.ค. 2569),legend หน้านี้,"(0.996, 1.0, 0.996)",87
อุทัยธำนี,กฟส,กฟส.ห้วยคต,XS,ใหม่ (1 ม.ค. 2569),legend หน้านี้,"(0.996, 1.0, 0.996)",87
อุทัยธำนี,กฟส,กฟส.เมืองอุทัยธำนี,M,เดิม (1 ต.ค. 2568),legend หน้านี้,"(1.0, 0.855, 0.612)",87
อุทัยธำนี,กฟส,กฟส.หนองฉำง,S,เดิม (1 ต.ค. 2568),legend หน้านี้,"(0.847, 0.573, 0.733)",87
อุทัยธำนี,กฟส,กฟส.เมืองการุ้ง,XS,เดิม (1 ต.ค. 2568),legend หน้านี้,"(0.996, 1.0, 0.996)",87
อุทัยธำนี,กฟส,กฟส.บ้านไร่,S,เดิม (1 ต.ค. 2568),legend หน้านี้,"(0.847, 0.573, 0.733)",87
อุทัยธำนี,กฟส,กฟส.หนองขาหย่าง,XS,เดิม (1 ต.ค. 2568),legend หน้านี้,"(0.996, 1.0, 0.996)",87
อุทัยธำนี,กฟส,กฟส.ลำนสัก,S,เดิม (1 ต.ค. 2568),legend หน้านี้,"(0.847, 0.573, 0.733)",87
อุทัยธำนี,กฟส,กฟส.สว่างอารมณ์,XS,เดิม (1 ต.ค. 2568),legend หน้านี้,"(0.996, 1.0, 0.996)",87
อุทัยธำนี,กฟส,กฟส.ทัพทัน,XS,เดิม (1 ต.ค. 2568),legend หน้านี้,"(0.996, 1.0, 0.996)",87
อุทัยธำนี,กฟส,กฟส.ห้วยคต,XS,เดิม (1 ต.ค. 2568),legend หน้านี้,"(0.996, 1.0, 0.996)",87
ขอนแก่น,กฟจ,กฟจ.ขอนแก่น,L,ใหม่ (1 ม.ค. 2569),exact,"(0.0, 0.439, 0.753)",89
ขอนแก่น,กฟส,กฟส.บ้านไผ่,M,ใหม่ (1 ม.ค. 2569),legend หน้านี้,"(1.0, 0.855, 0.612)",89
ขอนแก่น,กฟส,กฟส.น้ำพอง,S,ใหม่ (1 ม.ค. 2569),exact,"(0.847, 0.573, 0.733)",89
ขอนแก่น,กฟส,กฟส.กระนวน,S,ใหม่ (1 ม.ค. 2569),exact,"(0.847, 0.573, 0.733)",89
ขอนแก่น,กฟส,กฟส.บ้านฝาง,S,ใหม่ (1 ม.ค. 2569),exact,"(0.847, 0.573, 0.733)",89
ขอนแก่น,กฟส,กฟส.อุบลรัตน์,XS,ใหม่ (1 ม.ค. 2569),exact,"(0.996, 1.0, 0.996)",89
ขอนแก่น,กฟส,กฟส.ซำสูง,XS,ใหม่ (1 ม.ค. 2569),exact,"(0.996, 1.0, 0.996)",89
ขอนแก่น,กฟส,กฟส.พระยืน,XS,ใหม่ (1 ม.ค. 2569),exact,"(0.996, 1.0, 0.996)",89
ขอนแก่น,กฟส,กฟส.ท่าพระ,XS,ใหม่ (1 ม.ค. 2569),exact,"(0.996, 1.0, 0.996)",89
ขอนแก่น,กฟส,กฟส.ภูเวียง,S,ใหม่ (1 ม.ค. 2569),exact,"(0.847, 0.573, 0.733)",89
ขอนแก่น,กฟส,กฟส.มัญจำคีรี,S,ใหม่ (1 ม.ค. 2569),exact,"(0.847, 0.573, 0.733)",89
ขอนแก่น,กฟส,กฟส.พล,S,ใหม่ (1 ม.ค. 2569),exact,"(0.847, 0.573, 0.733)",89
ขอนแก่น,กฟส,กฟส.หนองสองห้อง,S,ใหม่ (1 ม.ค. 2569),exact,"(0.847, 0.573, 0.733)",89
ขอนแก่น,กฟส,กฟส.สีชมพู,XS,ใหม่ (1 ม.ค. 2569),exact,"(0.996, 1.0, 0.996)",89
ขอนแก่น,กฟส,กฟส.หนองนำคำ,XS,ใหม่ (1 ม.ค. 2569),exact,"(0.996, 1.0, 0.996)",89
ขอนแก่น,กฟส,กฟส.เมืองขอนแก่น2,L,ใหม่ (1 ม.ค. 2569),exact,"(0.431, 0.106, 0.416)",89
ขอนแก่น,กฟส,กฟส.ชุมแพ,M,ใหม่ (1 ม.ค. 2569),legend หน้านี้,"(1.0, 0.855, 0.612)",89
ขอนแก่น,กฟส,กฟส.เขำสวนกวำง,XS,ใหม่ (1 ม.ค. 2569),exact,"(0.996, 1.0, 0.996)",89
ขอนแก่น,กฟส,กฟส.ภูผาม่าน,XS,ใหม่ (1 ม.ค. 2569),exact,"(0.996, 1.0, 0.996)",89
ขอนแก่น,กฟส,กฟส.หนองเรือ,S,ใหม่ (1 ม.ค. 2569),exact,"(0.847, 0.573, 0.733)",89
ขอนแก่น,กฟส,กฟส.เวียงเก่า,XS,ใหม่ (1 ม.ค. 2569),exact,"(0.996, 1.0, 0.996)",89
ขอนแก่น,กฟส,กฟส.เปือยน้อย,XS,ใหม่ (1 ม.ค. 2569),exact,"(0.996, 1.0, 0.996)",89
ขอนแก่น,กฟส,กฟส.ชนบท,XS,ใหม่ (1 ม.ค. 2569),exact,"(0.996, 1.0, 0.996)",89
ขอนแก่น,กฟส,กฟส.บ้านแฮด,XS,ใหม่ (1 ม.ค. 2569),exact,"(0.996, 1.0, 0.996)",89
ขอนแก่น,กฟส,กฟส.โนนศิลำ,XS,ใหม่ (1 ม.ค. 2569),exact,"(0.996, 1.0, 0.996)",89
ขอนแก่น,กฟส,กฟส.โคกโพธิไชย,XS,ใหม่ (1 ม.ค. 2569),exact,"(0.996, 1.0, 0.996)",89
ขอนแก่น,กฟส,กฟส.แวงใหญ่,XS,ใหม่ (1 ม.ค. 2569),exact,"(0.996, 1.0, 0.996)",89
ขอนแก่น,กฟส,กฟส.แวงน้อย,XS,ใหม่ (1 ม.ค. 2569),exact,"(0.996, 1.0, 0.996)",89
ขอนแก่น,กฟส,กฟส.เมืองขอนแก่น,L,เดิม (1 ต.ค. 2568),exact,"(0.431, 0.106, 0.416)",89
ขอนแก่น,กฟส,กฟส.บ้านไผ่,M,เดิม (1 ต.ค. 2568),legend หน้านี้,"(1.0, 0.855, 0.612)",89
ขอนแก่น,กฟส,กฟส.น้ำพอง,S,เดิม (1 ต.ค. 2568),exact,"(0.847, 0.573, 0.733)",89
ขอนแก่น,กฟส,กฟส.กระนวน,S,เดิม (1 ต.ค. 2568),exact,"(0.847, 0.573, 0.733)",89
ขอนแก่น,กฟส,กฟส.บ้านฝาง,S,เดิม (1 ต.ค. 2568),exact,"(0.847, 0.573, 0.733)",89
ขอนแก่น,กฟส,กฟส.อุบลรัตน์,XS,เดิม (1 ต.ค. 2568),exact,"(0.996, 1.0, 0.996)",89
ขอนแก่น,กฟส,กฟส.ซำสูง,XS,เดิม (1 ต.ค. 2568),exact,"(0.996, 1.0, 0.996)",89
ขอนแก่น,กฟส,กฟส.พระยืน,XS,เดิม (1 ต.ค. 2568),exact,"(0.996, 1.0, 0.996)",89
ขอนแก่น,กฟส,กฟส.ท่าพระ,XS,เดิม (1 ต.ค. 2568),exact,"(0.996, 1.0, 0.996)",89
ขอนแก่น,กฟส,กฟส.ภูเวียง,S,เดิม (1 ต.ค. 2568),exact,"(0.847, 0.573, 0.733)",89
ขอนแก่น,กฟส,กฟส.มัญจำคีรี,S,เดิม (1 ต.ค. 2568),exact,"(0.847, 0.573, 0.733)",89
ขอนแก่น,กฟส,กฟส.พล,S,เดิม (1 ต.ค. 2568),exact,"(0.847, 0.573, 0.733)",89
ขอนแก่น,กฟส,กฟส.หนองสองห้อง,S,เดิม (1 ต.ค. 2568),exact,"(0.847, 0.573, 0.733)",89
ขอนแก่น,กฟส,กฟส.สีชมพู,XS,เดิม (1 ต.ค. 2568),exact,"(0.996, 1.0, 0.996)",89
ขอนแก่น,กฟส,กฟส.หนองนำคำ,XS,เดิม (1 ต.ค. 2568),exact,"(0.996, 1.0, 0.996)",89
ขอนแก่น,กฟส,กฟส.เมืองขอนแก่น2,L,เดิม (1 ต.ค. 2568),exact,"(0.431, 0.106, 0.416)",89
ขอนแก่น,กฟส,กฟส.ชุมแพ,M,เดิม (1 ต.ค. 2568),legend หน้านี้,"(1.0, 0.855, 0.612)",89
ขอนแก่น,กฟส,กฟส.เขำสวนกวำง,XS,เดิม (1 ต.ค. 2568),exact,"(0.996, 1.0, 0.996)",89
ขอนแก่น,กฟส,กฟส.ภูผาม่าน,XS,เดิม (1 ต.ค. 2568),exact,"(0.996, 1.0, 0.996)",89
ขอนแก่น,กฟส,กฟส.หนองเรือ,S,เดิม (1 ต.ค. 2568),exact,"(0.847, 0.573, 0.733)",89
ขอนแก่น,กฟส,กฟส.เวียงเก่า,XS,เดิม (1 ต.ค. 2568),exact,"(0.996, 1.0, 0.996)",89
ขอนแก่น,กฟส,กฟส.เปือยน้อย,XS,เดิม (1 ต.ค. 2568),exact,"(0.996, 1.0, 0.996)",89
ขอนแก่น,กฟส,กฟส.ชนบท,XS,เดิม (1 ต.ค. 2568),exact,"(0.996, 1.0, 0.996)",89
ขอนแก่น,กฟส,กฟส.บ้านแฮด,XS,เดิม (1 ต.ค. 2568),exact,"(0.996, 1.0, 0.996)",89
ขอนแก่น,กฟส,กฟส.โนนศิลำ,XS,เดิม (1 ต.ค. 2568),exact,"(0.996, 1.0, 0.996)",89
ขอนแก่น,กฟส,กฟส.โคกโพธิไชย,XS,เดิม (1 ต.ค. 2568),exact,"(0.996, 1.0, 0.996)",89
ขอนแก่น,กฟส,กฟส.แวงใหญ่,XS,เดิม (1 ต.ค. 2568),exact,"(0.996, 1.0, 0.996)",89
ขอนแก่น,กฟส,กฟส.แวงน้อย,XS,เดิม (1 ต.ค. 2568),exact,"(0.996, 1.0, 0.996)",89
นครพนม,กฟจ,กฟจ.นครพนม,S,ใหม่ (1 ม.ค. 2569),exact,"(1.0, 0.635, 0.016)",91
นครพนม,กฟส,กฟส.ธำตุพนม,S,ใหม่ (1 ม.ค. 2569),exact,"(0.847, 0.573, 0.733)",91
นครพนม,กฟส,กฟส.วังยำง,XS,ใหม่ (1 ม.ค. 2569),exact,"(0.996, 1.0, 0.996)",91
นครพนม,กฟส,กฟส.นำแก,S,ใหม่ (1 ม.ค. 2569),exact,"(0.847, 0.573, 0.733)",91
นครพนม,กฟส,กฟส.ปลำปำก,XS,ใหม่ (1 ม.ค. 2569),exact,"(0.996, 1.0, 0.996)",91
นครพนม,กฟส,กฟส.บ้านแพง,S,ใหม่ (1 ม.ค. 2569),exact,"(0.847, 0.573, 0.733)",91
นครพนม,กฟส,กฟส.ศรีสงครำม,XS,ใหม่ (1 ม.ค. 2569),exact,"(0.996, 1.0, 0.996)",91
นครพนม,กฟส,กฟส.นาหว้า,XS,ใหม่ (1 ม.ค. 2569),exact,"(0.996, 1.0, 0.996)",91
นครพนม,กฟส,กฟส.เรณูนคร,XS,ใหม่ (1 ม.ค. 2569),exact,"(0.996, 1.0, 0.996)",91
นครพนม,กฟส,กฟส.ท่าอุเทน,XS,ใหม่ (1 ม.ค. 2569),exact,"(0.996, 1.0, 0.996)",91
นครพนม,กฟส,กฟส.โพนสวรรค์,XS,ใหม่ (1 ม.ค. 2569),exact,"(0.996, 1.0, 0.996)",91
นครพนม,กฟส,กฟส.นำทม,XS,ใหม่ (1 ม.ค. 2569),exact,"(0.996, 1.0, 0.996)",91
นครพนม,กฟส,กฟส.เมืองนครพนม,L,เดิม (1 ต.ค. 2568),exact,"(0.431, 0.106, 0.416)",91
นครพนม,กฟส,กฟส.ธำตุพนม,S,เดิม (1 ต.ค. 2568),exact,"(0.847, 0.573, 0.733)",91
นครพนม,กฟส,กฟส.วังยำง,XS,เดิม (1 ต.ค. 2568),exact,"(0.996, 1.0, 0.996)",91
นครพนม,กฟส,กฟส.นำแก,S,เดิม (1 ต.ค. 2568),exact,"(0.847, 0.573, 0.733)",91
นครพนม,กฟส,กฟส.ปลำปำก,XS,เดิม (1 ต.ค. 2568),exact,"(0.996, 1.0, 0.996)",91
นครพนม,กฟส,กฟส.บ้านแพง,S,เดิม (1 ต.ค. 2568),exact,"(0.847, 0.573, 0.733)",91
นครพนม,กฟส,กฟส.ศรีสงครำม,XS,เดิม (1 ต.ค. 2568),exact,"(0.996, 1.0, 0.996)",91
นครพนม,กฟส,กฟส.นาหว้า,XS,เดิม (1 ต.ค. 2568),exact,"(0.996, 1.0, 0.996)",91
นครพนม,กฟส,กฟส.เรณูนคร,XS,เดิม (1 ต.ค. 2568),exact,"(0.996, 1.0, 0.996)",91
นครพนม,กฟส,กฟส.ท่าอุเทน,XS,เดิม (1 ต.ค. 2568),exact,"(0.996, 1.0, 0.996)",91
นครพนม,กฟส,กฟส.โพนสวรรค์,XS,เดิม (1 ต.ค. 2568),exact,"(0.996, 1.0, 0.996)",91
นครพนม,กฟส,กฟส.นำทม,XS,เดิม (1 ต.ค. 2568),exact,"(0.996, 1.0, 0.996)",91
บึงกำฬ,กฟส,กฟส.เซกำ,S,ใหม่ (1 ม.ค. 2569),legend หน้านี้,"(0.847, 0.573, 0.733)",93
บึงกำฬ,กฟส,กฟส.ศรีวิไล,XS,ใหม่ (1 ม.ค. 2569),legend หน้านี้,"(0.996, 1.0, 0.996)",93
บึงกำฬ,กฟส,กฟส.โซ่พิสัย,XS,ใหม่ (1 ม.ค. 2569),legend หน้านี้,"(0.996, 1.0, 0.996)",93
บึงกำฬ,กฟส,กฟส.พรเจริญ,XS,ใหม่ (1 ม.ค. 2569),legend หน้านี้,"(0.996, 1.0, 0.996)",93
บึงกำฬ,กฟส,กฟส.บึงโขงหลง,XS,ใหม่ (1 ม.ค. 2569),legend หน้านี้,"(0.996, 1.0, 0.996)",93
บึงกำฬ,กฟส,กฟส.ปำกคำด,XS,ใหม่ (1 ม.ค. 2569),legend หน้านี้,"(0.996, 1.0, 0.996)",93
บึงกำฬ,กฟส,กฟส.บุ่งคล้า,XS,ใหม่ (1 ม.ค. 2569),legend หน้านี้,"(0.996, 1.0, 0.996)",93
บึงกำฬ,กฟจ,กฟจ.บึงกำฬ,S,ใหม่ (1 ม.ค. 2569),legend หน้านี้,"(1.0, 0.635, 0.016)",93
บึงกำฬ,กฟส,กฟส.เซกำ,S,เดิม (1 ต.ค. 2568),legend หน้านี้,"(0.847, 0.573, 0.733)",93
บึงกำฬ,กฟส,กฟส.ศรีวิไล,XS,เดิม (1 ต.ค. 2568),legend หน้านี้,"(0.996, 1.0, 0.996)",93
บึงกำฬ,กฟส,กฟส.โซ่พิสัย,XS,เดิม (1 ต.ค. 2568),legend หน้านี้,"(0.996, 1.0, 0.996)",93
บึงกำฬ,กฟส,กฟส.พรเจริญ,XS,เดิม (1 ต.ค. 2568),legend หน้านี้,"(0.996, 1.0, 0.996)",93
บึงกำฬ,กฟส,กฟส.บึงโขงหลง,XS,เดิม (1 ต.ค. 2568),legend หน้านี้,"(0.996, 1.0, 0.996)",93
บึงกำฬ,กฟส,กฟส.ปำกคำด,XS,เดิม (1 ต.ค. 2568),legend หน้านี้,"(0.996, 1.0, 0.996)",93
บึงกำฬ,กฟส,กฟส.บุ่งคล้า,XS,เดิม (1 ต.ค. 2568),legend หน้านี้,"(0.996, 1.0, 0.996)",93
บึงกำฬ,กฟส,กฟส.เมืองบึงกำฬ,M,เดิม (1 ต.ค. 2568),legend หน้านี้,"(1.0, 0.855, 0.612)",93
เลย,กฟส,กฟส.วังสะพุง,M,ใหม่ (1 ม.ค. 2569),legend หน้านี้,"(1.0, 0.855, 0.612)",95
เลย,กฟส,กฟส.ภูเรือ,XS,ใหม่ (1 ม.ค. 2569),legend หน้านี้,"(0.996, 1.0, 0.996)",95
เลย,กฟส,กฟส.ท่าลี่,XS,ใหม่ (1 ม.ค. 2569),legend หน้านี้,"(0.996, 1.0, 0.996)",95
เลย,กฟส,กฟส.ภูหลวง,XS,ใหม่ (1 ม.ค. 2569),legend หน้านี้,"(0.996, 1.0, 0.996)",95
เลย,กฟส,กฟส.นาด้วง,XS,ใหม่ (1 ม.ค. 2569),legend หน้านี้,"(0.996, 1.0, 0.996)",95
เลย,กฟส,กฟส.เชียงคำน,S,ใหม่ (1 ม.ค. 2569),legend หน้านี้,"(0.847, 0.573, 0.733)",95
เลย,กฟส,กฟส.ด่านซ้าย,S,ใหม่ (1 ม.ค. 2569),legend หน้านี้,"(0.847, 0.573, 0.733)",95
เลย,กฟส,กฟส.ภูกระดึง,XS,ใหม่ (1 ม.ค. 2569),legend หน้านี้,"(0.996, 1.0, 0.996)",95
เลย,กฟส,กฟส.ผำขำว,XS,ใหม่ (1 ม.ค. 2569),legend หน้านี้,"(0.996, 1.0, 0.996)",95
เลย,กฟส,กฟส.ปำกชม,XS,ใหม่ (1 ม.ค. 2569),legend หน้านี้,"(0.996, 1.0, 0.996)",95
เลย,กฟส,กฟส.หนองหิน,XS,ใหม่ (1 ม.ค. 2569),legend หน้านี้,"(0.996, 1.0, 0.996)",95
เลย,กฟส,กฟส.เอรำวัณ,XS,ใหม่ (1 ม.ค. 2569),legend หน้านี้,"(0.996, 1.0, 0.996)",95
เลย,กฟส,กฟส.นาแห้ว,XS,ใหม่ (1 ม.ค. 2569),legend หน้านี้,"(0.996, 1.0, 0.996)",95
เลย,กฟจ,กฟจ.เลย,S,ใหม่ (1 ม.ค. 2569),legend หน้านี้,"(1.0, 0.635, 0.016)",95
เลย,กฟส,กฟส.เมืองเลย,M,เดิม (1 ต.ค. 2568),legend หน้านี้,"(1.0, 0.855, 0.612)",95
เลย,กฟส,กฟส.วังสะพุง,M,เดิม (1 ต.ค. 2568),legend หน้านี้,"(1.0, 0.855, 0.612)",95
เลย,กฟส,กฟส.ภูเรือ,XS,เดิม (1 ต.ค. 2568),legend หน้านี้,"(0.996, 1.0, 0.996)",95
เลย,กฟส,กฟส.ท่าลี่,XS,เดิม (1 ต.ค. 2568),legend หน้านี้,"(0.996, 1.0, 0.996)",95
เลย,กฟส,กฟส.ภูหลวง,XS,เดิม (1 ต.ค. 2568),legend หน้านี้,"(0.996, 1.0, 0.996)",95
เลย,กฟส,กฟส.นาด้วง,XS,เดิม (1 ต.ค. 2568),legend หน้านี้,"(0.996, 1.0, 0.996)",95
เลย,กฟส,กฟส.เชียงคำน,S,เดิม (1 ต.ค. 2568),legend หน้านี้,"(0.847, 0.573, 0.733)",95
เลย,กฟส,กฟส.ด่านซ้าย,S,เดิม (1 ต.ค. 2568),legend หน้านี้,"(0.847, 0.573, 0.733)",95
เลย,กฟส,กฟส.ภูกระดึง,XS,เดิม (1 ต.ค. 2568),legend หน้านี้,"(0.996, 1.0, 0.996)",95
เลย,กฟส,กฟส.ผำขำว,XS,เดิม (1 ต.ค. 2568),legend หน้านี้,"(0.996, 1.0, 0.996)",95
เลย,กฟส,กฟส.ปำกชม,XS,เดิม (1 ต.ค. 2568),legend หน้านี้,"(0.996, 1.0, 0.996)",95
เลย,กฟส,กฟส.หนองหิน,XS,เดิม (1 ต.ค. 2568),legend หน้านี้,"(0.996, 1.0, 0.996)",95
เลย,กฟส,กฟส.เอรำวัณ,XS,เดิม (1 ต.ค. 2568),legend หน้านี้,"(0.996, 1.0, 0.996)",95
เลย,กฟส,กฟส.นาแห้ว,XS,เดิม (1 ต.ค. 2568),legend หน้านี้,"(0.996, 1.0, 0.996)",95
สกลนคร,กฟจ,กฟจ.สกลนคร,S,ใหม่ (1 ม.ค. 2569),legend หน้านี้,"(1.0, 0.635, 0.016)",97
สกลนคร,กฟส,กฟส.อำกำศอำนวย,S,ใหม่ (1 ม.ค. 2569),legend หน้านี้,"(0.847, 0.573, 0.733)",97
สกลนคร,กฟส,กฟส.กุดบำก,XS,ใหม่ (1 ม.ค. 2569),legend หน้านี้,"(0.996, 1.0, 0.996)",97
สกลนคร,กฟส,กฟส.พรรณำนิคม,S,ใหม่ (1 ม.ค. 2569),legend หน้านี้,"(0.847, 0.573, 0.733)",97
สกลนคร,กฟส,กฟส.โพนนาแก้ว,XS,ใหม่ (1 ม.ค. 2569),legend หน้านี้,"(0.996, 1.0, 0.996)",97
สกลนคร,กฟส,กฟส.บ้านม่วง,XS,ใหม่ (1 ม.ค. 2569),legend หน้านี้,"(0.996, 1.0, 0.996)",97
สกลนคร,กฟส,กฟส.พังโคน,M,ใหม่ (1 ม.ค. 2569),legend หน้านี้,"(1.0, 0.855, 0.612)",97
สกลนคร,กฟส,กฟส.สว่างแดนดิน,M,ใหม่ (1 ม.ค. 2569),legend หน้านี้,"(1.0, 0.855, 0.612)",97
สกลนคร,กฟส,กฟส.เต่างอย,XS,ใหม่ (1 ม.ค. 2569),legend หน้านี้,"(0.996, 1.0, 0.996)",97
สกลนคร,กฟส,กฟส.คำตากล้า,XS,ใหม่ (1 ม.ค. 2569),legend หน้านี้,"(0.996, 1.0, 0.996)",97
สกลนคร,กฟส,กฟส.นิคมน้ำอูน,XS,ใหม่ (1 ม.ค. 2569),legend หน้านี้,"(0.996, 1.0, 0.996)",97
สกลนคร,กฟส,กฟส.วำริชภูมิ,XS,ใหม่ (1 ม.ค. 2569),legend หน้านี้,"(0.996, 1.0, 0.996)",97
สกลนคร,กฟส,กฟส.ภูพำน,XS,ใหม่ (1 ม.ค. 2569),legend หน้านี้,"(0.996, 1.0, 0.996)",97
สกลนคร,กฟส,กฟส.โคกศรีสุพรรณ,XS,ใหม่ (1 ม.ค. 2569),legend หน้านี้,"(0.996, 1.0, 0.996)",97
สกลนคร,กฟส,กฟส.กุสุมาลย์,XS,ใหม่ (1 ม.ค. 2569),legend หน้านี้,"(0.996, 1.0, 0.996)",97
สกลนคร,กฟส,กฟส.วำนรนิวำส,S,ใหม่ (1 ม.ค. 2569),legend หน้านี้,"(0.847, 0.573, 0.733)",97
สกลนคร,กฟส,กฟส.เจริญศิลป์,XS,ใหม่ (1 ม.ค. 2569),legend หน้านี้,"(0.996, 1.0, 0.996)",97
สกลนคร,กฟส,กฟส.ส่องดาว,XS,ใหม่ (1 ม.ค. 2569),legend หน้านี้,"(0.996, 1.0, 0.996)",97
สกลนคร,กฟส,กฟส.เมืองสกลนคร,L,เดิม (1 ต.ค. 2568),legend หน้านี้,"(0.431, 0.106, 0.416)",97
สกลนคร,กฟส,กฟส.อำกำศอำนวย,S,เดิม (1 ต.ค. 2568),legend หน้านี้,"(0.847, 0.573, 0.733)",97
สกลนคร,กฟส,กฟส.กุดบำก,XS,เดิม (1 ต.ค. 2568),legend หน้านี้,"(0.996, 1.0, 0.996)",97
สกลนคร,กฟส,กฟส.พรรณำนิคม,S,เดิม (1 ต.ค. 2568),legend หน้านี้,"(0.847, 0.573, 0.733)",97
สกลนคร,กฟส,กฟส.โพนนาแก้ว,XS,เดิม (1 ต.ค. 2568),legend หน้านี้,"(0.996, 1.0, 0.996)",97
สกลนคร,กฟส,กฟส.บ้านม่วง,XS,เดิม (1 ต.ค. 2568),legend หน้านี้,"(0.996, 1.0, 0.996)",97
สกลนคร,กฟส,กฟส.พังโคน,M,เดิม (1 ต.ค. 2568),legend หน้านี้,"(1.0, 0.855, 0.612)",97
สกลนคร,กฟส,กฟส.สว่างแดนดิน,M,เดิม (1 ต.ค. 2568),legend หน้านี้,"(1.0, 0.855, 0.612)",97
สกลนคร,กฟส,กฟส.เต่างอย,XS,เดิม (1 ต.ค. 2568),legend หน้านี้,"(0.996, 1.0, 0.996)",97
สกลนคร,กฟส,กฟส.คำตากล้า,XS,เดิม (1 ต.ค. 2568),legend หน้านี้,"(0.996, 1.0, 0.996)",97
สกลนคร,กฟส,กฟส.นิคมน้ำอูน,XS,เดิม (1 ต.ค. 2568),legend หน้านี้,"(0.996, 1.0, 0.996)",97
สกลนคร,กฟส,กฟส.วำริชภูมิ,XS,เดิม (1 ต.ค. 2568),legend หน้านี้,"(0.996, 1.0, 0.996)",97
สกลนคร,กฟส,กฟส.ภูพำน,XS,เดิม (1 ต.ค. 2568),legend หน้านี้,"(0.996, 1.0, 0.996)",97
สกลนคร,กฟส,กฟส.โคกศรีสุพรรณ,XS,เดิม (1 ต.ค. 2568),legend หน้านี้,"(0.996, 1.0, 0.996)",97
สกลนคร,กฟส,กฟส.กุสุมาลย์,XS,เดิม (1 ต.ค. 2568),legend หน้านี้,"(0.996, 1.0, 0.996)",97
สกลนคร,กฟส,กฟส.วำนรนิวำส,S,เดิม (1 ต.ค. 2568),legend หน้านี้,"(0.847, 0.573, 0.733)",97
สกลนคร,กฟส,กฟส.เจริญศิลป์,XS,เดิม (1 ต.ค. 2568),legend หน้านี้,"(0.996, 1.0, 0.996)",97
สกลนคร,กฟส,กฟส.ส่องดาว,XS,เดิม (1 ต.ค. 2568),legend หน้านี้,"(0.996, 1.0, 0.996)",97
หนองคำย,กฟจ,กฟจ.หนองคำย,S,ใหม่ (1 ม.ค. 2569),legend หน้านี้,"(1.0, 0.635, 0.016)",99
หนองคำย,กฟส,กฟส.โพนพิสัย,S,ใหม่ (1 ม.ค. 2569),legend หน้านี้,"(0.847, 0.573, 0.733)",99
หนองคำย,กฟส,กฟส.สังคม,XS,ใหม่ (1 ม.ค. 2569),legend หน้านี้,"(0.996, 1.0, 0.996)",99
หนองคำย,กฟส,กฟส.ศรีเชียงใหม่,XS,ใหม่ (1 ม.ค. 2569),legend หน้านี้,"(0.996, 1.0, 0.996)",99
หนองคำย,กฟส,กฟส.เฝ้าไร่,XS,ใหม่ (1 ม.ค. 2569),legend หน้านี้,"(0.996, 1.0, 0.996)",99
หนองคำย,กฟส,กฟส.รัตนวาปี,XS,ใหม่ (1 ม.ค. 2569),legend หน้านี้,"(0.996, 1.0, 0.996)",99
หนองคำย,กฟส,กฟส.สระใคร,XS,ใหม่ (1 ม.ค. 2569),legend หน้านี้,"(0.996, 1.0, 0.996)",99
หนองคำย,กฟส,กฟส.โพธิตำก,XS,ใหม่ (1 ม.ค. 2569),legend หน้านี้,"(0.996, 1.0, 0.996)",99
หนองคำย,กฟส,กฟส.ท่าบ่อ,S,ใหม่ (1 ม.ค. 2569),legend หน้านี้,"(0.847, 0.573, 0.733)",99
หนองคำย,กฟส,กฟส.เมืองหนองคำย,L,เดิม (1 ต.ค. 2568),legend หน้านี้,"(0.431, 0.106, 0.416)",99
หนองคำย,กฟส,กฟส.โพนพิสัย,S,เดิม (1 ต.ค. 2568),legend หน้านี้,"(0.847, 0.573, 0.733)",99
หนองคำย,กฟส,กฟส.สังคม,XS,เดิม (1 ต.ค. 2568),legend หน้านี้,"(0.996, 1.0, 0.996)",99
หนองคำย,กฟส,กฟส.ศรีเชียงใหม่,XS,เดิม (1 ต.ค. 2568),legend หน้านี้,"(0.996, 1.0, 0.996)",99
หนองคำย,กฟส,กฟส.เฝ้าไร่,XS,เดิม (1 ต.ค. 2568),legend หน้านี้,"(0.996, 1.0, 0.996)",99
หนองคำย,กฟส,กฟส.รัตนวาปี,XS,เดิม (1 ต.ค. 2568),legend หน้านี้,"(0.996, 1.0, 0.996)",99
หนองคำย,กฟส,กฟส.สระใคร,XS,เดิม (1 ต.ค. 2568),legend หน้านี้,"(0.996, 1.0, 0.996)",99
หนองคำย,กฟส,กฟส.โพธิตำก,XS,เดิม (1 ต.ค. 2568),legend หน้านี้,"(0.996, 1.0, 0.996)",99
หนองคำย,กฟส,กฟส.ท่าบ่อ,S,เดิม (1 ต.ค. 2568),legend หน้านี้,"(0.847, 0.573, 0.733)",99
หนองบัวลำภู,กฟจ,กฟจ.หนองบัวลำภู,S,ใหม่ (1 ม.ค. 2569),legend หน้านี้,"(1.0, 0.635, 0.016)",101
หนองบัวลำภู,กฟส,กฟส.นำกลำง,S,ใหม่ (1 ม.ค. 2569),legend หน้านี้,"(0.847, 0.573, 0.733)",101
หนองบัวลำภู,กฟส,กฟส.สุวรรณคูหำ,XS,ใหม่ (1 ม.ค. 2569),legend หน้านี้,"(0.996, 1.0, 0.996)",101
หนองบัวลำภู,กฟส,กฟส.นำวัง,XS,ใหม่ (1 ม.ค. 2569),legend หน้านี้,"(0.996, 1.0, 0.996)",101
หนองบัวลำภู,กฟส,กฟส.โนนสัง,XS,ใหม่ (1 ม.ค. 2569),legend หน้านี้,"(0.996, 1.0, 0.996)",101
หนองบัวลำภู,กฟส,กฟส.ศรีบุญเรือง,S,ใหม่ (1 ม.ค. 2569),legend หน้านี้,"(0.847, 0.573, 0.733)",101
หนองบัวลำภู,กฟส,กฟส.เมืองหนองบัวลำภู,M,เดิม (1 ต.ค. 2568),legend หน้านี้,"(1.0, 0.855, 0.612)",101
หนองบัวลำภู,กฟส,กฟส.นำกลำง,S,เดิม (1 ต.ค. 2568),legend หน้านี้,"(0.847, 0.573, 0.733)",101
หนองบัวลำภู,กฟส,กฟส.สุวรรณคูหำ,XS,เดิม (1 ต.ค. 2568),legend หน้านี้,"(0.996, 1.0, 0.996)",101
หนองบัวลำภู,กฟส,กฟส.นำวัง,XS,เดิม (1 ต.ค. 2568),legend หน้านี้,"(0.996, 1.0, 0.996)",101
หนองบัวลำภู,กฟส,กฟส.โนนสัง,XS,เดิม (1 ต.ค. 2568),legend หน้านี้,"(0.996, 1.0, 0.996)",101
หนองบัวลำภู,กฟส,กฟส.ศรีบุญเรือง,S,เดิม (1 ต.ค. 2568),legend หน้านี้,"(0.847, 0.573, 0.733)",101
อุดรธำนี,กฟจ,กฟจ.อุดรธำนี,L,ใหม่ (1 ม.ค. 2569),exact,"(0.0, 0.439, 0.753)",103
อุดรธำนี,กฟส,กฟส.บ้านผือ,S,ใหม่ (1 ม.ค. 2569),exact,"(0.847, 0.573, 0.733)",103
อุดรธำนี,กฟส,กฟส.ศรีธำตุ,XS,ใหม่ (1 ม.ค. 2569),exact,"(0.996, 1.0, 0.996)",103
อุดรธำนี,กฟส,กฟส.นำยูง,XS,ใหม่ (1 ม.ค. 2569),exact,"(0.996, 1.0, 0.996)",103
อุดรธำนี,กฟส,กฟส.ไชยวำน,XS,ใหม่ (1 ม.ค. 2569),exact,"(0.996, 1.0, 0.996)",103
อุดรธำนี,กฟส,กฟส.กุมภวำปี,M,ใหม่ (1 ม.ค. 2569),exact,"(1.0, 0.855, 0.612)",103
อุดรธำนี,กฟส,กฟส.หนองหำน,M,ใหม่ (1 ม.ค. 2569),exact,"(1.0, 0.855, 0.612)",103
อุดรธำนี,กฟส,กฟส.น้ำโสม,XS,ใหม่ (1 ม.ค. 2569),exact,"(0.996, 1.0, 0.996)",103
อุดรธำนี,กฟส,กฟส.ทุ่งฝน,XS,ใหม่ (1 ม.ค. 2569),exact,"(0.996, 1.0, 0.996)",103
อุดรธำนี,กฟส,กฟส.วังสำมหมอ,XS,ใหม่ (1 ม.ค. 2569),exact,"(0.996, 1.0, 0.996)",103
อุดรธำนี,กฟส,กฟส.โนนสะอำด,XS,ใหม่ (1 ม.ค. 2569),exact,"(0.996, 1.0, 0.996)",103
อุดรธำนี,กฟส,กฟส.ประจักษ์ศิลปำคม,XS,ใหม่ (1 ม.ค. 2569),exact,"(0.996, 1.0, 0.996)",103
อุดรธำนี,กฟส,กฟส.หนองแสง,XS,ใหม่ (1 ม.ค. 2569),exact,"(0.996, 1.0, 0.996)",103
อุดรธำนี,กฟส,กฟส.เมืองอุดรธำนี2,L,ใหม่ (1 ม.ค. 2569),exact,"(0.431, 0.106, 0.416)",103
อุดรธำนี,กฟส,กฟส.หนองวัวซอ,S,ใหม่ (1 ม.ค. 2569),exact,"(0.847, 0.573, 0.733)",103
อุดรธำนี,กฟส,กฟส.กุดจับ,S,ใหม่ (1 ม.ค. 2569),exact,"(0.847, 0.573, 0.733)",103
อุดรธำนี,กฟส,กฟส.พิบูลย์รักษ์,XS,ใหม่ (1 ม.ค. 2569),exact,"(0.996, 1.0, 0.996)",103
อุดรธำนี,กฟส,กฟส.กู่แก้ว,XS,ใหม่ (1 ม.ค. 2569),exact,"(0.996, 1.0, 0.996)",103
อุดรธำนี,กฟส,กฟส.บ้านดุง,S,ใหม่ (1 ม.ค. 2569),exact,"(0.847, 0.573, 0.733)",103
อุดรธำนี,กฟส,กฟส.เพ็ญ,S,ใหม่ (1 ม.ค. 2569),exact,"(0.847, 0.573, 0.733)",103
อุดรธำนี,กฟส,กฟส.สร้างคอม,XS,ใหม่ (1 ม.ค. 2569),exact,"(0.996, 1.0, 0.996)",103
อุดรธำนี,กฟส,กฟส.เมืองอุดรธำนี,L,เดิม (1 ต.ค. 2568),ใกล้เคียง (ตรวจซ้ำ),"(0.373, 0.18, 0.447)",103
อุดรธำนี,กฟส,กฟส.บ้านผือ,S,เดิม (1 ต.ค. 2568),exact,"(0.847, 0.573, 0.733)",103
อุดรธำนี,กฟส,กฟส.ศรีธำตุ,XS,เดิม (1 ต.ค. 2568),exact,"(0.996, 1.0, 0.996)",103
อุดรธำนี,กฟส,กฟส.นำยูง,XS,เดิม (1 ต.ค. 2568),exact,"(0.996, 1.0, 0.996)",103
อุดรธำนี,กฟส,กฟส.ไชยวำน,XS,เดิม (1 ต.ค. 2568),exact,"(0.996, 1.0, 0.996)",103
อุดรธำนี,กฟส,กฟส.กุมภวำปี,M,เดิม (1 ต.ค. 2568),exact,"(1.0, 0.855, 0.612)",103
อุดรธำนี,กฟส,กฟส.หนองหำน,M,เดิม (1 ต.ค. 2568),exact,"(1.0, 0.855, 0.612)",103
อุดรธำนี,กฟส,กฟส.น้ำโสม,XS,เดิม (1 ต.ค. 2568),exact,"(0.996, 1.0, 0.996)",103
อุดรธำนี,กฟส,กฟส.ทุ่งฝน,XS,เดิม (1 ต.ค. 2568),exact,"(0.996, 1.0, 0.996)",103
อุดรธำนี,กฟส,กฟส.วังสำมหมอ,XS,เดิม (1 ต.ค. 2568),exact,"(0.996, 1.0, 0.996)",103
อุดรธำนี,กฟส,กฟส.โนนสะอำด,XS,เดิม (1 ต.ค. 2568),exact,"(0.996, 1.0, 0.996)",103
อุดรธำนี,กฟส,กฟส.ประจักษ์ศิลปำคม,XS,เดิม (1 ต.ค. 2568),exact,"(0.996, 1.0, 0.996)",103
อุดรธำนี,กฟส,กฟส.หนองแสง,XS,เดิม (1 ต.ค. 2568),exact,"(0.996, 1.0, 0.996)",103
อุดรธำนี,กฟส,กฟส.เมืองอุดรธำนี2,L,เดิม (1 ต.ค. 2568),ใกล้เคียง (ตรวจซ้ำ),"(0.373, 0.18, 0.447)",103
อุดรธำนี,กฟส,กฟส.หนองวัวซอ,S,เดิม (1 ต.ค. 2568),exact,"(0.847, 0.573, 0.733)",103
อุดรธำนี,กฟส,กฟส.กุดจับ,S,เดิม (1 ต.ค. 2568),exact,"(0.847, 0.573, 0.733)",103
อุดรธำนี,กฟส,กฟส.พิบูลย์รักษ์,XS,เดิม (1 ต.ค. 2568),exact,"(0.996, 1.0, 0.996)",103
อุดรธำนี,กฟส,กฟส.กู่แก้ว,XS,เดิม (1 ต.ค. 2568),exact,"(0.996, 1.0, 0.996)",103
อุดรธำนี,กฟส,กฟส.บ้านดุง,S,เดิม (1 ต.ค. 2568),exact,"(0.847, 0.573, 0.733)",103
อุดรธำนี,กฟส,กฟส.เพ็ญ,S,เดิม (1 ต.ค. 2568),exact,"(0.847, 0.573, 0.733)",103
อุดรธำนี,กฟส,กฟส.สร้างคอม,XS,เดิม (1 ต.ค. 2568),exact,"(0.996, 1.0, 0.996)",103
อุบลรำชธำนี,กฟจ,กฟจ.อุบลรำชธำนี,L,ใหม่ (1 ม.ค. 2569),exact,"(0.0, 0.439, 0.753)",105
อุบลรำชธำนี,กฟส,กฟส.วำรินชำรำบ,M,ใหม่ (1 ม.ค. 2569),exact,"(1.0, 0.855, 0.612)",105
อุบลรำชธำนี,กฟส,กฟส.ตระกำรพืชผล,M,ใหม่ (1 ม.ค. 2569),exact,"(1.0, 0.855, 0.612)",105
อุบลรำชธำนี,กฟส,กฟส.ม่วงสามสิบ,S,ใหม่ (1 ม.ค. 2569),exact,"(0.847, 0.573, 0.733)",105
อุบลรำชธำนี,กฟส,กฟส.เขื่องใน,S,ใหม่ (1 ม.ค. 2569),exact,"(0.847, 0.573, 0.733)",105
อุบลรำชธำนี,กฟส,กฟส.ตำลสุม,XS,ใหม่ (1 ม.ค. 2569),exact,"(0.996, 1.0, 0.996)",105
อุบลรำชธำนี,กฟส,กฟส.บ้านกอก,XS,ใหม่ (1 ม.ค. 2569),exact,"(0.996, 1.0, 0.996)",105
อุบลรำชธำนี,กฟส,กฟส.ศรีเมืองใหม่,XS,ใหม่ (1 ม.ค. 2569),exact,"(0.996, 1.0, 0.996)",105
อุบลรำชธำนี,กฟส,กฟส.โพธิไทร,XS,ใหม่ (1 ม.ค. 2569),exact,"(0.996, 1.0, 0.996)",105
อุบลรำชธำนี,กฟส,กฟส.กุดข้าวปุ้น,XS,ใหม่ (1 ม.ค. 2569),exact,"(0.996, 1.0, 0.996)",105
อุบลรำชธำนี,กฟส,กฟส.พิบูลมังสำหำร,S,ใหม่ (1 ม.ค. 2569),exact,"(0.847, 0.573, 0.733)",105
อุบลรำชธำนี,กฟส,กฟส.เขมรำฐ,S,ใหม่ (1 ม.ค. 2569),exact,"(0.847, 0.573, 0.733)",105
อุบลรำชธำนี,กฟส,กฟส.โขงเจียม,XS,ใหม่ (1 ม.ค. 2569),exact,"(0.996, 1.0, 0.996)",105
อุบลรำชธำนี,กฟส,กฟส.สิรินธร,XS,ใหม่ (1 ม.ค. 2569),exact,"(0.996, 1.0, 0.996)",105
อุบลรำชธำนี,กฟส,กฟส.สำโรง,XS,ใหม่ (1 ม.ค. 2569),exact,"(0.996, 1.0, 0.996)",105
อุบลรำชธำนี,กฟส,กฟส.ห้วยขะยุง,XS,ใหม่ (1 ม.ค. 2569),exact,"(0.996, 1.0, 0.996)",105
อุบลรำชธำนี,กฟส,กฟส.สว่างวีระวงศ์,XS,ใหม่ (1 ม.ค. 2569),exact,"(0.996, 1.0, 0.996)",105
อุบลรำชธำนี,กฟส,กฟส.เดชอุดม,L,ใหม่ (1 ม.ค. 2569),exact,"(0.431, 0.106, 0.416)",105
อุบลรำชธำนี,กฟส,กฟส.นำเยีย,XS,ใหม่ (1 ม.ค. 2569),exact,"(0.996, 1.0, 0.996)",105
อุบลรำชธำนี,กฟส,กฟส.ทุ่งศรีอุดม,XS,ใหม่ (1 ม.ค. 2569),exact,"(0.996, 1.0, 0.996)",105
อุบลรำชธำนี,กฟส,กฟส.น้ำยืน,S,ใหม่ (1 ม.ค. 2569),exact,"(0.847, 0.573, 0.733)",105
อุบลรำชธำนี,กฟส,กฟส.บุณฑริก,S,ใหม่ (1 ม.ค. 2569),exact,"(0.847, 0.573, 0.733)",105
อุบลรำชธำนี,กฟส,กฟส.นำจะหลวย,XS,ใหม่ (1 ม.ค. 2569),exact,"(0.996, 1.0, 0.996)",105
อุบลรำชธำนี,กฟส,กฟส.น้ำขุ่น,XS,ใหม่ (1 ม.ค. 2569),exact,"(0.996, 1.0, 0.996)",105
อุบลรำชธำนี,กฟส,กฟส.เมืองอุบลรำชธำนี,L,เดิม (1 ต.ค. 2568),exact,"(0.431, 0.106, 0.416)",105
อุบลรำชธำนี,กฟส,กฟส.วำรินชำรำบ,M,เดิม (1 ต.ค. 2568),exact,"(1.0, 0.855, 0.612)",105
อุบลรำชธำนี,กฟส,กฟส.ตระกำรพืชผล,M,เดิม (1 ต.ค. 2568),exact,"(1.0, 0.855, 0.612)",105
อุบลรำชธำนี,กฟส,กฟส.ม่วงสามสิบ,S,เดิม (1 ต.ค. 2568),exact,"(0.847, 0.573, 0.733)",105
อุบลรำชธำนี,กฟส,กฟส.เขื่องใน,S,เดิม (1 ต.ค. 2568),exact,"(0.847, 0.573, 0.733)",105
อุบลรำชธำนี,กฟส,กฟส.ตำลสุม,XS,เดิม (1 ต.ค. 2568),exact,"(0.996, 1.0, 0.996)",105
อุบลรำชธำนี,กฟส,กฟส.บ้านกอก,XS,เดิม (1 ต.ค. 2568),exact,"(0.996, 1.0, 0.996)",105
อุบลรำชธำนี,กฟส,กฟส.ศรีเมืองใหม่,XS,เดิม (1 ต.ค. 2568),exact,"(0.996, 1.0, 0.996)",105
อุบลรำชธำนี,กฟส,กฟส.โพธิไทร,XS,เดิม (1 ต.ค. 2568),exact,"(0.996, 1.0, 0.996)",105
อุบลรำชธำนี,กฟส,กฟส.กุดข้าวปุ้น,XS,เดิม (1 ต.ค. 2568),exact,"(0.996, 1.0, 0.996)",105
อุบลรำชธำนี,กฟส,กฟส.พิบูลมังสำหำร,S,เดิม (1 ต.ค. 2568),exact,"(0.847, 0.573, 0.733)",105
อุบลรำชธำนี,กฟส,กฟส.เขมรำฐ,S,เดิม (1 ต.ค. 2568),exact,"(0.847, 0.573, 0.733)",105
อุบลรำชธำนี,กฟส,กฟส.โขงเจียม,XS,เดิม (1 ต.ค. 2568),exact,"(0.996, 1.0, 0.996)",105
อุบลรำชธำนี,กฟส,กฟส.สิรินธร,XS,เดิม (1 ต.ค. 2568),exact,"(0.996, 1.0, 0.996)",105
อุบลรำชธำนี,กฟส,กฟส.สำโรง,XS,เดิม (1 ต.ค. 2568),exact,"(0.996, 1.0, 0.996)",105
อุบลรำชธำนี,กฟส,กฟส.ห้วยขะยุง,XS,เดิม (1 ต.ค. 2568),exact,"(0.996, 1.0, 0.996)",105
อุบลรำชธำนี,กฟส,กฟส.สว่างวีระวงศ์,XS,เดิม (1 ต.ค. 2568),exact,"(0.996, 1.0, 0.996)",105
อุบลรำชธำนี,กฟส,กฟส.เดชอุดม,L,เดิม (1 ต.ค. 2568),exact,"(0.431, 0.106, 0.416)",105
อุบลรำชธำนี,กฟส,กฟส.นำเยีย,XS,เดิม (1 ต.ค. 2568),exact,"(0.996, 1.0, 0.996)",105
อุบลรำชธำนี,กฟส,กฟส.ทุ่งศรีอุดม,XS,เดิม (1 ต.ค. 2568),exact,"(0.996, 1.0, 0.996)",105
อุบลรำชธำนี,กฟส,กฟส.น้ำยืน,S,เดิม (1 ต.ค. 2568),exact,"(0.847, 0.573, 0.733)",105
อุบลรำชธำนี,กฟส,กฟส.บุณฑริก,S,เดิม (1 ต.ค. 2568),exact,"(0.847, 0.573, 0.733)",105
อุบลรำชธำนี,กฟส,กฟส.นำจะหลวย,XS,เดิม (1 ต.ค. 2568),exact,"(0.996, 1.0, 0.996)",105
อุบลรำชธำนี,กฟส,กฟส.น้ำขุ่น,XS,เดิม (1 ต.ค. 2568),exact,"(0.996, 1.0, 0.996)",105
ร้อยเอ็ด,กฟจ,กฟจ.ร้อยเอ็ด,S,ใหม่ (1 ม.ค. 2569),legend หน้านี้,"(1.0, 0.635, 0.016)",107
ร้อยเอ็ด,กฟส,กฟส.เสลภูมิ,M,ใหม่ (1 ม.ค. 2569),legend หน้านี้,"(1.0, 0.855, 0.612)",107
ร้อยเอ็ด,กฟส,กฟส.สุวรรณภูมิ,S,ใหม่ (1 ม.ค. 2569),legend หน้านี้,"(0.847, 0.573, 0.733)",107
ร้อยเอ็ด,กฟส,กฟส.เกษตรวิสัย,S,ใหม่ (1 ม.ค. 2569),legend หน้านี้,"(0.847, 0.573, 0.733)",107
ร้อยเอ็ด,กฟส,กฟส.ศรีสมเด็จ,XS,ใหม่ (1 ม.ค. 2569),legend หน้านี้,"(0.996, 1.0, 0.996)",107
ร้อยเอ็ด,กฟส,กฟส.อำจสำมำรถ,S,ใหม่ (1 ม.ค. 2569),legend หน้านี้,"(0.847, 0.573, 0.733)",107
ร้อยเอ็ด,กฟส,กฟส.โพนทอง,S,ใหม่ (1 ม.ค. 2569),legend หน้านี้,"(0.847, 0.573, 0.733)",107
ร้อยเอ็ด,กฟส,กฟส.ทุ่งเขาหลวง,XS,ใหม่ (1 ม.ค. 2569),legend หน้านี้,"(0.996, 1.0, 0.996)",107
ร้อยเอ็ด,กฟส,กฟส.โพธิชัย,XS,ใหม่ (1 ม.ค. 2569),legend หน้านี้,"(0.996, 1.0, 0.996)",107
ร้อยเอ็ด,กฟส,กฟส.จตุรพักตรพิมำน,XS,ใหม่ (1 ม.ค. 2569),legend หน้านี้,"(0.996, 1.0, 0.996)",107
ร้อยเอ็ด,กฟส,กฟส.ธวัชบุรี,XS,ใหม่ (1 ม.ค. 2569),legend หน้านี้,"(0.996, 1.0, 0.996)",107
ร้อยเอ็ด,กฟส,กฟส.เชียงขวัญ,XS,ใหม่ (1 ม.ค. 2569),legend หน้านี้,"(0.996, 1.0, 0.996)",107
ร้อยเอ็ด,กฟส,กฟส.ธงธำนี,XS,ใหม่ (1 ม.ค. 2569),legend หน้านี้,"(0.996, 1.0, 0.996)",107
ร้อยเอ็ด,กฟส,กฟส.เมืองสรวง,XS,ใหม่ (1 ม.ค. 2569),legend หน้านี้,"(0.996, 1.0, 0.996)",107
ร้อยเอ็ด,กฟส,กฟส.โพนทรำย,XS,ใหม่ (1 ม.ค. 2569),legend หน้านี้,"(0.996, 1.0, 0.996)",107
ร้อยเอ็ด,กฟส,กฟส.ปทุมรัตต,XS,ใหม่ (1 ม.ค. 2569),legend หน้านี้,"(0.996, 1.0, 0.996)",107
ร้อยเอ็ด,กฟส,กฟส.เมยวดี,XS,ใหม่ (1 ม.ค. 2569),legend หน้านี้,"(0.996, 1.0, 0.996)",107
ร้อยเอ็ด,กฟส,กฟส.หนองพอก,XS,ใหม่ (1 ม.ค. 2569),legend หน้านี้,"(0.996, 1.0, 0.996)",107
ร้อยเอ็ด,กฟส,กฟส.จังหำร,XS,ใหม่ (1 ม.ค. 2569),legend หน้านี้,"(0.996, 1.0, 0.996)",107
ร้อยเอ็ด,กฟส,กฟส.เมืองร้อยเอ็ด,L,เดิม (1 ต.ค. 2568),ใกล้เคียง (ตรวจซ้ำ),"(0.373, 0.18, 0.447)",107
ร้อยเอ็ด,กฟส,กฟส.เสลภูมิ,M,เดิม (1 ต.ค. 2568),legend หน้านี้,"(1.0, 0.855, 0.612)",107
ร้อยเอ็ด,กฟส,กฟส.สุวรรณภูมิ,S,เดิม (1 ต.ค. 2568),legend หน้านี้,"(0.847, 0.573, 0.733)",107
ร้อยเอ็ด,กฟส,กฟส.เกษตรวิสัย,S,เดิม (1 ต.ค. 2568),legend หน้านี้,"(0.847, 0.573, 0.733)",107
ร้อยเอ็ด,กฟส,กฟส.ศรีสมเด็จ,XS,เดิม (1 ต.ค. 2568),legend หน้านี้,"(0.996, 1.0, 0.996)",107
ร้อยเอ็ด,กฟส,กฟส.อำจสำมำรถ,S,เดิม (1 ต.ค. 2568),legend หน้านี้,"(0.847, 0.573, 0.733)",107
ร้อยเอ็ด,กฟส,กฟส.โพนทอง,S,เดิม (1 ต.ค. 2568),legend หน้านี้,"(0.847, 0.573, 0.733)",107
ร้อยเอ็ด,กฟส,กฟส.ทุ่งเขาหลวง,XS,เดิม (1 ต.ค. 2568),legend หน้านี้,"(0.996, 1.0, 0.996)",107
ร้อยเอ็ด,กฟส,กฟส.โพธิชัย,XS,เดิม (1 ต.ค. 2568),legend หน้านี้,"(0.996, 1.0, 0.996)",107
ร้อยเอ็ด,กฟส,กฟส.จตุรพักตรพิมำน,XS,เดิม (1 ต.ค. 2568),legend หน้านี้,"(0.996, 1.0, 0.996)",107
ร้อยเอ็ด,กฟส,กฟส.ธวัชบุรี,XS,เดิม (1 ต.ค. 2568),legend หน้านี้,"(0.996, 1.0, 0.996)",107
ร้อยเอ็ด,กฟส,กฟส.เชียงขวัญ,XS,เดิม (1 ต.ค. 2568),legend หน้านี้,"(0.996, 1.0, 0.996)",107
ร้อยเอ็ด,กฟส,กฟส.ธงธำนี,XS,เดิม (1 ต.ค. 2568),legend หน้านี้,"(0.996, 1.0, 0.996)",107
ร้อยเอ็ด,กฟส,กฟส.เมืองสรวง,XS,เดิม (1 ต.ค. 2568),legend หน้านี้,"(0.996, 1.0, 0.996)",107
ร้อยเอ็ด,กฟส,กฟส.โพนทรำย,XS,เดิม (1 ต.ค. 2568),legend หน้านี้,"(0.996, 1.0, 0.996)",107
ร้อยเอ็ด,กฟส,กฟส.ปทุมรัตต,XS,เดิม (1 ต.ค. 2568),legend หน้านี้,"(0.996, 1.0, 0.996)",107
ร้อยเอ็ด,กฟส,กฟส.เมยวดี,XS,เดิม (1 ต.ค. 2568),legend หน้านี้,"(0.996, 1.0, 0.996)",107
ร้อยเอ็ด,กฟส,กฟส.หนองพอก,XS,เดิม (1 ต.ค. 2568),legend หน้านี้,"(0.996, 1.0, 0.996)",107
ร้อยเอ็ด,กฟส,กฟส.จังหำร,XS,เดิม (1 ต.ค. 2568),legend หน้านี้,"(0.996, 1.0, 0.996)",107
กาฬสินธุ์,กฟจ,กฟจ.กาฬสินธุ์,S,ใหม่ (1 ม.ค. 2569),legend หน้านี้,"(1.0, 0.635, 0.016)",109
กาฬสินธุ์,กฟส,กฟส.สมเด็จ,M,ใหม่ (1 ม.ค. 2569),legend หน้านี้,"(1.0, 0.855, 0.612)",109
กาฬสินธุ์,กฟส,กฟส.หนองกุงศรี,S,ใหม่ (1 ม.ค. 2569),legend หน้านี้,"(0.847, 0.573, 0.733)",109
กาฬสินธุ์,กฟส,กฟส.ยำงตลำด,S,ใหม่ (1 ม.ค. 2569),legend หน้านี้,"(0.847, 0.573, 0.733)",109
กาฬสินธุ์,กฟส,กฟส.กุฉินำรำยณ,S,ใหม่ (1 ม.ค. 2569),legend หน้านี้,"(0.847, 0.573, 0.733)",109
กาฬสินธุ์,กฟส,กฟส.สำมชัย,XS,ใหม่ (1 ม.ค. 2569),legend หน้านี้,"(0.996, 1.0, 0.996)",109
กาฬสินธุ์,กฟส,กฟส.คำม่วง,XS,ใหม่ (1 ม.ค. 2569),legend หน้านี้,"(0.996, 1.0, 0.996)",109
กาฬสินธุ์,กฟส,กฟส.ร่องคำ,XS,ใหม่ (1 ม.ค. 2569),legend หน้านี้,"(0.996, 1.0, 0.996)",109
กาฬสินธุ์,กฟส,กฟส.ดอนจำน,XS,ใหม่ (1 ม.ค. 2569),legend หน้านี้,"(0.996, 1.0, 0.996)",109
กาฬสินธุ์,กฟส,กฟส.ฆ้องชัย,XS,ใหม่ (1 ม.ค. 2569),legend หน้านี้,"(0.996, 1.0, 0.996)",109
กาฬสินธุ์,กฟส,กฟส.นำคู,XS,ใหม่ (1 ม.ค. 2569),legend หน้านี้,"(0.996, 1.0, 0.996)",109
กาฬสินธุ์,กฟส,กฟส.เขำวง,XS,ใหม่ (1 ม.ค. 2569),legend หน้านี้,"(0.996, 1.0, 0.996)",109
กาฬสินธุ์,กฟส,กฟส.สหัสขันธ์,XS,ใหม่ (1 ม.ค. 2569),legend หน้านี้,"(0.996, 1.0, 0.996)",109
กาฬสินธุ์,กฟส,กฟส.กมลำไสย,XS,ใหม่ (1 ม.ค. 2569),legend หน้านี้,"(0.996, 1.0, 0.996)",109
กาฬสินธุ์,กฟส,กฟส.ห้วยเม็ก,XS,ใหม่ (1 ม.ค. 2569),legend หน้านี้,"(0.996, 1.0, 0.996)",109
กาฬสินธุ์,กฟส,กฟส.ท่าคันโท,XS,ใหม่ (1 ม.ค. 2569),legend หน้านี้,"(0.996, 1.0, 0.996)",109
กาฬสินธุ์,กฟส,กฟส.ห้วยผึ้ง,XS,ใหม่ (1 ม.ค. 2569),legend หน้านี้,"(0.996, 1.0, 0.996)",109
กาฬสินธุ์,กฟส,กฟส.นำมน,XS,ใหม่ (1 ม.ค. 2569),legend หน้านี้,"(0.996, 1.0, 0.996)",109
กาฬสินธุ์,กฟส,กฟส.เมืองกาฬสินธุ์,L,เดิม (1 ต.ค. 2568),legend หน้านี้,"(0.431, 0.106, 0.416)",109
กาฬสินธุ์,กฟส,กฟส.สมเด็จ,M,เดิม (1 ต.ค. 2568),legend หน้านี้,"(1.0, 0.855, 0.612)",109
กาฬสินธุ์,กฟส,กฟส.หนองกุงศรี,S,เดิม (1 ต.ค. 2568),legend หน้านี้,"(0.847, 0.573, 0.733)",109
กาฬสินธุ์,กฟส,กฟส.ยำงตลำด,S,เดิม (1 ต.ค. 2568),legend หน้านี้,"(0.847, 0.573, 0.733)",109
กาฬสินธุ์,กฟส,กฟส.กุฉินำรำยณ,S,เดิม (1 ต.ค. 2568),legend หน้านี้,"(0.847, 0.573, 0.733)",109
กาฬสินธุ์,กฟส,กฟส.สำมชัย,XS,เดิม (1 ต.ค. 2568),legend หน้านี้,"(0.996, 1.0, 0.996)",109
กาฬสินธุ์,กฟส,กฟส.คำม่วง,XS,เดิม (1 ต.ค. 2568),legend หน้านี้,"(0.996, 1.0, 0.996)",109
กาฬสินธุ์,กฟส,กฟส.ร่องคำ,XS,เดิม (1 ต.ค. 2568),legend หน้านี้,"(0.996, 1.0, 0.996)",109
กาฬสินธุ์,กฟส,กฟส.ดอนจำน,XS,เดิม (1 ต.ค. 2568),legend หน้านี้,"(0.996, 1.0, 0.996)",109
กาฬสินธุ์,กฟส,กฟส.ฆ้องชัย,XS,เดิม (1 ต.ค. 2568),legend หน้านี้,"(0.996, 1.0, 0.996)",109
กาฬสินธุ์,กฟส,กฟส.นำคู,XS,เดิม (1 ต.ค. 2568),legend หน้านี้,"(0.996, 1.0, 0.996)",109
กาฬสินธุ์,กฟส,กฟส.เขำวง,XS,เดิม (1 ต.ค. 2568),legend หน้านี้,"(0.996, 1.0, 0.996)",109
กาฬสินธุ์,กฟส,กฟส.สหัสขันธ์,XS,เดิม (1 ต.ค. 2568),legend หน้านี้,"(0.996, 1.0, 0.996)",109
กาฬสินธุ์,กฟส,กฟส.กมลำไสย,XS,เดิม (1 ต.ค. 2568),legend หน้านี้,"(0.996, 1.0, 0.996)",109
กาฬสินธุ์,กฟส,กฟส.ห้วยเม็ก,XS,เดิม (1 ต.ค. 2568),legend หน้านี้,"(0.996, 1.0, 0.996)",109
กาฬสินธุ์,กฟส,กฟส.ท่าคันโท,XS,เดิม (1 ต.ค. 2568),legend หน้านี้,"(0.996, 1.0, 0.996)",109
กาฬสินธุ์,กฟส,กฟส.ห้วยผึ้ง,XS,เดิม (1 ต.ค. 2568),legend หน้านี้,"(0.996, 1.0, 0.996)",109
กาฬสินธุ์,กฟส,กฟส.นำมน,XS,เดิม (1 ต.ค. 2568),legend หน้านี้,"(0.996, 1.0, 0.996)",109
มหำสำรคำม,กฟส,กฟส.วาปีปทุม,S,ใหม่ (1 ม.ค. 2569),legend หน้านี้,"(0.847, 0.573, 0.733)",111
มหำสำรคำม,กฟส,กฟส.แกดำ,XS,ใหม่ (1 ม.ค. 2569),legend หน้านี้,"(0.996, 1.0, 0.996)",111
มหำสำรคำม,กฟส,กฟส.นำเชือก,XS,ใหม่ (1 ม.ค. 2569),legend หน้านี้,"(0.996, 1.0, 0.996)",111
มหำสำรคำม,กฟส,กฟส.พยัคฆภูมิพิสัย,S,ใหม่ (1 ม.ค. 2569),legend หน้านี้,"(0.847, 0.573, 0.733)",111
มหำสำรคำม,กฟส,กฟส.โกสุมพิสัย,S,ใหม่ (1 ม.ค. 2569),legend หน้านี้,"(0.847, 0.573, 0.733)",111
มหำสำรคำม,กฟส,กฟส.เชียงยืน,S,ใหม่ (1 ม.ค. 2569),legend หน้านี้,"(0.847, 0.573, 0.733)",111
มหำสำรคำม,กฟส,กฟส.บรบือ,S,ใหม่ (1 ม.ค. 2569),legend หน้านี้,"(0.847, 0.573, 0.733)",111
มหำสำรคำม,กฟส,กฟส.กันทรวิชัย,M,ใหม่ (1 ม.ค. 2569),legend หน้านี้,"(1.0, 0.855, 0.612)",111
มหำสำรคำม,กฟส,กฟส.ยำงสีสุรำช,XS,ใหม่ (1 ม.ค. 2569),legend หน้านี้,"(0.996, 1.0, 0.996)",111
มหำสำรคำม,กฟส,กฟส.นำดูน,XS,ใหม่ (1 ม.ค. 2569),legend หน้านี้,"(0.996, 1.0, 0.996)",111
มหำสำรคำม,กฟส,กฟส.กุดรัง,XS,ใหม่ (1 ม.ค. 2569),legend หน้านี้,"(0.996, 1.0, 0.996)",111
มหำสำรคำม,กฟส,กฟส.ชื่นชม,XS,ใหม่ (1 ม.ค. 2569),legend หน้านี้,"(0.996, 1.0, 0.996)",111
มหำสำรคำม,กฟจ,กฟจ.มหำสำรคำม,S,ใหม่ (1 ม.ค. 2569),legend หน้านี้,"(1.0, 0.635, 0.016)",111
มหำสำรคำม,กฟส,กฟส.เมืองมหำสำรคำม,L,เดิม (1 ต.ค. 2568),legend หน้านี้,"(0.431, 0.106, 0.416)",111
มหำสำรคำม,กฟส,กฟส.วาปีปทุม,S,เดิม (1 ต.ค. 2568),legend หน้านี้,"(0.847, 0.573, 0.733)",111
มหำสำรคำม,กฟส,กฟส.แกดำ,XS,เดิม (1 ต.ค. 2568),legend หน้านี้,"(0.996, 1.0, 0.996)",111
มหำสำรคำม,กฟส,กฟส.นำเชือก,XS,เดิม (1 ต.ค. 2568),legend หน้านี้,"(0.996, 1.0, 0.996)",111
มหำสำรคำม,กฟส,กฟส.พยัคฆภูมิพิสัย,S,เดิม (1 ต.ค. 2568),legend หน้านี้,"(0.847, 0.573, 0.733)",111
มหำสำรคำม,กฟส,กฟส.โกสุมพิสัย,S,เดิม (1 ต.ค. 2568),legend หน้านี้,"(0.847, 0.573, 0.733)",111
มหำสำรคำม,กฟส,กฟส.เชียงยืน,S,เดิม (1 ต.ค. 2568),legend หน้านี้,"(0.847, 0.573, 0.733)",111
มหำสำรคำม,กฟส,กฟส.บรบือ,S,เดิม (1 ต.ค. 2568),legend หน้านี้,"(0.847, 0.573, 0.733)",111
มหำสำรคำม,กฟส,กฟส.กันทรวิชัย,M,เดิม (1 ต.ค. 2568),legend หน้านี้,"(1.0, 0.855, 0.612)",111
มหำสำรคำม,กฟส,กฟส.ยำงสีสุรำช,XS,เดิม (1 ต.ค. 2568),legend หน้านี้,"(0.996, 1.0, 0.996)",111
มหำสำรคำม,กฟส,กฟส.นำดูน,XS,เดิม (1 ต.ค. 2568),legend หน้านี้,"(0.996, 1.0, 0.996)",111
มหำสำรคำม,กฟส,กฟส.กุดรัง,XS,เดิม (1 ต.ค. 2568),legend หน้านี้,"(0.996, 1.0, 0.996)",111
มหำสำรคำม,กฟส,กฟส.ชื่นชม,XS,เดิม (1 ต.ค. 2568),legend หน้านี้,"(0.996, 1.0, 0.996)",111
มุกดำหำร,กฟจ,กฟจ.มุกดำหำร,S,ใหม่ (1 ม.ค. 2569),legend หน้านี้,"(1.0, 0.635, 0.016)",113
มุกดำหำร,กฟส,กฟส.หว้านใหญ่,XS,ใหม่ (1 ม.ค. 2569),legend หน้านี้,"(0.996, 1.0, 0.996)",113
มุกดำหำร,กฟส,กฟส.หนองสูง,XS,ใหม่ (1 ม.ค. 2569),legend หน้านี้,"(0.996, 1.0, 0.996)",113
มุกดำหำร,กฟส,กฟส.คำชะอี,S,ใหม่ (1 ม.ค. 2569),legend หน้านี้,"(0.847, 0.573, 0.733)",113
มุกดำหำร,กฟส,กฟส.ดงหลวง,XS,ใหม่ (1 ม.ค. 2569),legend หน้านี้,"(0.996, 1.0, 0.996)",113
มุกดำหำร,กฟส,กฟส.นิคมคำสร้อย,XS,ใหม่ (1 ม.ค. 2569),legend หน้านี้,"(0.996, 1.0, 0.996)",113
มุกดำหำร,กฟส,กฟส.ดอนตำล,XS,ใหม่ (1 ม.ค. 2569),legend หน้านี้,"(0.996, 1.0, 0.996)",113
มุกดำหำร,กฟส,กฟส.กกตูม,XS,ใหม่ (1 ม.ค. 2569),legend หน้านี้,"(0.996, 1.0, 0.996)",113
มุกดำหำร,กฟส,กฟส.เมืองมุกดำหำร,M,เดิม (1 ต.ค. 2568),legend หน้านี้,"(1.0, 0.855, 0.612)",113
มุกดำหำร,กฟส,กฟส.หว้านใหญ่,XS,เดิม (1 ต.ค. 2568),legend หน้านี้,"(0.996, 1.0, 0.996)",113
มุกดำหำร,กฟส,กฟส.หนองสูง,XS,เดิม (1 ต.ค. 2568),legend หน้านี้,"(0.996, 1.0, 0.996)",113
มุกดำหำร,กฟส,กฟส.คำชะอี,S,เดิม (1 ต.ค. 2568),legend หน้านี้,"(0.847, 0.573, 0.733)",113
มุกดำหำร,กฟส,กฟส.ดงหลวง,XS,เดิม (1 ต.ค. 2568),legend หน้านี้,"(0.996, 1.0, 0.996)",113
มุกดำหำร,กฟส,กฟส.นิคมคำสร้อย,XS,เดิม (1 ต.ค. 2568),legend หน้านี้,"(0.996, 1.0, 0.996)",113
มุกดำหำร,กฟส,กฟส.ดอนตำล,XS,เดิม (1 ต.ค. 2568),legend หน้านี้,"(0.996, 1.0, 0.996)",113
มุกดำหำร,กฟส,กฟส.กกตูม,XS,เดิม (1 ต.ค. 2568),legend หน้านี้,"(0.996, 1.0, 0.996)",113
ยโสธร,กฟจ,กฟจ.ยโสธร,S,ใหม่ (1 ม.ค. 2569),legend หน้านี้,"(1.0, 0.635, 0.016)",115
ยโสธร,กฟส,กฟส.ป่าติ้ว,XS,ใหม่ (1 ม.ค. 2569),legend หน้านี้,"(0.996, 1.0, 0.996)",115
ยโสธร,กฟส,กฟส.ทรำยมูล,XS,ใหม่ (1 ม.ค. 2569),legend หน้านี้,"(0.996, 1.0, 0.996)",115
ยโสธร,กฟส,กฟส.พนมไพร,S,ใหม่ (1 ม.ค. 2569),legend หน้านี้,"(0.847, 0.573, 0.733)",115
ยโสธร,กฟส,กฟส.ไทยเจริญ,XS,ใหม่ (1 ม.ค. 2569),legend หน้านี้,"(0.996, 1.0, 0.996)",115
ยโสธร,กฟส,กฟส.คำเขื่อนแก้ว,XS,ใหม่ (1 ม.ค. 2569),legend หน้านี้,"(0.996, 1.0, 0.996)",115
ยโสธร,กฟส,กฟส.กุดชุม,XS,ใหม่ (1 ม.ค. 2569),legend หน้านี้,"(0.996, 1.0, 0.996)",115
ยโสธร,กฟส,กฟส.หนองฮี,XS,ใหม่ (1 ม.ค. 2569),legend หน้านี้,"(0.996, 1.0, 0.996)",115
ยโสธร,กฟส,กฟส.มหำชนะชัย,S,ใหม่ (1 ม.ค. 2569),legend หน้านี้,"(0.847, 0.573, 0.733)",115
ยโสธร,กฟส,กฟส.ค้อวัง,XS,ใหม่ (1 ม.ค. 2569),legend หน้านี้,"(0.996, 1.0, 0.996)",115
ยโสธร,กฟส,กฟส.เมืองยโสธร,M,เดิม (1 ต.ค. 2568),legend หน้านี้,"(1.0, 0.855, 0.612)",115
ยโสธร,กฟส,กฟส.ป่าติ้ว,XS,เดิม (1 ต.ค. 2568),legend หน้านี้,"(0.996, 1.0, 0.996)",115
ยโสธร,กฟส,กฟส.ทรำยมูล,XS,เดิม (1 ต.ค. 2568),legend หน้านี้,"(0.996, 1.0, 0.996)",115
ยโสธร,กฟส,กฟส.พนมไพร,S,เดิม (1 ต.ค. 2568),legend หน้านี้,"(0.847, 0.573, 0.733)",115
ยโสธร,กฟส,กฟส.ไทยเจริญ,XS,เดิม (1 ต.ค. 2568),legend หน้านี้,"(0.996, 1.0, 0.996)",115
ยโสธร,กฟส,กฟส.คำเขื่อนแก้ว,XS,เดิม (1 ต.ค. 2568),legend หน้านี้,"(0.996, 1.0, 0.996)",115
ยโสธร,กฟส,กฟส.กุดชุม,XS,เดิม (1 ต.ค. 2568),legend หน้านี้,"(0.996, 1.0, 0.996)",115
ยโสธร,กฟส,กฟส.หนองฮี,XS,เดิม (1 ต.ค. 2568),legend หน้านี้,"(0.996, 1.0, 0.996)",115
ยโสธร,กฟส,กฟส.มหำชนะชัย,S,เดิม (1 ต.ค. 2568),legend หน้านี้,"(0.847, 0.573, 0.733)",115
ยโสธร,กฟส,กฟส.ค้อวัง,XS,เดิม (1 ต.ค. 2568),legend หน้านี้,"(0.996, 1.0, 0.996)",115
ศรีสะเกษ,กฟจ,กฟจ.ศรีสะเกษ,S,ใหม่ (1 ม.ค. 2569),legend หน้านี้,"(1.0, 0.635, 0.016)",117
ศรีสะเกษ,กฟส,กฟส.อุทุมพรพิสัย,S,ใหม่ (1 ม.ค. 2569),legend หน้านี้,"(0.847, 0.573, 0.733)",117
ศรีสะเกษ,กฟส,กฟส.น้ำเกลี้ยง,XS,ใหม่ (1 ม.ค. 2569),legend หน้านี้,"(0.996, 1.0, 0.996)",117
ศรีสะเกษ,กฟส,กฟส.พยุห,XS,ใหม่ (1 ม.ค. 2569),legend หน้านี้,"(0.996, 1.0, 0.996)",117
ศรีสะเกษ,กฟส,กฟส.ขุขันธ,S,ใหม่ (1 ม.ค. 2569),legend หน้านี้,"(0.847, 0.573, 0.733)",117
ศรีสะเกษ,กฟส,กฟส.กันทรารมย์,M,ใหม่ (1 ม.ค. 2569),legend หน้านี้,"(1.0, 0.855, 0.612)",117
ศรีสะเกษ,กฟส,กฟส.รำษีไศล,S,ใหม่ (1 ม.ค. 2569),legend หน้านี้,"(0.847, 0.573, 0.733)",117
ศรีสะเกษ,กฟส,กฟส.ขุนหำญ,S,ใหม่ (1 ม.ค. 2569),legend หน้านี้,"(0.847, 0.573, 0.733)",117
ศรีสะเกษ,กฟส,กฟส.ยางชุมน้อย,XS,ใหม่ (1 ม.ค. 2569),legend หน้านี้,"(0.996, 1.0, 0.996)",117
ศรีสะเกษ,กฟส,กฟส.บึงบูรพ์,XS,ใหม่ (1 ม.ค. 2569),legend หน้านี้,"(0.996, 1.0, 0.996)",117
ศรีสะเกษ,กฟส,กฟส.ห้วยทับทัน,XS,ใหม่ (1 ม.ค. 2569),legend หน้านี้,"(0.996, 1.0, 0.996)",117
ศรีสะเกษ,กฟส,กฟส.ศรีรัตนะ,XS,ใหม่ (1 ม.ค. 2569),legend หน้านี้,"(0.996, 1.0, 0.996)",117
ศรีสะเกษ,กฟส,กฟส.กันทรลักษ,L,ใหม่ (1 ม.ค. 2569),legend หน้านี้,"(0.431, 0.106, 0.416)",117
ศรีสะเกษ,กฟส,กฟส.วังหิน,XS,ใหม่ (1 ม.ค. 2569),legend หน้านี้,"(0.996, 1.0, 0.996)",117
ศรีสะเกษ,กฟส,กฟส.ภูสิงห์,XS,ใหม่ (1 ม.ค. 2569),legend หน้านี้,"(0.996, 1.0, 0.996)",117
ศรีสะเกษ,กฟส,กฟส.ปรางค์กู่,XS,ใหม่ (1 ม.ค. 2569),legend หน้านี้,"(0.996, 1.0, 0.996)",117
ศรีสะเกษ,กฟส,กฟส.โนนคูณ,XS,ใหม่ (1 ม.ค. 2569),legend หน้านี้,"(0.996, 1.0, 0.996)",117
ศรีสะเกษ,กฟส,กฟส.เบญจลักษ,XS,ใหม่ (1 ม.ค. 2569),legend หน้านี้,"(0.996, 1.0, 0.996)",117
ศรีสะเกษ,กฟส,กฟส.ไพรบึง,XS,ใหม่ (1 ม.ค. 2569),legend หน้านี้,"(0.996, 1.0, 0.996)",117
ศรีสะเกษ,กฟส,กฟส.เมืองศรีสะเกษ,L,เดิม (1 ต.ค. 2568),legend หน้านี้,"(0.431, 0.106, 0.416)",117
ศรีสะเกษ,กฟส,กฟส.อุทุมพรพิสัย,S,เดิม (1 ต.ค. 2568),legend หน้านี้,"(0.847, 0.573, 0.733)",117
ศรีสะเกษ,กฟส,กฟส.น้ำเกลี้ยง,XS,เดิม (1 ต.ค. 2568),legend หน้านี้,"(0.996, 1.0, 0.996)",117
ศรีสะเกษ,กฟส,กฟส.พยุห,XS,เดิม (1 ต.ค. 2568),legend หน้านี้,"(0.996, 1.0, 0.996)",117
ศรีสะเกษ,กฟส,กฟส.ขุขันธ,S,เดิม (1 ต.ค. 2568),legend หน้านี้,"(0.847, 0.573, 0.733)",117
ศรีสะเกษ,กฟส,กฟส.กันทรารมย์,M,เดิม (1 ต.ค. 2568),legend หน้านี้,"(1.0, 0.855, 0.612)",117
ศรีสะเกษ,กฟส,กฟส.รำษีไศล,S,เดิม (1 ต.ค. 2568),legend หน้านี้,"(0.847, 0.573, 0.733)",117
ศรีสะเกษ,กฟส,กฟส.ขุนหำญ,S,เดิม (1 ต.ค. 2568),legend หน้านี้,"(0.847, 0.573, 0.733)",117
ศรีสะเกษ,กฟส,กฟส.ยางชุมน้อย,XS,เดิม (1 ต.ค. 2568),legend หน้านี้,"(0.996, 1.0, 0.996)",117
ศรีสะเกษ,กฟส,กฟส.บึงบูรพ์,XS,เดิม (1 ต.ค. 2568),legend หน้านี้,"(0.996, 1.0, 0.996)",117
ศรีสะเกษ,กฟส,กฟส.ห้วยทับทัน,XS,เดิม (1 ต.ค. 2568),legend หน้านี้,"(0.996, 1.0, 0.996)",117
ศรีสะเกษ,กฟส,กฟส.ศรีรัตนะ,XS,เดิม (1 ต.ค. 2568),legend หน้านี้,"(0.996, 1.0, 0.996)",117
ศรีสะเกษ,กฟส,กฟส.กันทรลักษ,L,เดิม (1 ต.ค. 2568),legend หน้านี้,"(0.431, 0.106, 0.416)",117
ศรีสะเกษ,กฟส,กฟส.วังหิน,XS,เดิม (1 ต.ค. 2568),legend หน้านี้,"(0.996, 1.0, 0.996)",117
ศรีสะเกษ,กฟส,กฟส.ภูสิงห์,XS,เดิม (1 ต.ค. 2568),legend หน้านี้,"(0.996, 1.0, 0.996)",117
ศรีสะเกษ,กฟส,กฟส.ปรางค์กู่,XS,เดิม (1 ต.ค. 2568),legend หน้านี้,"(0.996, 1.0, 0.996)",117
ศรีสะเกษ,กฟส,กฟส.โนนคูณ,XS,เดิม (1 ต.ค. 2568),legend หน้านี้,"(0.996, 1.0, 0.996)",117
ศรีสะเกษ,กฟส,กฟส.เบญจลักษ,XS,เดิม (1 ต.ค. 2568),legend หน้านี้,"(0.996, 1.0, 0.996)",117
ศรีสะเกษ,กฟส,กฟส.ไพรบึง,XS,เดิม (1 ต.ค. 2568),legend หน้านี้,"(0.996, 1.0, 0.996)",117
อำนำจเจริญ,กฟจ,กฟจ.อำนำจเจริญ,S,ใหม่ (1 ม.ค. 2569),legend หน้านี้,"(1.0, 0.635, 0.016)",119
อำนำจเจริญ,กฟส,กฟส.ปทุมรำชวงศำ,XS,ใหม่ (1 ม.ค. 2569),legend หน้านี้,"(0.996, 1.0, 0.996)",119
อำนำจเจริญ,กฟส,กฟส.พนำ,XS,ใหม่ (1 ม.ค. 2569),legend หน้านี้,"(0.996, 1.0, 0.996)",119
อำนำจเจริญ,กฟส,กฟส.เลิงนกทำ,S,ใหม่ (1 ม.ค. 2569),legend หน้านี้,"(0.847, 0.573, 0.733)",119
อำนำจเจริญ,กฟส,กฟส.ชำนุมำน,XS,ใหม่ (1 ม.ค. 2569),legend หน้านี้,"(0.996, 1.0, 0.996)",119
อำนำจเจริญ,กฟส,กฟส.เสนำงคนิคม,XS,ใหม่ (1 ม.ค. 2569),legend หน้านี้,"(0.996, 1.0, 0.996)",119
อำนำจเจริญ,กฟส,กฟส.ลืออำนำจ,XS,ใหม่ (1 ม.ค. 2569),legend หน้านี้,"(0.996, 1.0, 0.996)",119
อำนำจเจริญ,กฟส,กฟส.หัวตะพำน,XS,ใหม่ (1 ม.ค. 2569),legend หน้านี้,"(0.996, 1.0, 0.996)",119
อำนำจเจริญ,กฟส,กฟส.เมืองอำนำจเจริญ,M,เดิม (1 ต.ค. 2568),legend หน้านี้,"(1.0, 0.855, 0.612)",119
อำนำจเจริญ,กฟส,กฟส.ปทุมรำชวงศำ,XS,เดิม (1 ต.ค. 2568),legend หน้านี้,"(0.996, 1.0, 0.996)",119
อำนำจเจริญ,กฟส,กฟส.พนำ,XS,เดิม (1 ต.ค. 2568),legend หน้านี้,"(0.996, 1.0, 0.996)",119
อำนำจเจริญ,กฟส,กฟส.เลิงนกทำ,S,เดิม (1 ต.ค. 2568),legend หน้านี้,"(0.847, 0.573, 0.733)",119
อำนำจเจริญ,กฟส,กฟส.ชำนุมำน,XS,เดิม (1 ต.ค. 2568),legend หน้านี้,"(0.996, 1.0, 0.996)",119
อำนำจเจริญ,กฟส,กฟส.เสนำงคนิคม,XS,เดิม (1 ต.ค. 2568),legend หน้านี้,"(0.996, 1.0, 0.996)",119
อำนำจเจริญ,กฟส,กฟส.ลืออำนำจ,XS,เดิม (1 ต.ค. 2568),legend หน้านี้,"(0.996, 1.0, 0.996)",119
อำนำจเจริญ,กฟส,กฟส.หัวตะพำน,XS,เดิม (1 ต.ค. 2568),legend หน้านี้,"(0.996, 1.0, 0.996)",119
นครรำชสีมำ,กฟจ,กฟจ.นครรำชสีมำ,L,ใหม่ (1 ม.ค. 2569),exact,"(0.0, 0.439, 0.753)",121
นครรำชสีมำ,กฟส,กฟส.โนนไทย,S,ใหม่ (1 ม.ค. 2569),ใกล้เคียง (ตรวจซ้ำ),"(0.898, 0.714, 0.82)",121
นครรำชสีมำ,กฟส,กฟส.พระทองคำ,XS,ใหม่ (1 ม.ค. 2569),exact,"(0.996, 1.0, 0.996)",121
นครรำชสีมำ,กฟส,กฟส.เมืองนครรำชสีมำ2(หัวทะเล),M,ใหม่ (1 ม.ค. 2569),exact,"(1.0, 0.855, 0.612)",121
นครรำชสีมำ,กฟส,กฟส.พิมำย,M,ใหม่ (1 ม.ค. 2569),exact,"(1.0, 0.855, 0.612)",121
นครรำชสีมำ,กฟส,กฟส.เมืองนครรำชสีมำ3(สุรนำรี),M,ใหม่ (1 ม.ค. 2569),exact,"(1.0, 0.855, 0.612)",121
นครรำชสีมำ,กฟส,กฟส.โชคชัย,M,ใหม่ (1 ม.ค. 2569),exact,"(1.0, 0.855, 0.612)",121
นครรำชสีมำ,กฟส,กฟส.ปักธงชัย,M,ใหม่ (1 ม.ค. 2569),exact,"(1.0, 0.855, 0.612)",121
นครรำชสีมำ,กฟส,กฟส.สีคิ้ว,M,ใหม่ (1 ม.ค. 2569),exact,"(1.0, 0.855, 0.612)",121
นครรำชสีมำ,กฟส,กฟส.บัวใหญ่,M,ใหม่ (1 ม.ค. 2569),exact,"(1.0, 0.855, 0.612)",121
นครรำชสีมำ,กฟส,กฟส.ปากช่อง,L,ใหม่ (1 ม.ค. 2569),exact,"(0.431, 0.106, 0.416)",121
นครรำชสีมำ,กฟส,กฟส.โนนสูง,S,ใหม่ (1 ม.ค. 2569),ใกล้เคียง (ตรวจซ้ำ),"(0.898, 0.714, 0.82)",121
นครรำชสีมำ,กฟส,กฟส.จอหอ,S,ใหม่ (1 ม.ค. 2569),ใกล้เคียง (ตรวจซ้ำ),"(0.898, 0.714, 0.82)",121
นครรำชสีมำ,กฟส,กฟส.จักรำช,S,ใหม่ (1 ม.ค. 2569),ใกล้เคียง (ตรวจซ้ำ),"(0.898, 0.714, 0.82)",121
นครรำชสีมำ,กฟส,กฟส.ชุมพวง,S,ใหม่ (1 ม.ค. 2569),ใกล้เคียง (ตรวจซ้ำ),"(0.898, 0.714, 0.82)",121
นครรำชสีมำ,กฟส,กฟส.หนองบุญมำก,S,ใหม่ (1 ม.ค. 2569),ใกล้เคียง (ตรวจซ้ำ),"(0.898, 0.714, 0.82)",121
นครรำชสีมำ,กฟส,กฟส.ครบุรี,S,ใหม่ (1 ม.ค. 2569),ใกล้เคียง (ตรวจซ้ำ),"(0.898, 0.714, 0.82)",121
นครรำชสีมำ,กฟส,กฟส.เสิงสำง,S,ใหม่ (1 ม.ค. 2569),ใกล้เคียง (ตรวจซ้ำ),"(0.898, 0.714, 0.82)",121
นครรำชสีมำ,กฟส,กฟส.วังน้ำเขียว,S,ใหม่ (1 ม.ค. 2569),ใกล้เคียง (ตรวจซ้ำ),"(0.898, 0.714, 0.82)",121
นครรำชสีมำ,กฟส,กฟส.คง,S,ใหม่ (1 ม.ค. 2569),ใกล้เคียง (ตรวจซ้ำ),"(0.898, 0.714, 0.82)",121
นครรำชสีมำ,กฟส,กฟส.ประทำย,S,ใหม่ (1 ม.ค. 2569),ใกล้เคียง (ตรวจซ้ำ),"(0.898, 0.714, 0.82)",121
นครรำชสีมำ,กฟส,กฟส.ด่านขุนทด,S,ใหม่ (1 ม.ค. 2569),ใกล้เคียง (ตรวจซ้ำ),"(0.898, 0.714, 0.82)",121
นครรำชสีมำ,กฟส,กฟส.สูงเนิน,S,ใหม่ (1 ม.ค. 2569),ใกล้เคียง (ตรวจซ้ำ),"(0.898, 0.714, 0.82)",121
นครรำชสีมำ,กฟส,กฟส.หมูสี,S,ใหม่ (1 ม.ค. 2569),ใกล้เคียง (ตรวจซ้ำ),"(0.898, 0.714, 0.82)",121
นครรำชสีมำ,กฟส,กฟส.ขำมสะแกแสง,XS,ใหม่ (1 ม.ค. 2569),exact,"(0.996, 1.0, 0.996)",121
นครรำชสีมำ,กฟส,กฟส.ห้วยแถลง,XS,ใหม่ (1 ม.ค. 2569),exact,"(0.996, 1.0, 0.996)",121
นครรำชสีมำ,กฟส,กฟส.เฉลิมพระเกียรติ,XS,ใหม่ (1 ม.ค. 2569),exact,"(0.996, 1.0, 0.996)",121
นครรำชสีมำ,กฟส,กฟส.ขำมทะเลสอ,XS,ใหม่ (1 ม.ค. 2569),exact,"(0.996, 1.0, 0.996)",121
นครรำชสีมำ,กฟส,กฟส.เมืองยำง,XS,ใหม่ (1 ม.ค. 2569),exact,"(0.996, 1.0, 0.996)",121
นครรำชสีมำ,กฟส,กฟส.คลองม่วง,XS,ใหม่ (1 ม.ค. 2569),exact,"(0.996, 1.0, 0.996)",121
นครรำชสีมำ,กฟส,กฟส.กลำงดง,XS,ใหม่ (1 ม.ค. 2569),exact,"(0.996, 1.0, 0.996)",121
นครรำชสีมำ,กฟส,กฟส.ห้วยบง,XS,ใหม่ (1 ม.ค. 2569),exact,"(0.996, 1.0, 0.996)",121
นครรำชสีมำ,กฟส,กฟส.บัวลำย,XS,ใหม่ (1 ม.ค. 2569),exact,"(0.996, 1.0, 0.996)",121
นครรำชสีมำ,กฟส,กฟส.แก้งสนามนำง,XS,ใหม่ (1 ม.ค. 2569),exact,"(0.996, 1.0, 0.996)",121
นครรำชสีมำ,กฟส,กฟส.บ้านเหลื่อม,XS,ใหม่ (1 ม.ค. 2569),exact,"(0.996, 1.0, 0.996)",121
นครรำชสีมำ,กฟส,กฟส.โนนแดง,XS,ใหม่ (1 ม.ค. 2569),exact,"(0.996, 1.0, 0.996)",121
นครรำชสีมำ,กฟส,กฟส.เทพารักษ์,XS,ใหม่ (1 ม.ค. 2569),exact,"(0.996, 1.0, 0.996)",121
นครรำชสีมำ,กฟส,กฟส.เมืองนครรำชสีมำ,L,เดิม (1 ต.ค. 2568),exact,"(0.431, 0.106, 0.416)",121
นครรำชสีมำ,กฟส,กฟส.โนนไทย,S,เดิม (1 ต.ค. 2568),ใกล้เคียง (ตรวจซ้ำ),"(0.898, 0.714, 0.82)",121
นครรำชสีมำ,กฟส,กฟส.พระทองคำ,XS,เดิม (1 ต.ค. 2568),exact,"(0.996, 1.0, 0.996)",121
นครรำชสีมำ,กฟส,กฟส.เมืองนครรำชสีมำ2(หัวทะเล),M,เดิม (1 ต.ค. 2568),exact,"(1.0, 0.855, 0.612)",121
นครรำชสีมำ,กฟส,กฟส.พิมำย,M,เดิม (1 ต.ค. 2568),exact,"(1.0, 0.855, 0.612)",121
นครรำชสีมำ,กฟส,กฟส.เมืองนครรำชสีมำ3(สุรนำรี),M,เดิม (1 ต.ค. 2568),exact,"(1.0, 0.855, 0.612)",121
นครรำชสีมำ,กฟส,กฟส.โชคชัย,M,เดิม (1 ต.ค. 2568),exact,"(1.0, 0.855, 0.612)",121
นครรำชสีมำ,กฟส,กฟส.ปักธงชัย,M,เดิม (1 ต.ค. 2568),exact,"(1.0, 0.855, 0.612)",121
นครรำชสีมำ,กฟส,กฟส.สีคิ้ว,M,เดิม (1 ต.ค. 2568),exact,"(1.0, 0.855, 0.612)",121
นครรำชสีมำ,กฟส,กฟส.บัวใหญ่,M,เดิม (1 ต.ค. 2568),exact,"(1.0, 0.855, 0.612)",121
นครรำชสีมำ,กฟส,กฟส.ปากช่อง,L,เดิม (1 ต.ค. 2568),exact,"(0.431, 0.106, 0.416)",121
นครรำชสีมำ,กฟส,กฟส.โนนสูง,S,เดิม (1 ต.ค. 2568),ใกล้เคียง (ตรวจซ้ำ),"(0.898, 0.714, 0.82)",121
นครรำชสีมำ,กฟส,กฟส.จอหอ,S,เดิม (1 ต.ค. 2568),ใกล้เคียง (ตรวจซ้ำ),"(0.898, 0.714, 0.82)",121
นครรำชสีมำ,กฟส,กฟส.จักรำช,S,เดิม (1 ต.ค. 2568),ใกล้เคียง (ตรวจซ้ำ),"(0.898, 0.714, 0.82)",121
นครรำชสีมำ,กฟส,กฟส.ชุมพวง,S,เดิม (1 ต.ค. 2568),ใกล้เคียง (ตรวจซ้ำ),"(0.898, 0.714, 0.82)",121
นครรำชสีมำ,กฟส,กฟส.หนองบุญมำก,S,เดิม (1 ต.ค. 2568),ใกล้เคียง (ตรวจซ้ำ),"(0.898, 0.714, 0.82)",121
นครรำชสีมำ,กฟส,กฟส.ครบุรี,S,เดิม (1 ต.ค. 2568),ใกล้เคียง (ตรวจซ้ำ),"(0.898, 0.714, 0.82)",121
นครรำชสีมำ,กฟส,กฟส.เสิงสำง,S,เดิม (1 ต.ค. 2568),ใกล้เคียง (ตรวจซ้ำ),"(0.898, 0.714, 0.82)",121
นครรำชสีมำ,กฟส,กฟส.วังน้ำเขียว,S,เดิม (1 ต.ค. 2568),ใกล้เคียง (ตรวจซ้ำ),"(0.898, 0.714, 0.82)",121
นครรำชสีมำ,กฟส,กฟส.คง,S,เดิม (1 ต.ค. 2568),ใกล้เคียง (ตรวจซ้ำ),"(0.898, 0.714, 0.82)",121
นครรำชสีมำ,กฟส,กฟส.ประทำย,S,เดิม (1 ต.ค. 2568),ใกล้เคียง (ตรวจซ้ำ),"(0.898, 0.714, 0.82)",121
นครรำชสีมำ,กฟส,กฟส.ด่านขุนทด,S,เดิม (1 ต.ค. 2568),ใกล้เคียง (ตรวจซ้ำ),"(0.898, 0.714, 0.82)",121
นครรำชสีมำ,กฟส,กฟส.สูงเนิน,S,เดิม (1 ต.ค. 2568),ใกล้เคียง (ตรวจซ้ำ),"(0.898, 0.714, 0.82)",121
นครรำชสีมำ,กฟส,กฟส.หมูสี,S,เดิม (1 ต.ค. 2568),ใกล้เคียง (ตรวจซ้ำ),"(0.898, 0.714, 0.82)",121
นครรำชสีมำ,กฟส,กฟส.ขำมสะแกแสง,XS,เดิม (1 ต.ค. 2568),exact,"(0.996, 1.0, 0.996)",121
นครรำชสีมำ,กฟส,กฟส.ห้วยแถลง,XS,เดิม (1 ต.ค. 2568),exact,"(0.996, 1.0, 0.996)",121
นครรำชสีมำ,กฟส,กฟส.เฉลิมพระเกียรติ,XS,เดิม (1 ต.ค. 2568),exact,"(0.996, 1.0, 0.996)",121
นครรำชสีมำ,กฟส,กฟส.ขำมทะเลสอ,XS,เดิม (1 ต.ค. 2568),exact,"(0.996, 1.0, 0.996)",121
นครรำชสีมำ,กฟส,กฟส.เมืองยำง,XS,เดิม (1 ต.ค. 2568),exact,"(0.996, 1.0, 0.996)",121
นครรำชสีมำ,กฟส,กฟส.คลองม่วง,XS,เดิม (1 ต.ค. 2568),exact,"(0.996, 1.0, 0.996)",121
นครรำชสีมำ,กฟส,กฟส.กลำงดง,XS,เดิม (1 ต.ค. 2568),exact,"(0.996, 1.0, 0.996)",121
นครรำชสีมำ,กฟส,กฟส.ห้วยบง,XS,เดิม (1 ต.ค. 2568),exact,"(0.996, 1.0, 0.996)",121
นครรำชสีมำ,กฟส,กฟส.บัวลำย,XS,เดิม (1 ต.ค. 2568),exact,"(0.996, 1.0, 0.996)",121
นครรำชสีมำ,กฟส,กฟส.แก้งสนามนำง,XS,เดิม (1 ต.ค. 2568),exact,"(0.996, 1.0, 0.996)",121
นครรำชสีมำ,กฟส,กฟส.บ้านเหลื่อม,XS,เดิม (1 ต.ค. 2568),exact,"(0.996, 1.0, 0.996)",121
นครรำชสีมำ,กฟส,กฟส.โนนแดง,XS,เดิม (1 ต.ค. 2568),exact,"(0.996, 1.0, 0.996)",121
นครรำชสีมำ,กฟส,กฟส.เทพารักษ์,XS,เดิม (1 ต.ค. 2568),exact,"(0.996, 1.0, 0.996)",121
ชัยภูมิ,กฟจ,กฟจ.ชัยภูมิ,S,ใหม่ (1 ม.ค. 2569),legend หน้านี้,"(1.0, 0.635, 0.016)",123
ชัยภูมิ,กฟส,กฟส.แก้งคร้อ,S,ใหม่ (1 ม.ค. 2569),legend หน้านี้,"(0.847, 0.573, 0.733)",123
ชัยภูมิ,กฟส,กฟส.จัตุรัส,S,ใหม่ (1 ม.ค. 2569),legend หน้านี้,"(0.847, 0.573, 0.733)",123
ชัยภูมิ,กฟส,กฟส.บำเหน็จณรงค์,S,ใหม่ (1 ม.ค. 2569),legend หน้านี้,"(0.847, 0.573, 0.733)",123
ชัยภูมิ,กฟส,กฟส.หนองบัวแดง,S,ใหม่ (1 ม.ค. 2569),legend หน้านี้,"(0.847, 0.573, 0.733)",123
ชัยภูมิ,กฟส,กฟส.เกษตรสมบูรณ์,S,ใหม่ (1 ม.ค. 2569),legend หน้านี้,"(0.847, 0.573, 0.733)",123
ชัยภูมิ,กฟส,กฟส.บ้านเขว้า,XS,ใหม่ (1 ม.ค. 2569),legend หน้านี้,"(0.996, 1.0, 0.996)",123
ชัยภูมิ,กฟส,กฟส.คอนสวรรค์,XS,ใหม่ (1 ม.ค. 2569),legend หน้านี้,"(0.996, 1.0, 0.996)",123
ชัยภูมิ,กฟส,กฟส.ภักดีชุมพล,XS,ใหม่ (1 ม.ค. 2569),legend หน้านี้,"(0.996, 1.0, 0.996)",123
ชัยภูมิ,กฟส,กฟส.คอนสำร,XS,ใหม่ (1 ม.ค. 2569),legend หน้านี้,"(0.996, 1.0, 0.996)",123
ชัยภูมิ,กฟส,กฟส.ภูเขียว,M,ใหม่ (1 ม.ค. 2569),legend หน้านี้,"(1.0, 0.855, 0.612)",123
ชัยภูมิ,กฟส,กฟส.หนองบัวระเหว,XS,ใหม่ (1 ม.ค. 2569),legend หน้านี้,"(0.996, 1.0, 0.996)",123
ชัยภูมิ,กฟส,กฟส.เนินสง่า,XS,ใหม่ (1 ม.ค. 2569),legend หน้านี้,"(0.996, 1.0, 0.996)",123
ชัยภูมิ,กฟส,กฟส.บ้านแท่น,XS,ใหม่ (1 ม.ค. 2569),legend หน้านี้,"(0.996, 1.0, 0.996)",123
ชัยภูมิ,กฟส,กฟส.เทพสถิต,XS,ใหม่ (1 ม.ค. 2569),legend หน้านี้,"(0.996, 1.0, 0.996)",123
ชัยภูมิ,กฟส,กฟส.เมืองชัยภูมิ,L,เดิม (1 ต.ค. 2568),legend หน้านี้,"(0.431, 0.106, 0.416)",123
ชัยภูมิ,กฟส,กฟส.แก้งคร้อ,S,เดิม (1 ต.ค. 2568),legend หน้านี้,"(0.847, 0.573, 0.733)",123
ชัยภูมิ,กฟส,กฟส.จัตุรัส,S,เดิม (1 ต.ค. 2568),legend หน้านี้,"(0.847, 0.573, 0.733)",123
ชัยภูมิ,กฟส,กฟส.บำเหน็จณรงค์,S,เดิม (1 ต.ค. 2568),legend หน้านี้,"(0.847, 0.573, 0.733)",123
ชัยภูมิ,กฟส,กฟส.หนองบัวแดง,S,เดิม (1 ต.ค. 2568),legend หน้านี้,"(0.847, 0.573, 0.733)",123
ชัยภูมิ,กฟส,กฟส.เกษตรสมบูรณ์,S,เดิม (1 ต.ค. 2568),legend หน้านี้,"(0.847, 0.573, 0.733)",123
ชัยภูมิ,กฟส,กฟส.บ้านเขว้า,XS,เดิม (1 ต.ค. 2568),legend หน้านี้,"(0.996, 1.0, 0.996)",123
ชัยภูมิ,กฟส,กฟส.คอนสวรรค์,XS,เดิม (1 ต.ค. 2568),legend หน้านี้,"(0.996, 1.0, 0.996)",123
ชัยภูมิ,กฟส,กฟส.ภักดีชุมพล,XS,เดิม (1 ต.ค. 2568),legend หน้านี้,"(0.996, 1.0, 0.996)",123
ชัยภูมิ,กฟส,กฟส.คอนสำร,XS,เดิม (1 ต.ค. 2568),legend หน้านี้,"(0.996, 1.0, 0.996)",123
ชัยภูมิ,กฟส,กฟส.ภูเขียว,M,เดิม (1 ต.ค. 2568),legend หน้านี้,"(1.0, 0.855, 0.612)",123
ชัยภูมิ,กฟส,กฟส.หนองบัวระเหว,XS,เดิม (1 ต.ค. 2568),legend หน้านี้,"(0.996, 1.0, 0.996)",123
ชัยภูมิ,กฟส,กฟส.เนินสง่า,XS,เดิม (1 ต.ค. 2568),legend หน้านี้,"(0.996, 1.0, 0.996)",123
ชัยภูมิ,กฟส,กฟส.บ้านแท่น,XS,เดิม (1 ต.ค. 2568),legend หน้านี้,"(0.996, 1.0, 0.996)",123
ชัยภูมิ,กฟส,กฟส.เทพสถิต,XS,เดิม (1 ต.ค. 2568),legend หน้านี้,"(0.996, 1.0, 0.996)",123
บุรีรัมย์,กฟจ,กฟจ.บุรีรัมย์,S,ใหม่ (1 ม.ค. 2569),legend หน้านี้,"(1.0, 0.635, 0.016)",125
บุรีรัมย์,กฟส,กฟส.นำงรอง,L,ใหม่ (1 ม.ค. 2569),legend หน้านี้,"(0.431, 0.106, 0.416)",125
บุรีรัมย์,กฟส,กฟส.ลำปลำยมำศ,S,ใหม่ (1 ม.ค. 2569),legend หน้านี้,"(0.847, 0.573, 0.733)",125
บุรีรัมย์,กฟส,กฟส.สตึก,S,ใหม่ (1 ม.ค. 2569),legend หน้านี้,"(0.847, 0.573, 0.733)",125
บุรีรัมย์,กฟส,กฟส.พุทไธสง,S,ใหม่ (1 ม.ค. 2569),legend หน้านี้,"(0.847, 0.573, 0.733)",125
บุรีรัมย์,กฟส,กฟส.คูเมือง,S,ใหม่ (1 ม.ค. 2569),legend หน้านี้,"(0.847, 0.573, 0.733)",125
บุรีรัมย์,กฟส,กฟส.หนองหงส์,XS,ใหม่ (1 ม.ค. 2569),legend หน้านี้,"(0.996, 1.0, 0.996)",125
บุรีรัมย์,กฟส,กฟส.แคนดง,XS,ใหม่ (1 ม.ค. 2569),legend หน้านี้,"(0.996, 1.0, 0.996)",125
บุรีรัมย์,กฟส,กฟส.บ้านใหม่ไชยพจน์,XS,ใหม่ (1 ม.ค. 2569),legend หน้านี้,"(0.996, 1.0, 0.996)",125
บุรีรัมย์,กฟส,กฟส.กระสัง,S,ใหม่ (1 ม.ค. 2569),legend หน้านี้,"(0.847, 0.573, 0.733)",125
บุรีรัมย์,กฟส,กฟส.นำโพธิ,XS,ใหม่ (1 ม.ค. 2569),legend หน้านี้,"(0.996, 1.0, 0.996)",125
บุรีรัมย์,กฟส,กฟส.ประโคนชัย,S,ใหม่ (1 ม.ค. 2569),legend หน้านี้,"(0.847, 0.573, 0.733)",125
บุรีรัมย์,กฟส,กฟส.หนองกี่,S,ใหม่ (1 ม.ค. 2569),legend หน้านี้,"(0.847, 0.573, 0.733)",125
บุรีรัมย์,กฟส,กฟส.ละหำนทรำย,S,ใหม่ (1 ม.ค. 2569),legend หน้านี้,"(0.847, 0.573, 0.733)",125
บุรีรัมย์,กฟส,กฟส.บ้านกรวด,S,ใหม่ (1 ม.ค. 2569),legend หน้านี้,"(0.847, 0.573, 0.733)",125
บุรีรัมย์,กฟส,กฟส.ปะคำ,XS,ใหม่ (1 ม.ค. 2569),legend หน้านี้,"(0.996, 1.0, 0.996)",125
บุรีรัมย์,กฟส,กฟส.พลับพลำชัย,XS,ใหม่ (1 ม.ค. 2569),legend หน้านี้,"(0.996, 1.0, 0.996)",125
บุรีรัมย์,กฟส,กฟส.โนนดินแดง,XS,ใหม่ (1 ม.ค. 2569),legend หน้านี้,"(0.996, 1.0, 0.996)",125
บุรีรัมย์,กฟส,กฟส.เมืองบุรีรัมย์,L,เดิม (1 ต.ค. 2568),legend หน้านี้,"(0.431, 0.106, 0.416)",125
บุรีรัมย์,กฟส,กฟส.นำงรอง,L,เดิม (1 ต.ค. 2568),legend หน้านี้,"(0.431, 0.106, 0.416)",125
บุรีรัมย์,กฟส,กฟส.ลำปลำยมำศ,S,เดิม (1 ต.ค. 2568),legend หน้านี้,"(0.847, 0.573, 0.733)",125
บุรีรัมย์,กฟส,กฟส.สตึก,S,เดิม (1 ต.ค. 2568),legend หน้านี้,"(0.847, 0.573, 0.733)",125
บุรีรัมย์,กฟส,กฟส.พุทไธสง,S,เดิม (1 ต.ค. 2568),legend หน้านี้,"(0.847, 0.573, 0.733)",125
บุรีรัมย์,กฟส,กฟส.คูเมือง,S,เดิม (1 ต.ค. 2568),legend หน้านี้,"(0.847, 0.573, 0.733)",125
บุรีรัมย์,กฟส,กฟส.หนองหงส์,XS,เดิม (1 ต.ค. 2568),legend หน้านี้,"(0.996, 1.0, 0.996)",125
บุรีรัมย์,กฟส,กฟส.แคนดง,XS,เดิม (1 ต.ค. 2568),legend หน้านี้,"(0.996, 1.0, 0.996)",125
บุรีรัมย์,กฟส,กฟส.บ้านใหม่ไชยพจน์,XS,เดิม (1 ต.ค. 2568),legend หน้านี้,"(0.996, 1.0, 0.996)",125
บุรีรัมย์,กฟส,กฟส.กระสัง,S,เดิม (1 ต.ค. 2568),legend หน้านี้,"(0.847, 0.573, 0.733)",125
บุรีรัมย์,กฟส,กฟส.นำโพธิ,XS,เดิม (1 ต.ค. 2568),legend หน้านี้,"(0.996, 1.0, 0.996)",125
บุรีรัมย์,กฟส,กฟส.ประโคนชัย,S,เดิม (1 ต.ค. 2568),legend หน้านี้,"(0.847, 0.573, 0.733)",125
บุรีรัมย์,กฟส,กฟส.หนองกี่,S,เดิม (1 ต.ค. 2568),legend หน้านี้,"(0.847, 0.573, 0.733)",125
บุรีรัมย์,กฟส,กฟส.ละหำนทรำย,S,เดิม (1 ต.ค. 2568),legend หน้านี้,"(0.847, 0.573, 0.733)",125
บุรีรัมย์,กฟส,กฟส.บ้านกรวด,S,เดิม (1 ต.ค. 2568),legend หน้านี้,"(0.847, 0.573, 0.733)",125
บุรีรัมย์,กฟส,กฟส.ปะคำ,XS,เดิม (1 ต.ค. 2568),legend หน้านี้,"(0.996, 1.0, 0.996)",125
บุรีรัมย์,กฟส,กฟส.พลับพลำชัย,XS,เดิม (1 ต.ค. 2568),legend หน้านี้,"(0.996, 1.0, 0.996)",125
บุรีรัมย์,กฟส,กฟส.โนนดินแดง,XS,เดิม (1 ต.ค. 2568),legend หน้านี้,"(0.996, 1.0, 0.996)",125
สุรินทร์,กฟจ,กฟจ.สุรินทร์,S,ใหม่ (1 ม.ค. 2569),legend หน้านี้,"(1.0, 0.635, 0.016)",126
สุรินทร์,กฟส,กฟส.ปรำสำท,M,ใหม่ (1 ม.ค. 2569),legend หน้านี้,"(1.0, 0.855, 0.612)",126
สุรินทร์,กฟส,กฟส.ศีขรภูมิ,S,ใหม่ (1 ม.ค. 2569),legend หน้านี้,"(0.847, 0.573, 0.733)",126
สุรินทร์,กฟส,กฟส.ท่าตูม,S,ใหม่ (1 ม.ค. 2569),legend หน้านี้,"(0.847, 0.573, 0.733)",126
สุรินทร์,กฟส,กฟส.จอมพระ,XS,ใหม่ (1 ม.ค. 2569),legend หน้านี้,"(0.996, 1.0, 0.996)",126
สุรินทร์,กฟส,กฟส.สนม,XS,ใหม่ (1 ม.ค. 2569),legend หน้านี้,"(0.996, 1.0, 0.996)",126
สุรินทร์,กฟส,กฟส.สำโรงทำบ,XS,ใหม่ (1 ม.ค. 2569),legend หน้านี้,"(0.996, 1.0, 0.996)",126
สุรินทร์,กฟส,กฟส.รัตนบุรี,S,ใหม่ (1 ม.ค. 2569),legend หน้านี้,"(0.847, 0.573, 0.733)",126
สุรินทร์,กฟส,กฟส.ชุมพลบุรี,XS,ใหม่ (1 ม.ค. 2569),legend หน้านี้,"(0.996, 1.0, 0.996)",126
สุรินทร์,กฟส,กฟส.สังขะ,S,ใหม่ (1 ม.ค. 2569),legend หน้านี้,"(0.847, 0.573, 0.733)",126
สุรินทร์,กฟส,กฟส.กำบเชิง,XS,ใหม่ (1 ม.ค. 2569),legend หน้านี้,"(0.996, 1.0, 0.996)",126
สุรินทร์,กฟส,กฟส.บัวเชด,XS,ใหม่ (1 ม.ค. 2569),legend หน้านี้,"(0.996, 1.0, 0.996)",126
สุรินทร์,กฟส,กฟส.ลำดวน,XS,ใหม่ (1 ม.ค. 2569),legend หน้านี้,"(0.996, 1.0, 0.996)",126
สุรินทร์,กฟส,กฟส.โนนนารายณ์,XS,ใหม่ (1 ม.ค. 2569),legend หน้านี้,"(0.996, 1.0, 0.996)",126
สุรินทร์,กฟส,กฟส.พนมดงรัก,XS,ใหม่ (1 ม.ค. 2569),legend หน้านี้,"(0.996, 1.0, 0.996)",126
สุรินทร์,กฟส,กฟส.ศรีณรงค์,XS,ใหม่ (1 ม.ค. 2569),legend หน้านี้,"(0.996, 1.0, 0.996)",126
สุรินทร์,กฟส,กฟส.เมืองสุรินทร์,L,เดิม (1 ต.ค. 2568),legend หน้านี้,"(0.431, 0.106, 0.416)",126
สุรินทร์,กฟส,กฟส.ปรำสำท,M,เดิม (1 ต.ค. 2568),legend หน้านี้,"(1.0, 0.855, 0.612)",126
สุรินทร์,กฟส,กฟส.ศีขรภูมิ,S,เดิม (1 ต.ค. 2568),legend หน้านี้,"(0.847, 0.573, 0.733)",126
สุรินทร์,กฟส,กฟส.ท่าตูม,S,เดิม (1 ต.ค. 2568),legend หน้านี้,"(0.847, 0.573, 0.733)",126
สุรินทร์,กฟส,กฟส.จอมพระ,XS,เดิม (1 ต.ค. 2568),legend หน้านี้,"(0.996, 1.0, 0.996)",126
สุรินทร์,กฟส,กฟส.สนม,XS,เดิม (1 ต.ค. 2568),legend หน้านี้,"(0.996, 1.0, 0.996)",126
สุรินทร์,กฟส,กฟส.สำโรงทำบ,XS,เดิม (1 ต.ค. 2568),legend หน้านี้,"(0.996, 1.0, 0.996)",126
สุรินทร์,กฟส,กฟส.รัตนบุรี,S,เดิม (1 ต.ค. 2568),legend หน้านี้,"(0.847, 0.573, 0.733)",126
สุรินทร์,กฟส,กฟส.ชุมพลบุรี,XS,เดิม (1 ต.ค. 2568),legend หน้านี้,"(0.996, 1.0, 0.996)",126
สุรินทร์,กฟส,กฟส.สังขะ,S,เดิม (1 ต.ค. 2568),legend หน้านี้,"(0.847, 0.573, 0.733)",126
สุรินทร์,กฟส,กฟส.กำบเชิง,XS,เดิม (1 ต.ค. 2568),legend หน้านี้,"(0.996, 1.0, 0.996)",126
สุรินทร์,กฟส,กฟส.บัวเชด,XS,เดิม (1 ต.ค. 2568),legend หน้านี้,"(0.996, 1.0, 0.996)",126
สุรินทร์,กฟส,กฟส.ลำดวน,XS,เดิม (1 ต.ค. 2568),legend หน้านี้,"(0.996, 1.0, 0.996)",126
สุรินทร์,กฟส,กฟส.โนนนารายณ์,XS,เดิม (1 ต.ค. 2568),legend หน้านี้,"(0.996, 1.0, 0.996)",126
สุรินทร์,กฟส,กฟส.พนมดงรัก,XS,เดิม (1 ต.ค. 2568),legend หน้านี้,"(0.996, 1.0, 0.996)",126
สุรินทร์,กฟส,กฟส.ศรีณรงค์,XS,เดิม (1 ต.ค. 2568),legend หน้านี้,"(0.996, 1.0, 0.996)",126
สระบุรี,กฟจ,กฟจ.สระบุรี,L,ใหม่ (1 ม.ค. 2569),legend หน้านี้,"(0.0, 0.439, 0.753)",147
สระบุรี,กฟส,กฟส.พระพุทธบำท,M,ใหม่ (1 ม.ค. 2569),legend หน้านี้,"(1.0, 0.855, 0.612)",147
สระบุรี,กฟส,กฟส.บ้านหินกอง,M,ใหม่ (1 ม.ค. 2569),legend หน้านี้,"(1.0, 0.855, 0.612)",147
สระบุรี,กฟส,กฟส.วิหำรแดง,S,ใหม่ (1 ม.ค. 2569),legend หน้านี้,"(0.847, 0.573, 0.733)",147
สระบุรี,กฟส,กฟส.หนองโดน,XS,ใหม่ (1 ม.ค. 2569),legend หน้านี้,"(0.996, 1.0, 0.996)",147
สระบุรี,กฟส,กฟส.หนองแค,M,ใหม่ (1 ม.ค. 2569),legend หน้านี้,"(1.0, 0.855, 0.612)",147
สระบุรี,กฟส,กฟส.แก่งคอย,L,ใหม่ (1 ม.ค. 2569),legend หน้านี้,"(0.431, 0.106, 0.416)",147
สระบุรี,กฟส,กฟส.หนองแซง,XS,ใหม่ (1 ม.ค. 2569),legend หน้านี้,"(0.996, 1.0, 0.996)",147
สระบุรี,กฟส,กฟส.เสาไห้,XS,ใหม่ (1 ม.ค. 2569),legend หน้านี้,"(0.996, 1.0, 0.996)",147
สระบุรี,กฟส,กฟส.มวกเหล็ก,M,ใหม่ (1 ม.ค. 2569),legend หน้านี้,"(1.0, 0.855, 0.612)",147
สระบุรี,กฟส,กฟส.วังม่วง,XS,ใหม่ (1 ม.ค. 2569),legend หน้านี้,"(0.996, 1.0, 0.996)",147
สระบุรี,กฟส,กฟส.ซับสนุ่น,XS,ใหม่ (1 ม.ค. 2569),legend หน้านี้,"(0.996, 1.0, 0.996)",147
สระบุรี,กฟส,กฟส.พระพุทธบำท,M,เดิม (1 ต.ค. 2568),legend หน้านี้,"(1.0, 0.855, 0.612)",147
สระบุรี,กฟส,กฟส.เมืองสระบุรี,L,เดิม (1 ต.ค. 2568),legend หน้านี้,"(0.431, 0.106, 0.416)",147
สระบุรี,กฟส,กฟส.บ้านหินกอง,M,เดิม (1 ต.ค. 2568),legend หน้านี้,"(1.0, 0.855, 0.612)",147
สระบุรี,กฟส,กฟส.วิหำรแดง,S,เดิม (1 ต.ค. 2568),legend หน้านี้,"(0.847, 0.573, 0.733)",147
สระบุรี,กฟส,กฟส.หนองโดน,XS,เดิม (1 ต.ค. 2568),legend หน้านี้,"(0.996, 1.0, 0.996)",147
สระบุรี,กฟส,กฟส.หนองแค,M,เดิม (1 ต.ค. 2568),legend หน้านี้,"(1.0, 0.855, 0.612)",147
สระบุรี,กฟส,กฟส.แก่งคอย,L,เดิม (1 ต.ค. 2568),legend หน้านี้,"(0.431, 0.106, 0.416)",147
สระบุรี,กฟส,กฟส.หนองแซง,XS,เดิม (1 ต.ค. 2568),legend หน้านี้,"(0.996, 1.0, 0.996)",147
สระบุรี,กฟส,กฟส.เสาไห้,XS,เดิม (1 ต.ค. 2568),legend หน้านี้,"(0.996, 1.0, 0.996)",147
สระบุรี,กฟส,กฟส.มวกเหล็ก,M,เดิม (1 ต.ค. 2568),legend หน้านี้,"(1.0, 0.855, 0.612)",147
สระบุรี,กฟส,กฟส.วังม่วง,XS,เดิม (1 ต.ค. 2568),legend หน้านี้,"(0.996, 1.0, 0.996)",147
สระบุรี,กฟส,กฟส.ซับสนุ่น,XS,เดิม (1 ต.ค. 2568),legend หน้านี้,"(0.996, 1.0, 0.996)",147
นครนำยก,กฟส,กฟส.บ้านนา,M,ใหม่ (1 ม.ค. 2569),legend หน้านี้,"(1.0, 0.855, 0.612)",149
นครนำยก,กฟส,กฟส.ปำกพลี,XS,ใหม่ (1 ม.ค. 2569),legend หน้านี้,"(0.996, 1.0, 0.996)",149
นครนำยก,กฟส,กฟส.องครักษ์,M,ใหม่ (1 ม.ค. 2569),legend หน้านี้,"(1.0, 0.855, 0.612)",149
นครนำยก,กฟจ,กฟจ.นครนำยก,S,ใหม่ (1 ม.ค. 2569),legend หน้านี้,"(1.0, 0.635, 0.016)",149
นครนำยก,กฟส,กฟส.เมืองนครนำยก,M,เดิม (1 ต.ค. 2568),legend หน้านี้,"(1.0, 0.855, 0.612)",149
นครนำยก,กฟส,กฟส.บ้านนา,M,เดิม (1 ต.ค. 2568),legend หน้านี้,"(1.0, 0.855, 0.612)",149
นครนำยก,กฟส,กฟส.ปำกพลี,XS,เดิม (1 ต.ค. 2568),legend หน้านี้,"(0.996, 1.0, 0.996)",149
นครนำยก,กฟส,กฟส.องครักษ์,M,เดิม (1 ต.ค. 2568),legend หน้านี้,"(1.0, 0.855, 0.612)",149
ปทุมธำนี,กฟจ,กฟจ.ปทุมธำนี,L,ใหม่ (1 ม.ค. 2569),legend หน้านี้,"(0.0, 0.439, 0.753)",151
ปทุมธำนี,กฟส,กฟส.ลำลูกกำ,L,ใหม่ (1 ม.ค. 2569),legend หน้านี้,"(0.431, 0.106, 0.416)",151
ปทุมธำนี,กฟส,กฟส.ธัญบุรี,L,ใหม่ (1 ม.ค. 2569),legend หน้านี้,"(0.431, 0.106, 0.416)",151
ปทุมธำนี,กฟส,กฟส.สำมโคก,S,ใหม่ (1 ม.ค. 2569),ใกล้เคียง (ตรวจซ้ำ),"(0.714, 0.502, 0.8)",151
ปทุมธำนี,กฟส,กฟส.รังสิต,L,ใหม่ (1 ม.ค. 2569),legend หน้านี้,"(0.431, 0.106, 0.416)",151
ปทุมธำนี,กฟส,กฟส.เมืองปทุมธำนี2,L,ใหม่ (1 ม.ค. 2569),legend หน้านี้,"(0.431, 0.106, 0.416)",151
ปทุมธำนี,กฟส,กฟส.คลองหลวง,L,ใหม่ (1 ม.ค. 2569),legend หน้านี้,"(0.431, 0.106, 0.416)",151
ปทุมธำนี,กฟส,กฟส.ลาดหลุมแก้ว,L,ใหม่ (1 ม.ค. 2569),legend หน้านี้,"(0.431, 0.106, 0.416)",151
ปทุมธำนี,กฟส,กฟส.หนองเสือ,M,ใหม่ (1 ม.ค. 2569),legend หน้านี้,"(1.0, 0.855, 0.612)",151
ปทุมธำนี,กฟส,กฟส.ลำลูกกำ,L,เดิม (1 ต.ค. 2568),legend หน้านี้,"(0.431, 0.106, 0.416)",151
ปทุมธำนี,กฟส,กฟส.เมืองปทุมธำนี,L,เดิม (1 ต.ค. 2568),legend หน้านี้,"(0.431, 0.106, 0.416)",151
ปทุมธำนี,กฟส,กฟส.ธัญบุรี,L,เดิม (1 ต.ค. 2568),legend หน้านี้,"(0.431, 0.106, 0.416)",151
ปทุมธำนี,กฟส,กฟส.สำมโคก,S,เดิม (1 ต.ค. 2568),ใกล้เคียง (ตรวจซ้ำ),"(0.714, 0.502, 0.8)",151
ปทุมธำนี,กฟส,กฟส.รังสิต,L,เดิม (1 ต.ค. 2568),legend หน้านี้,"(0.431, 0.106, 0.416)",151
ปทุมธำนี,กฟส,กฟส.เมืองปทุมธำนี2,L,เดิม (1 ต.ค. 2568),legend หน้านี้,"(0.431, 0.106, 0.416)",151
ปทุมธำนี,กฟส,กฟส.คลองหลวง,L,เดิม (1 ต.ค. 2568),legend หน้านี้,"(0.431, 0.106, 0.416)",151
ปทุมธำนี,กฟส,กฟส.ลาดหลุมแก้ว,L,เดิม (1 ต.ค. 2568),legend หน้านี้,"(0.431, 0.106, 0.416)",151
ปทุมธำนี,กฟส,กฟส.หนองเสือ,M,เดิม (1 ต.ค. 2568),legend หน้านี้,"(1.0, 0.855, 0.612)",151
ปรำจีนบุรี,กฟจ,กฟจ.ปรำจีนบุรี,S,ใหม่ (1 ม.ค. 2569),exact,"(1.0, 0.635, 0.016)",153
ปรำจีนบุรี,กฟส,กฟส.ศรีมหำโพธิ,L,ใหม่ (1 ม.ค. 2569),exact,"(0.431, 0.106, 0.416)",153
ปรำจีนบุรี,กฟส,กฟส.ประจันตคำม,S,ใหม่ (1 ม.ค. 2569),exact,"(0.847, 0.573, 0.733)",153
ปรำจีนบุรี,กฟส,กฟส.กบินทร์บุรี,M,ใหม่ (1 ม.ค. 2569),exact,"(1.0, 0.855, 0.612)",153
ปรำจีนบุรี,กฟส,กฟส.บ้านสร้าง,S,ใหม่ (1 ม.ค. 2569),exact,"(0.847, 0.573, 0.733)",153
ปรำจีนบุรี,กฟส,กฟส.ท่าตูม,XS,ใหม่ (1 ม.ค. 2569),exact,"(0.996, 1.0, 0.996)",153
ปรำจีนบุรี,กฟส,กฟส.นำดี,M,ใหม่ (1 ม.ค. 2569),exact,"(1.0, 0.855, 0.612)",153
ปรำจีนบุรี,กฟส,กฟส.ศรีมโหสถ,XS,ใหม่ (1 ม.ค. 2569),exact,"(0.996, 1.0, 0.996)",153
ปรำจีนบุรี,กฟส,กฟส.วังตะเคียน,XS,ใหม่ (1 ม.ค. 2569),exact,"(0.996, 1.0, 0.996)",153
ปรำจีนบุรี,กฟส,กฟส.เมืองปรำจีนบุรี,M,เดิม (1 ต.ค. 2568),exact,"(1.0, 0.855, 0.612)",153
ปรำจีนบุรี,กฟส,กฟส.ศรีมหำโพธิ,L,เดิม (1 ต.ค. 2568),exact,"(0.431, 0.106, 0.416)",153
ปรำจีนบุรี,กฟส,กฟส.ประจันตคำม,S,เดิม (1 ต.ค. 2568),exact,"(0.847, 0.573, 0.733)",153
ปรำจีนบุรี,กฟส,กฟส.กบินทร์บุรี,M,เดิม (1 ต.ค. 2568),exact,"(1.0, 0.855, 0.612)",153
ปรำจีนบุรี,กฟส,กฟส.บ้านสร้าง,S,เดิม (1 ต.ค. 2568),exact,"(0.847, 0.573, 0.733)",153
ปรำจีนบุรี,กฟส,กฟส.ท่าตูม,XS,เดิม (1 ต.ค. 2568),exact,"(0.996, 1.0, 0.996)",153
ปรำจีนบุรี,กฟส,กฟส.นำดี,M,เดิม (1 ต.ค. 2568),exact,"(1.0, 0.855, 0.612)",153
ปรำจีนบุรี,กฟส,กฟส.ศรีมโหสถ,XS,เดิม (1 ต.ค. 2568),exact,"(0.996, 1.0, 0.996)",153
ปรำจีนบุรี,กฟส,กฟส.วังตะเคียน,XS,เดิม (1 ต.ค. 2568),exact,"(0.996, 1.0, 0.996)",153
พระนครศรีอยุธยำ,กฟจ,กฟจ.พระนครศรีอยุธยำ,L,ใหม่ (1 ม.ค. 2569),exact,"(0.0, 0.439, 0.753)",155
พระนครศรีอยุธยำ,กฟส,กฟส.บำงปะอิน,L,ใหม่ (1 ม.ค. 2569),exact,"(0.431, 0.106, 0.416)",155
พระนครศรีอยุธยำ,กฟส,กฟส.นครหลวง,S,ใหม่ (1 ม.ค. 2569),exact,"(0.847, 0.573, 0.733)",155
พระนครศรีอยุธยำ,กฟส,กฟส.เสนำ,M,ใหม่ (1 ม.ค. 2569),exact,"(1.0, 0.855, 0.612)",155
พระนครศรีอยุธยำ,กฟส,กฟส.บำงปะหัน,S,ใหม่ (1 ม.ค. 2569),exact,"(0.847, 0.573, 0.733)",155
พระนครศรีอยุธยำ,กฟส,กฟส.บางซ้าย,XS,ใหม่ (1 ม.ค. 2569),exact,"(0.996, 1.0, 0.996)",155
พระนครศรีอยุธยำ,กฟส,กฟส.ผักไห่,S,ใหม่ (1 ม.ค. 2569),exact,"(0.847, 0.573, 0.733)",155
พระนครศรีอยุธยำ,กฟส,กฟส.บำงบำล,XS,ใหม่ (1 ม.ค. 2569),exact,"(0.996, 1.0, 0.996)",155
พระนครศรีอยุธยำ,กฟส,กฟส.ภำชี,XS,ใหม่ (1 ม.ค. 2569),exact,"(0.996, 1.0, 0.996)",155
พระนครศรีอยุธยำ,กฟส,กฟส.ท่าเรือ,M,ใหม่ (1 ม.ค. 2569),exact,"(1.0, 0.855, 0.612)",155
พระนครศรีอยุธยำ,กฟส,กฟส.วังน้อย,M,ใหม่ (1 ม.ค. 2569),exact,"(1.0, 0.855, 0.612)",155
พระนครศรีอยุธยำ,กฟส,กฟส.ประตูน้ำพระอินทร,M,ใหม่ (1 ม.ค. 2569),exact,"(1.0, 0.855, 0.612)",155
พระนครศรีอยุธยำ,กฟส,กฟส.อุทัย,M,ใหม่ (1 ม.ค. 2569),exact,"(1.0, 0.855, 0.612)",155
พระนครศรีอยุธยำ,กฟส,กฟส.มหำรำช,XS,ใหม่ (1 ม.ค. 2569),exact,"(0.996, 1.0, 0.996)",155
พระนครศรีอยุธยำ,กฟส,กฟส.บ้านแพรก,XS,ใหม่ (1 ม.ค. 2569),exact,"(0.996, 1.0, 0.996)",155
พระนครศรีอยุธยำ,กฟส,กฟส.ลำดบัวหลวง,S,ใหม่ (1 ม.ค. 2569),exact,"(0.847, 0.573, 0.733)",155
พระนครศรีอยุธยำ,กฟส,กฟส.บำงไทร,XS,ใหม่ (1 ม.ค. 2569),exact,"(0.996, 1.0, 0.996)",155
พระนครศรีอยุธยำ,กฟส,กฟส.ดอนพุด,XS,ใหม่ (1 ม.ค. 2569),exact,"(0.996, 1.0, 0.996)",155
พระนครศรีอยุธยำ,กฟส,กฟส.บ้านหมอ,XS,ใหม่ (1 ม.ค. 2569),exact,"(0.996, 1.0, 0.996)",155
พระนครศรีอยุธยำ,กฟส,กฟส.พระนครศรีอยุธยำ,L,เดิม (1 ต.ค. 2568),exact,"(0.431, 0.106, 0.416)",155
พระนครศรีอยุธยำ,กฟส,กฟส.บำงปะอิน,L,เดิม (1 ต.ค. 2568),exact,"(0.431, 0.106, 0.416)",155
พระนครศรีอยุธยำ,กฟส,กฟส.นครหลวง,S,เดิม (1 ต.ค. 2568),exact,"(0.847, 0.573, 0.733)",155
พระนครศรีอยุธยำ,กฟส,กฟส.เสนำ,M,เดิม (1 ต.ค. 2568),exact,"(1.0, 0.855, 0.612)",155
พระนครศรีอยุธยำ,กฟส,กฟส.บำงปะหัน,S,เดิม (1 ต.ค. 2568),exact,"(0.847, 0.573, 0.733)",155
พระนครศรีอยุธยำ,กฟส,กฟส.บางซ้าย,XS,เดิม (1 ต.ค. 2568),exact,"(0.996, 1.0, 0.996)",155
พระนครศรีอยุธยำ,กฟส,กฟส.ผักไห่,S,เดิม (1 ต.ค. 2568),exact,"(0.847, 0.573, 0.733)",155
พระนครศรีอยุธยำ,กฟส,กฟส.บำงบำล,XS,เดิม (1 ต.ค. 2568),exact,"(0.996, 1.0, 0.996)",155
พระนครศรีอยุธยำ,กฟส,กฟส.ภำชี,XS,เดิม (1 ต.ค. 2568),exact,"(0.996, 1.0, 0.996)",155
พระนครศรีอยุธยำ,กฟส,กฟส.ท่าเรือ,M,เดิม (1 ต.ค. 2568),exact,"(1.0, 0.855, 0.612)",155
พระนครศรีอยุธยำ,กฟส,กฟส.วังน้อย,M,เดิม (1 ต.ค. 2568),exact,"(1.0, 0.855, 0.612)",155
พระนครศรีอยุธยำ,กฟส,กฟส.ประตูน้ำพระอินทร,M,เดิม (1 ต.ค. 2568),exact,"(1.0, 0.855, 0.612)",155
พระนครศรีอยุธยำ,กฟส,กฟส.อุทัย,M,เดิม (1 ต.ค. 2568),exact,"(1.0, 0.855, 0.612)",155
พระนครศรีอยุธยำ,กฟส,กฟส.มหำรำช,XS,เดิม (1 ต.ค. 2568),exact,"(0.996, 1.0, 0.996)",155
พระนครศรีอยุธยำ,กฟส,กฟส.บ้านแพรก,XS,เดิม (1 ต.ค. 2568),exact,"(0.996, 1.0, 0.996)",155
พระนครศรีอยุธยำ,กฟส,กฟส.ลำดบัวหลวง,S,เดิม (1 ต.ค. 2568),exact,"(0.847, 0.573, 0.733)",155
พระนครศรีอยุธยำ,กฟส,กฟส.บำงไทร,XS,เดิม (1 ต.ค. 2568),exact,"(0.996, 1.0, 0.996)",155
พระนครศรีอยุธยำ,กฟส,กฟส.ดอนพุด,XS,เดิม (1 ต.ค. 2568),exact,"(0.996, 1.0, 0.996)",155
พระนครศรีอยุธยำ,กฟส,กฟส.บ้านหมอ,XS,เดิม (1 ต.ค. 2568),exact,"(0.996, 1.0, 0.996)",155
สระแก้ว,กฟจ,กฟจ.สระแก้ว,S,ใหม่ (1 ม.ค. 2569),exact,"(1.0, 0.635, 0.016)",157
สระแก้ว,กฟส,กฟส.อรัญประเทศ,M,ใหม่ (1 ม.ค. 2569),exact,"(1.0, 0.855, 0.612)",157
สระแก้ว,กฟส,กฟส.วัฒนำนคร,S,ใหม่ (1 ม.ค. 2569),exact,"(0.847, 0.573, 0.733)",157
สระแก้ว,กฟส,กฟส.วังน้ำเย็น,S,ใหม่ (1 ม.ค. 2569),exact,"(0.847, 0.573, 0.733)",157
สระแก้ว,กฟส,กฟส.เขาฉกรรจ์,XS,ใหม่ (1 ม.ค. 2569),exact,"(0.996, 1.0, 0.996)",157
สระแก้ว,กฟส,กฟส.โคกสูง,XS,ใหม่ (1 ม.ค. 2569),exact,"(0.996, 1.0, 0.996)",157
สระแก้ว,กฟส,กฟส.ตำพระยำ,XS,ใหม่ (1 ม.ค. 2569),exact,"(0.996, 1.0, 0.996)",157
สระแก้ว,กฟส,กฟส.คลองหำด,XS,ใหม่ (1 ม.ค. 2569),exact,"(0.996, 1.0, 0.996)",157
สระแก้ว,กฟส,กฟส.วังสมบูรณ์,XS,ใหม่ (1 ม.ค. 2569),exact,"(0.996, 1.0, 0.996)",157
สระแก้ว,กฟส,กฟส.อรัญประเทศ,M,เดิม (1 ต.ค. 2568),exact,"(1.0, 0.855, 0.612)",157
สระแก้ว,กฟส,กฟส.เมืองสระแก้ว,M,เดิม (1 ต.ค. 2568),exact,"(1.0, 0.855, 0.612)",157
สระแก้ว,กฟส,กฟส.วัฒนำนคร,S,เดิม (1 ต.ค. 2568),exact,"(0.847, 0.573, 0.733)",157
สระแก้ว,กฟส,กฟส.วังน้ำเย็น,S,เดิม (1 ต.ค. 2568),exact,"(0.847, 0.573, 0.733)",157
สระแก้ว,กฟส,กฟส.เขาฉกรรจ์,XS,เดิม (1 ต.ค. 2568),exact,"(0.996, 1.0, 0.996)",157
สระแก้ว,กฟส,กฟส.โคกสูง,XS,เดิม (1 ต.ค. 2568),exact,"(0.996, 1.0, 0.996)",157
สระแก้ว,กฟส,กฟส.ตำพระยำ,XS,เดิม (1 ต.ค. 2568),exact,"(0.996, 1.0, 0.996)",157
สระแก้ว,กฟส,กฟส.คลองหำด,XS,เดิม (1 ต.ค. 2568),exact,"(0.996, 1.0, 0.996)",157
สระแก้ว,กฟส,กฟส.วังสมบูรณ์,XS,เดิม (1 ต.ค. 2568),exact,"(0.996, 1.0, 0.996)",157
อ่างทอง,กฟจ,กฟจ.อ่างทอง,S,ใหม่ (1 ม.ค. 2569),exact,"(1.0, 0.635, 0.016)",159
อ่างทอง,กฟส,กฟส.วิเศษชัยชำญ,S,ใหม่ (1 ม.ค. 2569),exact,"(0.847, 0.573, 0.733)",159
อ่างทอง,กฟส,กฟส.ไชโย,XS,ใหม่ (1 ม.ค. 2569),exact,"(0.996, 1.0, 0.996)",159
อ่างทอง,กฟส,กฟส.ป่าโมก,S,ใหม่ (1 ม.ค. 2569),exact,"(0.847, 0.573, 0.733)",159
อ่างทอง,กฟส,กฟส.โพธิทอง,S,ใหม่ (1 ม.ค. 2569),exact,"(0.847, 0.573, 0.733)",159
อ่างทอง,กฟส,กฟส.สามโก้,XS,ใหม่ (1 ม.ค. 2569),exact,"(0.996, 1.0, 0.996)",159
อ่างทอง,กฟส,กฟส.แสวงหำ,XS,ใหม่ (1 ม.ค. 2569),exact,"(0.996, 1.0, 0.996)",159
อ่างทอง,กฟส,กฟส.เมืองอ่างทอง,M,เดิม (1 ต.ค. 2568),exact,"(1.0, 0.855, 0.612)",159
อ่างทอง,กฟส,กฟส.วิเศษชัยชำญ,S,เดิม (1 ต.ค. 2568),exact,"(0.847, 0.573, 0.733)",159
อ่างทอง,กฟส,กฟส.ไชโย,XS,เดิม (1 ต.ค. 2568),exact,"(0.996, 1.0, 0.996)",159
อ่างทอง,กฟส,กฟส.ป่าโมก,S,เดิม (1 ต.ค. 2568),exact,"(0.847, 0.573, 0.733)",159
อ่างทอง,กฟส,กฟส.โพธิทอง,S,เดิม (1 ต.ค. 2568),exact,"(0.847, 0.573, 0.733)",159
อ่างทอง,กฟส,กฟส.สามโก้,XS,เดิม (1 ต.ค. 2568),exact,"(0.996, 1.0, 0.996)",159
อ่างทอง,กฟส,กฟส.แสวงหำ,XS,เดิม (1 ต.ค. 2568),exact,"(0.996, 1.0, 0.996)",159
ฉะเชิงเทรำ,กฟจ,กฟจ.ฉะเชิงเทรำ,L,ใหม่ (1 ม.ค. 2569),legend หน้านี้,"(0.0, 0.439, 0.753)",161
ฉะเชิงเทรำ,กฟส,กฟส.บำงปะกง,L,ใหม่ (1 ม.ค. 2569),legend หน้านี้,"(0.431, 0.106, 0.416)",161
ฉะเชิงเทรำ,กฟส,กฟส.บางคล้า,S,ใหม่ (1 ม.ค. 2569),ใกล้เคียง (ตรวจซ้ำ),"(0.898, 0.714, 0.82)",161
ฉะเชิงเทรำ,กฟส,กฟส.บ้านคลองเจ้า,M,ใหม่ (1 ม.ค. 2569),legend หน้านี้,"(1.0, 0.855, 0.612)",161
ฉะเชิงเทรำ,กฟส,กฟส.แปลงยำว,S,ใหม่ (1 ม.ค. 2569),ใกล้เคียง (ตรวจซ้ำ),"(0.898, 0.714, 0.82)",161
ฉะเชิงเทรำ,กฟส,กฟส.คลองเขื่อน,XS,ใหม่ (1 ม.ค. 2569),legend หน้านี้,"(0.996, 1.0, 0.996)",161
ฉะเชิงเทรำ,กฟส,กฟส.เทพรำช,XS,ใหม่ (1 ม.ค. 2569),legend หน้านี้,"(0.996, 1.0, 0.996)",161
ฉะเชิงเทรำ,กฟส,กฟส.บ้านโพธิ์,XS,ใหม่ (1 ม.ค. 2569),legend หน้านี้,"(0.996, 1.0, 0.996)",161
ฉะเชิงเทรำ,กฟส,กฟส.พนมสำรคำม,M,ใหม่ (1 ม.ค. 2569),legend หน้านี้,"(1.0, 0.855, 0.612)",161
ฉะเชิงเทรำ,กฟส,กฟส.สนำมชัยเขต,S,ใหม่ (1 ม.ค. 2569),ใกล้เคียง (ตรวจซ้ำ),"(0.898, 0.714, 0.82)",161
ฉะเชิงเทรำ,กฟส,กฟส.ราชสาสน,XS,ใหม่ (1 ม.ค. 2569),legend หน้านี้,"(0.996, 1.0, 0.996)",161
ฉะเชิงเทรำ,กฟส,กฟส.ท่าตะเกียบ,XS,ใหม่ (1 ม.ค. 2569),legend หน้านี้,"(0.996, 1.0, 0.996)",161
ฉะเชิงเทรำ,กฟส,กฟส.บำงน้ำเปรี้ยว,S,ใหม่ (1 ม.ค. 2569),ใกล้เคียง (ตรวจซ้ำ),"(0.898, 0.714, 0.82)",161
ฉะเชิงเทรำ,กฟส,กฟส.ดอนฉิมพลี,XS,ใหม่ (1 ม.ค. 2569),legend หน้านี้,"(0.996, 1.0, 0.996)",161
ฉะเชิงเทรำ,กฟส,กฟส.เมืองฉะเชิงเทรำ,L,เดิม (1 ต.ค. 2568),legend หน้านี้,"(0.431, 0.106, 0.416)",161
ฉะเชิงเทรำ,กฟส,กฟส.บำงปะกง,L,เดิม (1 ต.ค. 2568),legend หน้านี้,"(0.431, 0.106, 0.416)",161
ฉะเชิงเทรำ,กฟส,กฟส.บางคล้า,S,เดิม (1 ต.ค. 2568),ใกล้เคียง (ตรวจซ้ำ),"(0.898, 0.714, 0.82)",161
ฉะเชิงเทรำ,กฟส,กฟส.บ้านคลองเจ้า,M,เดิม (1 ต.ค. 2568),legend หน้านี้,"(1.0, 0.855, 0.612)",161
ฉะเชิงเทรำ,กฟส,กฟส.แปลงยำว,S,เดิม (1 ต.ค. 2568),ใกล้เคียง (ตรวจซ้ำ),"(0.898, 0.714, 0.82)",161
ฉะเชิงเทรำ,กฟส,กฟส.คลองเขื่อน,XS,เดิม (1 ต.ค. 2568),legend หน้านี้,"(0.996, 1.0, 0.996)",161
ฉะเชิงเทรำ,กฟส,กฟส.เทพรำช,XS,เดิม (1 ต.ค. 2568),legend หน้านี้,"(0.996, 1.0, 0.996)",161
ฉะเชิงเทรำ,กฟส,กฟส.บ้านโพธิ์,XS,เดิม (1 ต.ค. 2568),legend หน้านี้,"(0.996, 1.0, 0.996)",161
ฉะเชิงเทรำ,กฟส,กฟส.พนมสำรคำม,M,เดิม (1 ต.ค. 2568),legend หน้านี้,"(1.0, 0.855, 0.612)",161
ฉะเชิงเทรำ,กฟส,กฟส.สนำมชัยเขต,S,เดิม (1 ต.ค. 2568),ใกล้เคียง (ตรวจซ้ำ),"(0.898, 0.714, 0.82)",161
ฉะเชิงเทรำ,กฟส,กฟส.ราชสาสน,XS,เดิม (1 ต.ค. 2568),legend หน้านี้,"(0.996, 1.0, 0.996)",161
ฉะเชิงเทรำ,กฟส,กฟส.ท่าตะเกียบ,XS,เดิม (1 ต.ค. 2568),legend หน้านี้,"(0.996, 1.0, 0.996)",161
ฉะเชิงเทรำ,กฟส,กฟส.บำงน้ำเปรี้ยว,S,เดิม (1 ต.ค. 2568),ใกล้เคียง (ตรวจซ้ำ),"(0.898, 0.714, 0.82)",161
ฉะเชิงเทรำ,กฟส,กฟส.ดอนฉิมพลี,XS,เดิม (1 ต.ค. 2568),legend หน้านี้,"(0.996, 1.0, 0.996)",161
ชลบุรี,กฟจ,กฟจ.ชลบุรี,L,ใหม่ (1 ม.ค. 2569),exact,"(0.0, 0.439, 0.753)",163
ชลบุรี,กฟส,กฟส.พนัสนิคม,M,ใหม่ (1 ม.ค. 2569),exact,"(1.0, 0.855, 0.612)",163
ชลบุรี,กฟส,กฟส.เกำะสีชัง,XS,ใหม่ (1 ม.ค. 2569),exact,"(0.996, 1.0, 0.996)",163
ชลบุรี,กฟส,กฟส.บ้านเกาะล้าน,XS,ใหม่ (1 ม.ค. 2569),exact,"(0.996, 1.0, 0.996)",163
ชลบุรี,กฟส,กฟส.บำงแสน,L,ใหม่ (1 ม.ค. 2569),exact,"(0.431, 0.106, 0.416)",163
ชลบุรี,กฟส,กฟส.หนองใหญ่,S,ใหม่ (1 ม.ค. 2569),exact,"(0.847, 0.573, 0.733)",163
ชลบุรี,กฟส,กฟส.พำนทอง,L,ใหม่ (1 ม.ค. 2569),exact,"(0.431, 0.106, 0.416)",163
ชลบุรี,กฟส,กฟส.บ้านบึง,L,ใหม่ (1 ม.ค. 2569),exact,"(0.431, 0.106, 0.416)",163
ชลบุรี,กฟส,กฟส.เมืองพัทยำ,L,ใหม่ (1 ม.ค. 2569),exact,"(0.431, 0.106, 0.416)",163
ชลบุรี,กฟส,กฟส.จอมเทียน,L,ใหม่ (1 ม.ค. 2569),exact,"(0.431, 0.106, 0.416)",163
ชลบุรี,กฟส,กฟส.ศรีรำชำ,L,ใหม่ (1 ม.ค. 2569),exact,"(0.431, 0.106, 0.416)",163
ชลบุรี,กฟส,กฟส.บึง,L,ใหม่ (1 ม.ค. 2569),exact,"(0.431, 0.106, 0.416)",163
ชลบุรี,กฟส,กฟส.แหลมฉบัง,L,ใหม่ (1 ม.ค. 2569),exact,"(0.431, 0.106, 0.416)",163
ชลบุรี,กฟส,กฟส.บ่อทอง,S,ใหม่ (1 ม.ค. 2569),exact,"(0.847, 0.573, 0.733)",163
ชลบุรี,กฟส,กฟส.เกาะจันทร์,S,ใหม่ (1 ม.ค. 2569),exact,"(0.847, 0.573, 0.733)",163
ชลบุรี,กฟส,กฟส.พนัสนิคม,M,เดิม (1 ต.ค. 2568),exact,"(1.0, 0.855, 0.612)",163
ชลบุรี,กฟส,กฟส.เมืองชลบุรี,L,เดิม (1 ต.ค. 2568),exact,"(0.431, 0.106, 0.416)",163
ชลบุรี,กฟส,กฟส.เกำะสีชัง,XS,เดิม (1 ต.ค. 2568),exact,"(0.996, 1.0, 0.996)",163
ชลบุรี,กฟส,กฟส.บ้านเกาะล้าน,XS,เดิม (1 ต.ค. 2568),exact,"(0.996, 1.0, 0.996)",163
ชลบุรี,กฟส,กฟส.บำงแสน,L,เดิม (1 ต.ค. 2568),exact,"(0.431, 0.106, 0.416)",163
ชลบุรี,กฟส,กฟส.หนองใหญ่,S,เดิม (1 ต.ค. 2568),exact,"(0.847, 0.573, 0.733)",163
ชลบุรี,กฟส,กฟส.พำนทอง,L,เดิม (1 ต.ค. 2568),exact,"(0.431, 0.106, 0.416)",163
ชลบุรี,กฟส,กฟส.บ้านบึง,L,เดิม (1 ต.ค. 2568),exact,"(0.431, 0.106, 0.416)",163
ชลบุรี,กฟส,กฟส.เมืองพัทยำ,L,เดิม (1 ต.ค. 2568),exact,"(0.431, 0.106, 0.416)",163
ชลบุรี,กฟส,กฟส.จอมเทียน,L,เดิม (1 ต.ค. 2568),exact,"(0.431, 0.106, 0.416)",163
ชลบุรี,กฟส,กฟส.ศรีรำชำ,L,เดิม (1 ต.ค. 2568),exact,"(0.431, 0.106, 0.416)",163
ชลบุรี,กฟส,กฟส.บึง,L,เดิม (1 ต.ค. 2568),exact,"(0.431, 0.106, 0.416)",163
ชลบุรี,กฟส,กฟส.แหลมฉบัง,L,เดิม (1 ต.ค. 2568),exact,"(0.431, 0.106, 0.416)",163
ชลบุรี,กฟส,กฟส.บ่อทอง,S,เดิม (1 ต.ค. 2568),exact,"(0.847, 0.573, 0.733)",163
ชลบุรี,กฟส,กฟส.เกาะจันทร์,S,เดิม (1 ต.ค. 2568),exact,"(0.847, 0.573, 0.733)",163
จันทบุรี,กฟจ,กฟจ.จันทบุรี,S,ใหม่ (1 ม.ค. 2569),exact,"(1.0, 0.635, 0.016)",165
จันทบุรี,กฟส,กฟส.สอยดำว,M,ใหม่ (1 ม.ค. 2569),exact,"(1.0, 0.855, 0.612)",165
จันทบุรี,กฟส,กฟส.ท่าใหม่,S,ใหม่ (1 ม.ค. 2569),exact,"(0.847, 0.573, 0.733)",165
จันทบุรี,กฟส,กฟส.โป่งน้ำร้อน,XS,ใหม่ (1 ม.ค. 2569),exact,"(0.996, 1.0, 0.996)",165
จันทบุรี,กฟส,กฟส.เขำคิชฌกูฏ,XS,ใหม่ (1 ม.ค. 2569),exact,"(0.996, 1.0, 0.996)",165
จันทบุรี,กฟส,กฟส.มะขำม,XS,ใหม่ (1 ม.ค. 2569),exact,"(0.996, 1.0, 0.996)",165
จันทบุรี,กฟส,กฟส.เตาหม้อ,XS,ใหม่ (1 ม.ค. 2569),exact,"(0.996, 1.0, 0.996)",165
จันทบุรี,กฟส,กฟส.ขลุง,S,ใหม่ (1 ม.ค. 2569),exact,"(0.847, 0.573, 0.733)",165
จันทบุรี,กฟส,กฟส.นำยำยอำม,M,ใหม่ (1 ม.ค. 2569),exact,"(1.0, 0.855, 0.612)",165
จันทบุรี,กฟส,กฟส.แหลมสิงห์,S,ใหม่ (1 ม.ค. 2569),exact,"(0.847, 0.573, 0.733)",165
จันทบุรี,กฟส,กฟส.บ่อเวฬุ,XS,ใหม่ (1 ม.ค. 2569),exact,"(0.996, 1.0, 0.996)",165
จันทบุรี,กฟส,กฟส.หนองคล้า,XS,ใหม่ (1 ม.ค. 2569),exact,"(0.996, 1.0, 0.996)",165
จันทบุรี,กฟส,กฟส.แก่งหางแมว,XS,ใหม่ (1 ม.ค. 2569),exact,"(0.996, 1.0, 0.996)",165
จันทบุรี,กฟส,กฟส.เมืองจันทบุรี,L,เดิม (1 ต.ค. 2568),exact,"(0.431, 0.106, 0.416)",165
จันทบุรี,กฟส,กฟส.สอยดำว,M,เดิม (1 ต.ค. 2568),exact,"(1.0, 0.855, 0.612)",165
จันทบุรี,กฟส,กฟส.ท่าใหม่,S,เดิม (1 ต.ค. 2568),exact,"(0.847, 0.573, 0.733)",165
จันทบุรี,กฟส,กฟส.โป่งน้ำร้อน,XS,เดิม (1 ต.ค. 2568),exact,"(0.996, 1.0, 0.996)",165
จันทบุรี,กฟส,กฟส.เขำคิชฌกูฏ,XS,เดิม (1 ต.ค. 2568),exact,"(0.996, 1.0, 0.996)",165
จันทบุรี,กฟส,กฟส.มะขำม,XS,เดิม (1 ต.ค. 2568),exact,"(0.996, 1.0, 0.996)",165
จันทบุรี,กฟส,กฟส.เตาหม้อ,XS,เดิม (1 ต.ค. 2568),exact,"(0.996, 1.0, 0.996)",165
จันทบุรี,กฟส,กฟส.ขลุง,S,เดิม (1 ต.ค. 2568),exact,"(0.847, 0.573, 0.733)",165
จันทบุรี,กฟส,กฟส.นำยำยอำม,M,เดิม (1 ต.ค. 2568),exact,"(1.0, 0.855, 0.612)",165
จันทบุรี,กฟส,กฟส.แหลมสิงห์,S,เดิม (1 ต.ค. 2568),exact,"(0.847, 0.573, 0.733)",165
จันทบุรี,กฟส,กฟส.บ่อเวฬุ,XS,เดิม (1 ต.ค. 2568),exact,"(0.996, 1.0, 0.996)",165
จันทบุรี,กฟส,กฟส.หนองคล้า,XS,เดิม (1 ต.ค. 2568),exact,"(0.996, 1.0, 0.996)",165
จันทบุรี,กฟส,กฟส.แก่งหางแมว,XS,เดิม (1 ต.ค. 2568),exact,"(0.996, 1.0, 0.996)",165
ตรำด,กฟส,กฟส.เขำสมิง,M,ใหม่ (1 ม.ค. 2569),legend หน้านี้,"(1.0, 0.855, 0.612)",167
ตรำด,กฟส,กฟส.แหลมงอบ,XS,ใหม่ (1 ม.ค. 2569),legend หน้านี้,"(0.996, 1.0, 0.996)",167
ตรำด,กฟส,กฟส.เกาะช้าง,S,ใหม่ (1 ม.ค. 2569),legend หน้านี้,"(0.847, 0.573, 0.733)",167
ตรำด,กฟส,กฟส.คลองใหญ่,S,ใหม่ (1 ม.ค. 2569),legend หน้านี้,"(0.847, 0.573, 0.733)",167
ตรำด,กฟส,กฟส.บ่อไร่,XS,ใหม่ (1 ม.ค. 2569),legend หน้านี้,"(0.996, 1.0, 0.996)",167
ตรำด,กฟส,กฟส.เกำะกูด,XS,ใหม่ (1 ม.ค. 2569),legend หน้านี้,"(0.996, 1.0, 0.996)",167
ตรำด,กฟส,กฟส.เกำะหมำก,XS,ใหม่ (1 ม.ค. 2569),legend หน้านี้,"(0.996, 1.0, 0.996)",167
ตรำด,กฟจ,กฟจ.ตรำด,S,ใหม่ (1 ม.ค. 2569),legend หน้านี้,"(1.0, 0.635, 0.016)",167
ตรำด,กฟส,กฟส.เมืองตรำด,L,เดิม (1 ต.ค. 2568),legend หน้านี้,"(0.431, 0.106, 0.416)",167
ตรำด,กฟส,กฟส.เขำสมิง,M,เดิม (1 ต.ค. 2568),legend หน้านี้,"(1.0, 0.855, 0.612)",167
ตรำด,กฟส,กฟส.แหลมงอบ,XS,เดิม (1 ต.ค. 2568),legend หน้านี้,"(0.996, 1.0, 0.996)",167
ตรำด,กฟส,กฟส.เกาะช้าง,S,เดิม (1 ต.ค. 2568),legend หน้านี้,"(0.847, 0.573, 0.733)",167
ตรำด,กฟส,กฟส.คลองใหญ่,S,เดิม (1 ต.ค. 2568),legend หน้านี้,"(0.847, 0.573, 0.733)",167
ตรำด,กฟส,กฟส.บ่อไร่,XS,เดิม (1 ต.ค. 2568),legend หน้านี้,"(0.996, 1.0, 0.996)",167
ตรำด,กฟส,กฟส.เกำะกูด,XS,เดิม (1 ต.ค. 2568),legend หน้านี้,"(0.996, 1.0, 0.996)",167
ตรำด,กฟส,กฟส.เกำะหมำก,XS,เดิม (1 ต.ค. 2568),legend หน้านี้,"(0.996, 1.0, 0.996)",167
ระยอง,กฟจ,กฟจ.ระยอง,L,ใหม่ (1 ม.ค. 2569),legend หน้านี้,"(0.0, 0.439, 0.753)",169
ระยอง,กฟส,กฟส.ปลวกแดง,L,ใหม่ (1 ม.ค. 2569),legend หน้านี้,"(0.431, 0.106, 0.416)",169
ระยอง,กฟส,กฟส.เพ,S,ใหม่ (1 ม.ค. 2569),legend หน้านี้,"(0.847, 0.573, 0.733)",169
ระยอง,กฟส,กฟส.เกำะเสม็ด,XS,ใหม่ (1 ม.ค. 2569),legend หน้านี้,"(0.996, 1.0, 0.996)",169
ระยอง,กฟส,กฟส.แกลง,L,ใหม่ (1 ม.ค. 2569),legend หน้านี้,"(0.431, 0.106, 0.416)",169
ระยอง,กฟส,กฟส.บ้านฉาง,M,ใหม่ (1 ม.ค. 2569),legend หน้านี้,"(1.0, 0.855, 0.612)",169
ระยอง,กฟส,กฟส.มำบตำพุด,L,ใหม่ (1 ม.ค. 2569),legend หน้านี้,"(0.431, 0.106, 0.416)",169
ระยอง,กฟส,กฟส.บ้านค่าย,M,ใหม่ (1 ม.ค. 2569),legend หน้านี้,"(1.0, 0.855, 0.612)",169
ระยอง,กฟส,กฟส.กร่ำ,XS,ใหม่ (1 ม.ค. 2569),legend หน้านี้,"(0.996, 1.0, 0.996)",169
ระยอง,กฟส,กฟส.วังจันทร์,XS,ใหม่ (1 ม.ค. 2569),legend หน้านี้,"(0.996, 1.0, 0.996)",169
ระยอง,กฟส,กฟส.เขำชะเมำ,XS,ใหม่ (1 ม.ค. 2569),legend หน้านี้,"(0.996, 1.0, 0.996)",169
ระยอง,กฟส,กฟส.นิคมพัฒนำ,S,ใหม่ (1 ม.ค. 2569),legend หน้านี้,"(0.847, 0.573, 0.733)",169
ระยอง,กฟส,กฟส.เมืองระยอง,L,เดิม (1 ต.ค. 2568),legend หน้านี้,"(0.431, 0.106, 0.416)",169
ระยอง,กฟส,กฟส.ปลวกแดง,L,เดิม (1 ต.ค. 2568),legend หน้านี้,"(0.431, 0.106, 0.416)",169
ระยอง,กฟส,กฟส.เพ,S,เดิม (1 ต.ค. 2568),legend หน้านี้,"(0.847, 0.573, 0.733)",169
ระยอง,กฟส,กฟส.เกำะเสม็ด,XS,เดิม (1 ต.ค. 2568),legend หน้านี้,"(0.996, 1.0, 0.996)",169
ระยอง,กฟส,กฟส.แกลง,L,เดิม (1 ต.ค. 2568),legend หน้านี้,"(0.431, 0.106, 0.416)",169
ระยอง,กฟส,กฟส.บ้านฉาง,M,เดิม (1 ต.ค. 2568),legend หน้านี้,"(1.0, 0.855, 0.612)",169
ระยอง,กฟส,กฟส.มำบตำพุด,L,เดิม (1 ต.ค. 2568),legend หน้านี้,"(0.431, 0.106, 0.416)",169
ระยอง,กฟส,กฟส.บ้านค่าย,M,เดิม (1 ต.ค. 2568),legend หน้านี้,"(1.0, 0.855, 0.612)",169
ระยอง,กฟส,กฟส.กร่ำ,XS,เดิม (1 ต.ค. 2568),legend หน้านี้,"(0.996, 1.0, 0.996)",169
ระยอง,กฟส,กฟส.วังจันทร์,XS,เดิม (1 ต.ค. 2568),legend หน้านี้,"(0.996, 1.0, 0.996)",169
ระยอง,กฟส,กฟส.เขำชะเมำ,XS,เดิม (1 ต.ค. 2568),legend หน้านี้,"(0.996, 1.0, 0.996)",169
ระยอง,กฟส,กฟส.นิคมพัฒนำ,S,เดิม (1 ต.ค. 2568),legend หน้านี้,"(0.847, 0.573, 0.733)",169
เมืองสมุทรสำคร,กฟจ,กฟจ.สมุทรสำคร,L,ใหม่ (1 ม.ค. 2569),legend หน้านี้,"(0.0, 0.439, 0.753)",171
เมืองสมุทรสำคร,กฟส,กฟส.กระทุ่มแบน,L,ใหม่ (1 ม.ค. 2569),legend หน้านี้,"(0.431, 0.106, 0.416)",171
เมืองสมุทรสำคร,กฟส,กฟส.บำงน้ำจืด,S,ใหม่ (1 ม.ค. 2569),ใกล้เคียง (ตรวจซ้ำ),"(0.898, 0.714, 0.82)",171
เมืองสมุทรสำคร,กฟส,กฟส.กำหลง,XS,ใหม่ (1 ม.ค. 2569),exact,"(0.996, 1.0, 0.996)",171
เมืองสมุทรสำคร,กฟส,กฟส.โคกขำม,L,ใหม่ (1 ม.ค. 2569),legend หน้านี้,"(0.431, 0.106, 0.416)",171
เมืองสมุทรสำคร,กฟส,กฟส.เมืองสมุทรสำคร2(บ้านแพ้ว),M,ใหม่ (1 ม.ค. 2569),legend หน้านี้,"(1.0, 0.855, 0.612)",171
เมืองสมุทรสำคร,กฟส,กฟส.อ้อมน้อย,L,ใหม่ (1 ม.ค. 2569),legend หน้านี้,"(0.431, 0.106, 0.416)",171
เมืองสมุทรสำคร,กฟส,กฟส.คลองตัน,XS,ใหม่ (1 ม.ค. 2569),exact,"(0.996, 1.0, 0.996)",171
เมืองสมุทรสำคร,กฟจ,กฟจ.เมืองสมุทรสำคร,L,เดิม (1 ต.ค. 2568),legend หน้านี้,"(0.431, 0.106, 0.416)",171
เมืองสมุทรสำคร,กฟส,กฟส.กระทุ่มแบน,L,เดิม (1 ต.ค. 2568),legend หน้านี้,"(0.431, 0.106, 0.416)",171
เมืองสมุทรสำคร,กฟส,กฟส.บำงน้ำจืด,S,เดิม (1 ต.ค. 2568),ใกล้เคียง (ตรวจซ้ำ),"(0.898, 0.714, 0.82)",171
เมืองสมุทรสำคร,กฟส,กฟส.กำหลง,XS,เดิม (1 ต.ค. 2568),exact,"(0.996, 1.0, 0.996)",171
เมืองสมุทรสำคร,กฟส,กฟส.โคกขำม,L,เดิม (1 ต.ค. 2568),legend หน้านี้,"(0.431, 0.106, 0.416)",171
เมืองสมุทรสำคร,กฟส,กฟส.เมืองสมุทรสำคร2(บ้านแพ้ว),M,เดิม (1 ต.ค. 2568),legend หน้านี้,"(1.0, 0.855, 0.612)",171
เมืองสมุทรสำคร,กฟส,กฟส.อ้อมน้อย,L,เดิม (1 ต.ค. 2568),legend หน้านี้,"(0.431, 0.106, 0.416)",171
เมืองสมุทรสำคร,กฟส,กฟส.คลองตัน,XS,เดิม (1 ต.ค. 2568),exact,"(0.996, 1.0, 0.996)",171
สุพรรณบุรี,กฟจ,กฟจ.สุพรรณบุรี,S,ใหม่ (1 ม.ค. 2569),legend หน้านี้,"(1.0, 0.635, 0.016)",173
สุพรรณบุรี,กฟส,กฟส.เดิมบำงนำงบวช,M,ใหม่ (1 ม.ค. 2569),legend หน้านี้,"(1.0, 0.855, 0.612)",173
สุพรรณบุรี,กฟส,กฟส.สองพี่น้อง,S,ใหม่ (1 ม.ค. 2569),legend หน้านี้,"(0.847, 0.573, 0.733)",173
สุพรรณบุรี,กฟส,กฟส.สวนแตง,XS,ใหม่ (1 ม.ค. 2569),legend หน้านี้,"(0.996, 1.0, 0.996)",173
สุพรรณบุรี,กฟส,กฟส.ทุ่งคอก,XS,ใหม่ (1 ม.ค. 2569),legend หน้านี้,"(0.996, 1.0, 0.996)",173
สุพรรณบุรี,กฟส,กฟส.ด่านช้าง,S,ใหม่ (1 ม.ค. 2569),legend หน้านี้,"(0.847, 0.573, 0.733)",173
สุพรรณบุรี,กฟส,กฟส.หนองหญ้าไซ,S,ใหม่ (1 ม.ค. 2569),legend หน้านี้,"(0.847, 0.573, 0.733)",173
สุพรรณบุรี,กฟส,กฟส.อู่ทอง,M,ใหม่ (1 ม.ค. 2569),legend หน้านี้,"(1.0, 0.855, 0.612)",173
สุพรรณบุรี,กฟส,กฟส.ศรีประจันต์,S,ใหม่ (1 ม.ค. 2569),legend หน้านี้,"(0.847, 0.573, 0.733)",173
สุพรรณบุรี,กฟส,กฟส.ดอนเจดีย์,S,ใหม่ (1 ม.ค. 2569),legend หน้านี้,"(0.847, 0.573, 0.733)",173
สุพรรณบุรี,กฟส,กฟส.บางปลาม้า,S,ใหม่ (1 ม.ค. 2569),legend หน้านี้,"(0.847, 0.573, 0.733)",173
สุพรรณบุรี,กฟส,กฟส.สำมชุก,S,ใหม่ (1 ม.ค. 2569),legend หน้านี้,"(0.847, 0.573, 0.733)",173
สุพรรณบุรี,กฟส,กฟส.มะขามล้ม,XS,ใหม่ (1 ม.ค. 2569),legend หน้านี้,"(0.996, 1.0, 0.996)",173
สุพรรณบุรี,กฟส,กฟส.เดิมบำงนำงบวช,M,เดิม (1 ต.ค. 2568),legend หน้านี้,"(1.0, 0.855, 0.612)",173
สุพรรณบุรี,กฟส,กฟส.เมืองสุพรรณบุรี,L,เดิม (1 ต.ค. 2568),legend หน้านี้,"(0.431, 0.106, 0.416)",173
สุพรรณบุรี,กฟส,กฟส.สองพี่น้อง,S,เดิม (1 ต.ค. 2568),legend หน้านี้,"(0.847, 0.573, 0.733)",173
สุพรรณบุรี,กฟส,กฟส.สวนแตง,XS,เดิม (1 ต.ค. 2568),legend หน้านี้,"(0.996, 1.0, 0.996)",173
สุพรรณบุรี,กฟส,กฟส.ทุ่งคอก,XS,เดิม (1 ต.ค. 2568),legend หน้านี้,"(0.996, 1.0, 0.996)",173
สุพรรณบุรี,กฟส,กฟส.ด่านช้าง,S,เดิม (1 ต.ค. 2568),legend หน้านี้,"(0.847, 0.573, 0.733)",173
สุพรรณบุรี,กฟส,กฟส.หนองหญ้าไซ,S,เดิม (1 ต.ค. 2568),legend หน้านี้,"(0.847, 0.573, 0.733)",173
สุพรรณบุรี,กฟส,กฟส.อู่ทอง,M,เดิม (1 ต.ค. 2568),legend หน้านี้,"(1.0, 0.855, 0.612)",173
สุพรรณบุรี,กฟส,กฟส.ศรีประจันต์,S,เดิม (1 ต.ค. 2568),legend หน้านี้,"(0.847, 0.573, 0.733)",173
สุพรรณบุรี,กฟส,กฟส.ดอนเจดีย์,S,เดิม (1 ต.ค. 2568),legend หน้านี้,"(0.847, 0.573, 0.733)",173
สุพรรณบุรี,กฟส,กฟส.บางปลาม้า,S,เดิม (1 ต.ค. 2568),legend หน้านี้,"(0.847, 0.573, 0.733)",173
สุพรรณบุรี,กฟส,กฟส.สำมชุก,S,เดิม (1 ต.ค. 2568),legend หน้านี้,"(0.847, 0.573, 0.733)",173
สุพรรณบุรี,กฟส,กฟส.มะขามล้ม,XS,เดิม (1 ต.ค. 2568),legend หน้านี้,"(0.996, 1.0, 0.996)",173
นครปฐม,กฟจ,กฟจ.นครปฐม,L,ใหม่ (1 ม.ค. 2569),legend หน้านี้,"(0.0, 0.439, 0.753)",175
นครปฐม,กฟส,กฟส.กำแพงแสน,L,ใหม่ (1 ม.ค. 2569),legend หน้านี้,"(0.431, 0.106, 0.416)",175
นครปฐม,กฟส,กฟส.นครชัยศรี,M,ใหม่ (1 ม.ค. 2569),legend หน้านี้,"(1.0, 0.855, 0.612)",175
นครปฐม,กฟส,กฟส.ดอนตูม,S,ใหม่ (1 ม.ค. 2569),legend หน้านี้,"(0.847, 0.573, 0.733)",175
นครปฐม,กฟส,กฟส.บำงหลวง,XS,ใหม่ (1 ม.ค. 2569),legend หน้านี้,"(0.996, 1.0, 0.996)",175
นครปฐม,กฟส,กฟส.บำงเลน,L,ใหม่ (1 ม.ค. 2569),legend หน้านี้,"(0.431, 0.106, 0.416)",175
นครปฐม,กฟส,กฟส.สำมพรำน,L,ใหม่ (1 ม.ค. 2569),legend หน้านี้,"(0.431, 0.106, 0.416)",175
นครปฐม,กฟส,กฟส.พุทธมณฑล,M,ใหม่ (1 ม.ค. 2569),legend หน้านี้,"(1.0, 0.855, 0.612)",175
นครปฐม,กฟส,กฟส.กำแพงแสน,L,เดิม (1 ต.ค. 2568),legend หน้านี้,"(0.431, 0.106, 0.416)",175
นครปฐม,กฟส,กฟส.นครชัยศรี,M,เดิม (1 ต.ค. 2568),legend หน้านี้,"(1.0, 0.855, 0.612)",175
นครปฐม,กฟส,กฟส.ดอนตูม,S,เดิม (1 ต.ค. 2568),legend หน้านี้,"(0.847, 0.573, 0.733)",175
นครปฐม,กฟส,กฟส.บำงหลวง,XS,เดิม (1 ต.ค. 2568),legend หน้านี้,"(0.996, 1.0, 0.996)",175
นครปฐม,กฟส,กฟส.เมืองนครปฐม,L,เดิม (1 ต.ค. 2568),legend หน้านี้,"(0.431, 0.106, 0.416)",175
นครปฐม,กฟส,กฟส.บำงเลน,L,เดิม (1 ต.ค. 2568),legend หน้านี้,"(0.431, 0.106, 0.416)",175
นครปฐม,กฟส,กฟส.สำมพรำน,L,เดิม (1 ต.ค. 2568),legend หน้านี้,"(0.431, 0.106, 0.416)",175
นครปฐม,กฟส,กฟส.พุทธมณฑล,M,เดิม (1 ต.ค. 2568),legend หน้านี้,"(1.0, 0.855, 0.612)",175
กำญจนบุรี,กฟจ,กฟจ.กำญจนบุรี,L,ใหม่ (1 ม.ค. 2569),legend หน้านี้,"(0.0, 0.439, 0.753)",177
กำญจนบุรี,กฟส,กฟส.ท่ามะกา,M,ใหม่ (1 ม.ค. 2569),legend หน้านี้,"(1.0, 0.855, 0.612)",177
กำญจนบุรี,กฟส,กฟส.ด่านมะขามเตี้ย,S,ใหม่ (1 ม.ค. 2569),legend หน้านี้,"(0.847, 0.573, 0.733)",177
กำญจนบุรี,กฟส,กฟส.หนองปรือ,XS,ใหม่ (1 ม.ค. 2569),legend หน้านี้,"(0.996, 1.0, 0.996)",177
กำญจนบุรี,กฟส,กฟส.ห้วยกระเจา,XS,ใหม่ (1 ม.ค. 2569),legend หน้านี้,"(0.996, 1.0, 0.996)",177
กำญจนบุรี,กฟส,กฟส.เลำขวัญ,S,ใหม่ (1 ม.ค. 2569),legend หน้านี้,"(0.847, 0.573, 0.733)",177
กำญจนบุรี,กฟส,กฟส.ท่าเรือ,S,ใหม่ (1 ม.ค. 2569),legend หน้านี้,"(0.847, 0.573, 0.733)",177
กำญจนบุรี,กฟส,กฟส.บ่อพลอย,M,ใหม่ (1 ม.ค. 2569),legend หน้านี้,"(1.0, 0.855, 0.612)",177
กำญจนบุรี,กฟส,กฟส.ท่าม่วง,S,ใหม่ (1 ม.ค. 2569),legend หน้านี้,"(0.847, 0.573, 0.733)",177
กำญจนบุรี,กฟส,กฟส.พนมทวน,S,ใหม่ (1 ม.ค. 2569),legend หน้านี้,"(0.847, 0.573, 0.733)",177
กำญจนบุรี,กฟส,กฟส.ไทรโยค,S,ใหม่ (1 ม.ค. 2569),legend หน้านี้,"(0.847, 0.573, 0.733)",177
กำญจนบุรี,กฟส,กฟส.ทองผำภูมิ,S,ใหม่ (1 ม.ค. 2569),legend หน้านี้,"(0.847, 0.573, 0.733)",177
กำญจนบุรี,กฟส,กฟส.บ้านตลาดสำรอง,XS,ใหม่ (1 ม.ค. 2569),legend หน้านี้,"(0.996, 1.0, 0.996)",177
กำญจนบุรี,กฟส,กฟส.ลาดหญ้า,S,ใหม่ (1 ม.ค. 2569),legend หน้านี้,"(0.847, 0.573, 0.733)",177
กำญจนบุรี,กฟส,กฟส.สังขละบุรี,XS,ใหม่ (1 ม.ค. 2569),legend หน้านี้,"(0.996, 1.0, 0.996)",177
กำญจนบุรี,กฟส,กฟส.ศรีสวัสดิ,XS,ใหม่ (1 ม.ค. 2569),legend หน้านี้,"(0.996, 1.0, 0.996)",177
กำญจนบุรี,กฟส,กฟส.ท่ากระดาน,XS,ใหม่ (1 ม.ค. 2569),legend หน้านี้,"(0.996, 1.0, 0.996)",177
กำญจนบุรี,กฟส,กฟส.ท่ามะกา,M,เดิม (1 ต.ค. 2568),legend หน้านี้,"(1.0, 0.855, 0.612)",177
กำญจนบุรี,กฟส,กฟส.เมืองกำญจนบุรี,L,เดิม (1 ต.ค. 2568),legend หน้านี้,"(0.431, 0.106, 0.416)",177
กำญจนบุรี,กฟส,กฟส.ด่านมะขามเตี้ย,S,เดิม (1 ต.ค. 2568),legend หน้านี้,"(0.847, 0.573, 0.733)",177
กำญจนบุรี,กฟส,กฟส.หนองปรือ,XS,เดิม (1 ต.ค. 2568),legend หน้านี้,"(0.996, 1.0, 0.996)",177
กำญจนบุรี,กฟส,กฟส.ห้วยกระเจา,XS,เดิม (1 ต.ค. 2568),legend หน้านี้,"(0.996, 1.0, 0.996)",177
กำญจนบุรี,กฟส,กฟส.เลำขวัญ,S,เดิม (1 ต.ค. 2568),legend หน้านี้,"(0.847, 0.573, 0.733)",177
กำญจนบุรี,กฟส,กฟส.ท่าเรือ,S,เดิม (1 ต.ค. 2568),legend หน้านี้,"(0.847, 0.573, 0.733)",177
กำญจนบุรี,กฟส,กฟส.บ่อพลอย,M,เดิม (1 ต.ค. 2568),legend หน้านี้,"(1.0, 0.855, 0.612)",177
กำญจนบุรี,กฟส,กฟส.ท่าม่วง,S,เดิม (1 ต.ค. 2568),legend หน้านี้,"(0.847, 0.573, 0.733)",177
กำญจนบุรี,กฟส,กฟส.พนมทวน,S,เดิม (1 ต.ค. 2568),legend หน้านี้,"(0.847, 0.573, 0.733)",177
กำญจนบุรี,กฟส,กฟส.ไทรโยค,S,เดิม (1 ต.ค. 2568),legend หน้านี้,"(0.847, 0.573, 0.733)",177
กำญจนบุรี,กฟส,กฟส.ทองผำภูมิ,S,เดิม (1 ต.ค. 2568),legend หน้านี้,"(0.847, 0.573, 0.733)",177
กำญจนบุรี,กฟส,กฟส.บ้านตลาดสำรอง,XS,เดิม (1 ต.ค. 2568),legend หน้านี้,"(0.996, 1.0, 0.996)",177
กำญจนบุรี,กฟส,กฟส.ลาดหญ้า,S,เดิม (1 ต.ค. 2568),legend หน้านี้,"(0.847, 0.573, 0.733)",177
กำญจนบุรี,กฟส,กฟส.สังขละบุรี,XS,เดิม (1 ต.ค. 2568),legend หน้านี้,"(0.996, 1.0, 0.996)",177
กำญจนบุรี,กฟส,กฟส.ศรีสวัสดิ,XS,เดิม (1 ต.ค. 2568),legend หน้านี้,"(0.996, 1.0, 0.996)",177
กำญจนบุรี,กฟส,กฟส.ท่ากระดาน,XS,เดิม (1 ต.ค. 2568),legend หน้านี้,"(0.996, 1.0, 0.996)",177
รำชบุรี,กฟจ,กฟจ.รำชบุรี,L,ใหม่ (1 ม.ค. 2569),legend หน้านี้,"(0.0, 0.439, 0.753)",179
รำชบุรี,กฟส,กฟส.จอมบึง,M,ใหม่ (1 ม.ค. 2569),legend หน้านี้,"(1.0, 0.855, 0.612)",179
รำชบุรี,กฟส,กฟส.โพธำรำม,L,ใหม่ (1 ม.ค. 2569),legend หน้านี้,"(0.431, 0.106, 0.416)",179
รำชบุรี,กฟส,กฟส.ปากท่อ,S,ใหม่ (1 ม.ค. 2569),legend หน้านี้,"(0.847, 0.573, 0.733)",179
รำชบุรี,กฟส,กฟส.วัดเพลง,XS,ใหม่ (1 ม.ค. 2569),legend หน้านี้,"(0.996, 1.0, 0.996)",179
รำชบุรี,กฟส,กฟส.บ้านคา,XS,ใหม่ (1 ม.ค. 2569),legend หน้านี้,"(0.996, 1.0, 0.996)",179
รำชบุรี,กฟส,กฟส.ด่านทับตะโก,XS,ใหม่ (1 ม.ค. 2569),legend หน้านี้,"(0.996, 1.0, 0.996)",179
รำชบุรี,กฟส,กฟส.ดำเนินสะดวก,S,ใหม่ (1 ม.ค. 2569),legend หน้านี้,"(0.847, 0.573, 0.733)",179
รำชบุรี,กฟส,กฟส.นางแก้ว,XS,ใหม่ (1 ม.ค. 2569),legend หน้านี้,"(0.996, 1.0, 0.996)",179
รำชบุรี,กฟส,กฟส.ดอนไผ่,S,ใหม่ (1 ม.ค. 2569),legend หน้านี้,"(0.847, 0.573, 0.733)",179
รำชบุรี,กฟส,กฟส.บำงแพ,S,ใหม่ (1 ม.ค. 2569),legend หน้านี้,"(0.847, 0.573, 0.733)",179
รำชบุรี,กฟส,กฟส.สวนผึ้ง,S,ใหม่ (1 ม.ค. 2569),legend หน้านี้,"(0.847, 0.573, 0.733)",179
รำชบุรี,กฟส,กฟส.บ้านโป่ง,L,ใหม่ (1 ม.ค. 2569),legend หน้านี้,"(0.431, 0.106, 0.416)",179
รำชบุรี,กฟส,กฟส.หนองปลำหมอ,XS,ใหม่ (1 ม.ค. 2569),legend หน้านี้,"(0.996, 1.0, 0.996)",179
รำชบุรี,กฟส,กฟส.กรับใหญ่,XS,ใหม่ (1 ม.ค. 2569),legend หน้านี้,"(0.996, 1.0, 0.996)",179
รำชบุรี,กฟส,กฟส.จอมบึง,M,เดิม (1 ต.ค. 2568),legend หน้านี้,"(1.0, 0.855, 0.612)",179
รำชบุรี,กฟส,กฟส.เมืองรำชบุรี,L,เดิม (1 ต.ค. 2568),legend หน้านี้,"(0.431, 0.106, 0.416)",179
รำชบุรี,กฟส,กฟส.โพธำรำม,L,เดิม (1 ต.ค. 2568),legend หน้านี้,"(0.431, 0.106, 0.416)",179
รำชบุรี,กฟส,กฟส.ปากท่อ,S,เดิม (1 ต.ค. 2568),legend หน้านี้,"(0.847, 0.573, 0.733)",179
รำชบุรี,กฟส,กฟส.วัดเพลง,XS,เดิม (1 ต.ค. 2568),legend หน้านี้,"(0.996, 1.0, 0.996)",179
รำชบุรี,กฟส,กฟส.บ้านคา,XS,เดิม (1 ต.ค. 2568),legend หน้านี้,"(0.996, 1.0, 0.996)",179
รำชบุรี,กฟส,กฟส.ด่านทับตะโก,XS,เดิม (1 ต.ค. 2568),legend หน้านี้,"(0.996, 1.0, 0.996)",179
รำชบุรี,กฟส,กฟส.ดำเนินสะดวก,S,เดิม (1 ต.ค. 2568),legend หน้านี้,"(0.847, 0.573, 0.733)",179
รำชบุรี,กฟส,กฟส.นางแก้ว,XS,เดิม (1 ต.ค. 2568),legend หน้านี้,"(0.996, 1.0, 0.996)",179
รำชบุรี,กฟส,กฟส.ดอนไผ่,S,เดิม (1 ต.ค. 2568),legend หน้านี้,"(0.847, 0.573, 0.733)",179
รำชบุรี,กฟส,กฟส.บำงแพ,S,เดิม (1 ต.ค. 2568),legend หน้านี้,"(0.847, 0.573, 0.733)",179
รำชบุรี,กฟส,กฟส.สวนผึ้ง,S,เดิม (1 ต.ค. 2568),legend หน้านี้,"(0.847, 0.573, 0.733)",179
รำชบุรี,กฟส,กฟส.บ้านโป่ง,L,เดิม (1 ต.ค. 2568),legend หน้านี้,"(0.431, 0.106, 0.416)",179
รำชบุรี,กฟส,กฟส.หนองปลำหมอ,XS,เดิม (1 ต.ค. 2568),legend หน้านี้,"(0.996, 1.0, 0.996)",179
รำชบุรี,กฟส,กฟส.กรับใหญ่,XS,เดิม (1 ต.ค. 2568),legend หน้านี้,"(0.996, 1.0, 0.996)",179
เพชรบุรี,กฟจ,กฟจ.เพชรบุรี,L,ใหม่ (1 ม.ค. 2569),exact,"(0.0, 0.439, 0.753)",180
เพชรบุรี,กฟส,กฟส.ชะอำ,L,ใหม่ (1 ม.ค. 2569),exact,"(0.431, 0.106, 0.416)",180
เพชรบุรี,กฟส,กฟส.เขาย้อย,S,ใหม่ (1 ม.ค. 2569),ใกล้เคียง (ตรวจซ้ำ),"(0.898, 0.714, 0.82)",180
เพชรบุรี,กฟส,กฟส.ท่ายาง,S,ใหม่ (1 ม.ค. 2569),ใกล้เคียง (ตรวจซ้ำ),"(0.898, 0.714, 0.82)",180
เพชรบุรี,กฟส,กฟส.บ้านลาด,S,ใหม่ (1 ม.ค. 2569),ใกล้เคียง (ตรวจซ้ำ),"(0.898, 0.714, 0.82)",180
เพชรบุรี,กฟส,กฟส.บ้านแหลม,S,ใหม่ (1 ม.ค. 2569),ใกล้เคียง (ตรวจซ้ำ),"(0.898, 0.714, 0.82)",180
เพชรบุรี,กฟส,กฟส.หนองหญ้าปล้อง,XS,ใหม่ (1 ม.ค. 2569),exact,"(0.996, 1.0, 0.996)",180
เพชรบุรี,กฟส,กฟส.ท่าไม้รวก,XS,ใหม่ (1 ม.ค. 2569),exact,"(0.996, 1.0, 0.996)",180
เพชรบุรี,กฟส,กฟส.แก่งกระจาน,XS,ใหม่ (1 ม.ค. 2569),exact,"(0.996, 1.0, 0.996)",180
เพชรบุรี,กฟส,กฟส.บำงตะบูน,XS,ใหม่ (1 ม.ค. 2569),exact,"(0.996, 1.0, 0.996)",180
เพชรบุรี,กฟส,กฟส.เมืองเพชรบุรี,L,เดิม (1 ต.ค. 2568),exact,"(0.431, 0.106, 0.416)",180
เพชรบุรี,กฟส,กฟส.ชะอำ,L,เดิม (1 ต.ค. 2568),exact,"(0.431, 0.106, 0.416)",180
เพชรบุรี,กฟส,กฟส.เขาย้อย,S,เดิม (1 ต.ค. 2568),ใกล้เคียง (ตรวจซ้ำ),"(0.898, 0.714, 0.82)",180
เพชรบุรี,กฟส,กฟส.ท่ายาง,S,เดิม (1 ต.ค. 2568),ใกล้เคียง (ตรวจซ้ำ),"(0.898, 0.714, 0.82)",180
เพชรบุรี,กฟส,กฟส.บ้านลาด,S,เดิม (1 ต.ค. 2568),ใกล้เคียง (ตรวจซ้ำ),"(0.898, 0.714, 0.82)",180
เพชรบุรี,กฟส,กฟส.บ้านแหลม,S,เดิม (1 ต.ค. 2568),ใกล้เคียง (ตรวจซ้ำ),"(0.898, 0.714, 0.82)",180
เพชรบุรี,กฟส,กฟส.หนองหญ้าปล้อง,XS,เดิม (1 ต.ค. 2568),exact,"(0.996, 1.0, 0.996)",180
เพชรบุรี,กฟส,กฟส.ท่าไม้รวก,XS,เดิม (1 ต.ค. 2568),exact,"(0.996, 1.0, 0.996)",180
เพชรบุรี,กฟส,กฟส.แก่งกระจาน,XS,เดิม (1 ต.ค. 2568),exact,"(0.996, 1.0, 0.996)",180
เพชรบุรี,กฟส,กฟส.บำงตะบูน,XS,เดิม (1 ต.ค. 2568),exact,"(0.996, 1.0, 0.996)",180
ชุมพร,กฟจ,กฟจ.ชุมพร,S,ใหม่ (1 ม.ค. 2569),exact,"(1.0, 0.635, 0.016)",182
ชุมพร,กฟส,กฟส.ท่าแซะ,M,ใหม่ (1 ม.ค. 2569),exact,"(1.0, 0.855, 0.612)",182
ชุมพร,กฟส,กฟส.พะโต๊ะ,XS,ใหม่ (1 ม.ค. 2569),exact,"(0.996, 1.0, 0.996)",182
ชุมพร,กฟส,กฟส.สวี,S,ใหม่ (1 ม.ค. 2569),exact,"(0.847, 0.573, 0.733)",182
ชุมพร,กฟส,กฟส.หลังสวน,M,ใหม่ (1 ม.ค. 2569),exact,"(1.0, 0.855, 0.612)",182
ชุมพร,กฟส,กฟส.ปำกน้ำชุมพร,S,ใหม่ (1 ม.ค. 2569),exact,"(0.847, 0.573, 0.733)",182
ชุมพร,กฟส,กฟส.ทุ่งตะโก,XS,ใหม่ (1 ม.ค. 2569),exact,"(0.996, 1.0, 0.996)",182
ชุมพร,กฟส,กฟส.ละแม,XS,ใหม่ (1 ม.ค. 2569),exact,"(0.996, 1.0, 0.996)",182
ชุมพร,กฟส,กฟส.ปำกน้ำหลังสวน,XS,ใหม่ (1 ม.ค. 2569),exact,"(0.996, 1.0, 0.996)",182
ชุมพร,กฟส,กฟส.ดอนยำง,XS,ใหม่ (1 ม.ค. 2569),exact,"(0.996, 1.0, 0.996)",182
ชุมพร,กฟส,กฟส.ปะทิว,XS,ใหม่ (1 ม.ค. 2569),exact,"(0.996, 1.0, 0.996)",182
ชุมพร,กฟส,กฟส.ท่าแซะ,M,เดิม (1 ต.ค. 2568),exact,"(1.0, 0.855, 0.612)",182
ชุมพร,กฟส,กฟส.เมืองชุมพร,L,เดิม (1 ต.ค. 2568),exact,"(0.431, 0.106, 0.416)",182
ชุมพร,กฟส,กฟส.พะโต๊ะ,XS,เดิม (1 ต.ค. 2568),exact,"(0.996, 1.0, 0.996)",182
ชุมพร,กฟส,กฟส.สวี,S,เดิม (1 ต.ค. 2568),exact,"(0.847, 0.573, 0.733)",182
ชุมพร,กฟส,กฟส.หลังสวน,M,เดิม (1 ต.ค. 2568),exact,"(1.0, 0.855, 0.612)",182
ชุมพร,กฟส,กฟส.ปำกน้ำชุมพร,S,เดิม (1 ต.ค. 2568),exact,"(0.847, 0.573, 0.733)",182
ชุมพร,กฟส,กฟส.ทุ่งตะโก,XS,เดิม (1 ต.ค. 2568),exact,"(0.996, 1.0, 0.996)",182
ชุมพร,กฟส,กฟส.ละแม,XS,เดิม (1 ต.ค. 2568),exact,"(0.996, 1.0, 0.996)",182
ชุมพร,กฟส,กฟส.ปำกน้ำหลังสวน,XS,เดิม (1 ต.ค. 2568),exact,"(0.996, 1.0, 0.996)",182
ชุมพร,กฟส,กฟส.ดอนยำง,XS,เดิม (1 ต.ค. 2568),exact,"(0.996, 1.0, 0.996)",182
ชุมพร,กฟส,กฟส.ปะทิว,XS,เดิม (1 ต.ค. 2568),exact,"(0.996, 1.0, 0.996)",182
ประจวบคีรีขันธ์,กฟส,กฟส.ปรำณบุรี,M,เดิม (1 ต.ค. 2568),legend หน้านี้,"(1.0, 0.855, 0.612)",184
ประจวบคีรีขันธ์,กฟส,กฟส.เมืองประจวบคีรีขันธ์,M,เดิม (1 ต.ค. 2568),legend หน้านี้,"(1.0, 0.855, 0.612)",184
ประจวบคีรีขันธ์,กฟส,กฟส.หนองพลับ,XS,เดิม (1 ต.ค. 2568),legend หน้านี้,"(0.996, 1.0, 0.996)",184
ประจวบคีรีขันธ์,กฟส,กฟส.หัวหิน,L,เดิม (1 ต.ค. 2568),legend หน้านี้,"(0.431, 0.106, 0.416)",184
ประจวบคีรีขันธ์,กฟส,กฟส.ทับสะแก,S,เดิม (1 ต.ค. 2568),legend หน้านี้,"(0.847, 0.573, 0.733)",184
ประจวบคีรีขันธ์,กฟส,กฟส.นิคมสร้างตนเองตำบลอ่าวน้อย,XS,เดิม (1 ต.ค. 2568),legend หน้านี้,"(0.996, 1.0, 0.996)",184
ประจวบคีรีขันธ์,กฟส,กฟส.ปำกน้ำปรำณ,XS,เดิม (1 ต.ค. 2568),legend หน้านี้,"(0.996, 1.0, 0.996)",184
ประจวบคีรีขันธ์,กฟส,กฟส.สามร้อยยอด,XS,เดิม (1 ต.ค. 2568),legend หน้านี้,"(0.996, 1.0, 0.996)",184
ประจวบคีรีขันธ์,กฟส,กฟส.กุยบุรี,S,เดิม (1 ต.ค. 2568),legend หน้านี้,"(0.847, 0.573, 0.733)",184
ประจวบคีรีขันธ์,กฟส,กฟส.บำงสะพำน,M,เดิม (1 ต.ค. 2568),legend หน้านี้,"(1.0, 0.855, 0.612)",184
ประจวบคีรีขันธ์,กฟส,กฟส.บางสะพานน้อย,XS,เดิม (1 ต.ค. 2568),legend หน้านี้,"(0.996, 1.0, 0.996)",184
ประจวบคีรีขันธ์,กฟจ,กฟจ.ประจวบคีรีขันธ์,S,ใหม่ (1 ม.ค. 2569),legend หน้านี้,"(1.0, 0.635, 0.016)",184
ประจวบคีรีขันธ์,กฟส,กฟส.ปรำณบุรี,M,ใหม่ (1 ม.ค. 2569),legend หน้านี้,"(1.0, 0.855, 0.612)",184
ประจวบคีรีขันธ์,กฟส,กฟส.หนองพลับ,XS,ใหม่ (1 ม.ค. 2569),legend หน้านี้,"(0.996, 1.0, 0.996)",184
ประจวบคีรีขันธ์,กฟส,กฟส.หัวหิน,L,ใหม่ (1 ม.ค. 2569),legend หน้านี้,"(0.431, 0.106, 0.416)",184
ประจวบคีรีขันธ์,กฟส,กฟส.ทับสะแก,S,ใหม่ (1 ม.ค. 2569),legend หน้านี้,"(0.847, 0.573, 0.733)",184
ประจวบคีรีขันธ์,กฟส,กฟส.นิคมสร้างตนเองตำบลอ่าวน้อย,XS,ใหม่ (1 ม.ค. 2569),legend หน้านี้,"(0.996, 1.0, 0.996)",184
ประจวบคีรีขันธ์,กฟส,กฟส.ปำกน้ำปรำณ,XS,ใหม่ (1 ม.ค. 2569),legend หน้านี้,"(0.996, 1.0, 0.996)",184
ประจวบคีรีขันธ์,กฟส,กฟส.สามร้อยยอด,XS,ใหม่ (1 ม.ค. 2569),legend หน้านี้,"(0.996, 1.0, 0.996)",184
ประจวบคีรีขันธ์,กฟส,กฟส.กุยบุรี,S,ใหม่ (1 ม.ค. 2569),legend หน้านี้,"(0.847, 0.573, 0.733)",184
ประจวบคีรีขันธ์,กฟส,กฟส.บำงสะพำน,M,ใหม่ (1 ม.ค. 2569),legend หน้านี้,"(1.0, 0.855, 0.612)",184
ประจวบคีรีขันธ์,กฟส,กฟส.บางสะพานน้อย,XS,ใหม่ (1 ม.ค. 2569),legend หน้านี้,"(0.996, 1.0, 0.996)",184
ระนอง,กฟจ,กฟจ.ระนอง,S,ใหม่ (1 ม.ค. 2569),legend หน้านี้,"(1.0, 0.635, 0.016)",186
ระนอง,กฟส,กฟส.กะเปอร,XS,ใหม่ (1 ม.ค. 2569),legend หน้านี้,"(0.996, 1.0, 0.996)",186
ระนอง,กฟส,กฟส.กระบุรี,XS,ใหม่ (1 ม.ค. 2569),legend หน้านี้,"(0.996, 1.0, 0.996)",186
ระนอง,กฟส,กฟส.ละอุ่น,XS,ใหม่ (1 ม.ค. 2569),legend หน้านี้,"(0.996, 1.0, 0.996)",186
ระนอง,กฟส,กฟส.สุขสำรำญ,XS,ใหม่ (1 ม.ค. 2569),legend หน้านี้,"(0.996, 1.0, 0.996)",186
ระนอง,กฟส,กฟส.เมืองระนอง,M,เดิม (1 ต.ค. 2568),legend หน้านี้,"(1.0, 0.855, 0.612)",186
ระนอง,กฟส,กฟส.กะเปอร,XS,เดิม (1 ต.ค. 2568),legend หน้านี้,"(0.996, 1.0, 0.996)",186
ระนอง,กฟส,กฟส.กระบุรี,XS,เดิม (1 ต.ค. 2568),legend หน้านี้,"(0.996, 1.0, 0.996)",186
ระนอง,กฟส,กฟส.ละอุ่น,XS,เดิม (1 ต.ค. 2568),legend หน้านี้,"(0.996, 1.0, 0.996)",186
ระนอง,กฟส,กฟส.สุขสำรำญ,XS,เดิม (1 ต.ค. 2568),legend หน้านี้,"(0.996, 1.0, 0.996)",186
สมุทรสงครำม,กฟจ,กฟจ.สมุทรสงครำม,S,ใหม่ (1 ม.ค. 2569),legend หน้านี้,"(1.0, 0.635, 0.016)",189
สมุทรสงครำม,กฟส,กฟส.อัมพวำ,S,ใหม่ (1 ม.ค. 2569),legend หน้านี้,"(0.847, 0.573, 0.733)",189
สมุทรสงครำม,กฟส,กฟส.บำงคนที,S,ใหม่ (1 ม.ค. 2569),legend หน้านี้,"(0.847, 0.573, 0.733)",189
สมุทรสงครำม,กฟส,กฟส.เมืองสมุทรสงครำม,L,เดิม (1 ต.ค. 2568),legend หน้านี้,"(0.431, 0.106, 0.416)",189
สมุทรสงครำม,กฟส,กฟส.อัมพวำ,S,เดิม (1 ต.ค. 2568),legend หน้านี้,"(0.847, 0.573, 0.733)",189
สมุทรสงครำม,กฟส,กฟส.บำงคนที,S,เดิม (1 ต.ค. 2568),legend หน้านี้,"(0.847, 0.573, 0.733)",189
ภูเก็ต,กฟจ,กฟจ.ภูเก็ต,L,ใหม่ (1 ม.ค. 2569),legend หน้านี้,"(0.0, 0.439, 0.753)",191
ภูเก็ต,กฟส,กฟส.ถลำง,L,ใหม่ (1 ม.ค. 2569),exact,"(0.431, 0.106, 0.416)",191
ภูเก็ต,กฟส,กฟส.ป่าตอง,L,ใหม่ (1 ม.ค. 2569),exact,"(0.431, 0.106, 0.416)",191
ภูเก็ต,กฟส,กฟส.ฉลอง,S,ใหม่ (1 ม.ค. 2569),ใกล้เคียง (ตรวจซ้ำ),"(0.898, 0.714, 0.82)",191
ภูเก็ต,กฟส,กฟส.เกำะยำว,XS,ใหม่ (1 ม.ค. 2569),exact,"(0.996, 1.0, 0.996)",191
ภูเก็ต,กฟส,กฟส.ถลำง,L,เดิม (1 ต.ค. 2568),exact,"(0.431, 0.106, 0.416)",191
ภูเก็ต,กฟส,กฟส.เมืองภูเก็ต,L,เดิม (1 ต.ค. 2568),exact,"(0.431, 0.106, 0.416)",191
ภูเก็ต,กฟส,กฟส.ป่าตอง,L,เดิม (1 ต.ค. 2568),exact,"(0.431, 0.106, 0.416)",191
ภูเก็ต,กฟส,กฟส.ฉลอง,S,เดิม (1 ต.ค. 2568),ใกล้เคียง (ตรวจซ้ำ),"(0.898, 0.714, 0.82)",191
ภูเก็ต,กฟส,กฟส.เกำะยำว,XS,เดิม (1 ต.ค. 2568),exact,"(0.996, 1.0, 0.996)",191
กระบี่,กฟจ,กฟจ.กระบี่,S,ใหม่ (1 ม.ค. 2569),legend หน้านี้,"(1.0, 0.635, 0.016)",195
กระบี่,กฟส,กฟส.เกำะลันตำ,S,ใหม่ (1 ม.ค. 2569),legend หน้านี้,"(0.847, 0.573, 0.733)",195
กระบี่,กฟส,กฟส.เหนือคลอง,S,ใหม่ (1 ม.ค. 2569),legend หน้านี้,"(0.847, 0.573, 0.733)",195
กระบี่,กฟส,กฟส.คลองท่อม,S,ใหม่ (1 ม.ค. 2569),legend หน้านี้,"(0.847, 0.573, 0.733)",195
กระบี่,กฟส,กฟส.อ่าวลึก,S,ใหม่ (1 ม.ค. 2569),legend หน้านี้,"(0.847, 0.573, 0.733)",195
กระบี่,กฟส,กฟส.เขำพนม,S,ใหม่ (1 ม.ค. 2569),legend หน้านี้,"(0.847, 0.573, 0.733)",195
กระบี่,กฟส,กฟส.บ้านเกาะพีพี,XS,ใหม่ (1 ม.ค. 2569),legend หน้านี้,"(0.996, 1.0, 0.996)",195
กระบี่,กฟส,กฟส.ปลำยพระยำ,XS,ใหม่ (1 ม.ค. 2569),legend หน้านี้,"(0.996, 1.0, 0.996)",195
กระบี่,กฟส,กฟส.ลำทับ,XS,ใหม่ (1 ม.ค. 2569),legend หน้านี้,"(0.996, 1.0, 0.996)",195
กระบี่,กฟส,กฟส.อ่าวนาง,XS,ใหม่ (1 ม.ค. 2569),legend หน้านี้,"(0.996, 1.0, 0.996)",195
กระบี่,กฟส,กฟส.เมืองกระบี่,L,เดิม (1 ต.ค. 2568),legend หน้านี้,"(0.431, 0.106, 0.416)",195
กระบี่,กฟส,กฟส.เกำะลันตำ,S,เดิม (1 ต.ค. 2568),legend หน้านี้,"(0.847, 0.573, 0.733)",195
กระบี่,กฟส,กฟส.เหนือคลอง,S,เดิม (1 ต.ค. 2568),legend หน้านี้,"(0.847, 0.573, 0.733)",195
กระบี่,กฟส,กฟส.คลองท่อม,S,เดิม (1 ต.ค. 2568),legend หน้านี้,"(0.847, 0.573, 0.733)",195
กระบี่,กฟส,กฟส.อ่าวลึก,S,เดิม (1 ต.ค. 2568),legend หน้านี้,"(0.847, 0.573, 0.733)",195
กระบี่,กฟส,กฟส.เขำพนม,S,เดิม (1 ต.ค. 2568),legend หน้านี้,"(0.847, 0.573, 0.733)",195
กระบี่,กฟส,กฟส.บ้านเกาะพีพี,XS,เดิม (1 ต.ค. 2568),legend หน้านี้,"(0.996, 1.0, 0.996)",195
กระบี่,กฟส,กฟส.ปลำยพระยำ,XS,เดิม (1 ต.ค. 2568),legend หน้านี้,"(0.996, 1.0, 0.996)",195
กระบี่,กฟส,กฟส.ลำทับ,XS,เดิม (1 ต.ค. 2568),legend หน้านี้,"(0.996, 1.0, 0.996)",195
กระบี่,กฟส,กฟส.อ่าวนาง,XS,เดิม (1 ต.ค. 2568),legend หน้านี้,"(0.996, 1.0, 0.996)",195
ตรัง,กฟจ,กฟจ.ตรัง,S,ใหม่ (1 ม.ค. 2569),legend หน้านี้,"(1.0, 0.635, 0.016)",197
ตรัง,กฟส,กฟส.ห้วยยอด,M,ใหม่ (1 ม.ค. 2569),legend หน้านี้,"(1.0, 0.855, 0.612)",197
ตรัง,กฟส,กฟส.กันตัง,S,ใหม่ (1 ม.ค. 2569),legend หน้านี้,"(0.847, 0.573, 0.733)",197
ตรัง,กฟส,กฟส.สิเกำ,XS,ใหม่ (1 ม.ค. 2569),legend หน้านี้,"(0.996, 1.0, 0.996)",197
ตรัง,กฟส,กฟส.วังวิเศษ,XS,ใหม่ (1 ม.ค. 2569),legend หน้านี้,"(0.996, 1.0, 0.996)",197
ตรัง,กฟส,กฟส.ย่านตาขาว,S,ใหม่ (1 ม.ค. 2569),legend หน้านี้,"(0.847, 0.573, 0.733)",197
ตรัง,กฟส,กฟส.ปะเหลียน,S,ใหม่ (1 ม.ค. 2569),legend หน้านี้,"(0.847, 0.573, 0.733)",197
ตรัง,กฟส,กฟส.นำโยง,XS,ใหม่ (1 ม.ค. 2569),legend หน้านี้,"(0.996, 1.0, 0.996)",197
ตรัง,กฟส,กฟส.เกำะลิบง,XS,ใหม่ (1 ม.ค. 2569),legend หน้านี้,"(0.996, 1.0, 0.996)",197
ตรัง,กฟส,กฟส.เกาะมุกด์,XS,ใหม่ (1 ม.ค. 2569),legend หน้านี้,"(0.996, 1.0, 0.996)",197
ตรัง,กฟส,กฟส.เกำะสุกร,XS,ใหม่ (1 ม.ค. 2569),legend หน้านี้,"(0.996, 1.0, 0.996)",197
ตรัง,กฟส,กฟส.หำดสำรำญ,XS,ใหม่ (1 ม.ค. 2569),legend หน้านี้,"(0.996, 1.0, 0.996)",197
ตรัง,กฟส,กฟส.รัษฎำ,XS,ใหม่ (1 ม.ค. 2569),legend หน้านี้,"(0.996, 1.0, 0.996)",197
ตรัง,กฟส,กฟส.เมืองตรัง,L,เดิม (1 ต.ค. 2568),legend หน้านี้,"(0.431, 0.106, 0.416)",197
ตรัง,กฟส,กฟส.ห้วยยอด,M,เดิม (1 ต.ค. 2568),legend หน้านี้,"(1.0, 0.855, 0.612)",197
ตรัง,กฟส,กฟส.กันตัง,S,เดิม (1 ต.ค. 2568),legend หน้านี้,"(0.847, 0.573, 0.733)",197
ตรัง,กฟส,กฟส.สิเกำ,XS,เดิม (1 ต.ค. 2568),legend หน้านี้,"(0.996, 1.0, 0.996)",197
ตรัง,กฟส,กฟส.วังวิเศษ,XS,เดิม (1 ต.ค. 2568),legend หน้านี้,"(0.996, 1.0, 0.996)",197
ตรัง,กฟส,กฟส.ย่านตาขาว,S,เดิม (1 ต.ค. 2568),legend หน้านี้,"(0.847, 0.573, 0.733)",197
ตรัง,กฟส,กฟส.ปะเหลียน,S,เดิม (1 ต.ค. 2568),legend หน้านี้,"(0.847, 0.573, 0.733)",197
ตรัง,กฟส,กฟส.นำโยง,XS,เดิม (1 ต.ค. 2568),legend หน้านี้,"(0.996, 1.0, 0.996)",197
ตรัง,กฟส,กฟส.เกำะลิบง,XS,เดิม (1 ต.ค. 2568),legend หน้านี้,"(0.996, 1.0, 0.996)",197
ตรัง,กฟส,กฟส.เกาะมุกด์,XS,เดิม (1 ต.ค. 2568),legend หน้านี้,"(0.996, 1.0, 0.996)",197
ตรัง,กฟส,กฟส.เกำะสุกร,XS,เดิม (1 ต.ค. 2568),legend หน้านี้,"(0.996, 1.0, 0.996)",197
ตรัง,กฟส,กฟส.หำดสำรำญ,XS,เดิม (1 ต.ค. 2568),legend หน้านี้,"(0.996, 1.0, 0.996)",197
ตรัง,กฟส,กฟส.รัษฎำ,XS,เดิม (1 ต.ค. 2568),legend หน้านี้,"(0.996, 1.0, 0.996)",197
นครศรีธรรมรำช,กฟจ,กฟจ.นครศรีธรรมรำช,L,ใหม่ (1 ม.ค. 2569),legend หน้านี้,"(0.0, 0.439, 0.753)",199
นครศรีธรรมรำช,กฟส,กฟส.ทุ่งสง,L,ใหม่ (1 ม.ค. 2569),legend หน้านี้,"(0.431, 0.106, 0.416)",199
นครศรีธรรมรำช,กฟส,กฟส.ลำนสกำ,XS,ใหม่ (1 ม.ค. 2569),legend หน้านี้,"(0.996, 1.0, 0.996)",199
นครศรีธรรมรำช,กฟส,กฟส.นำบอน,XS,ใหม่ (1 ม.ค. 2569),legend หน้านี้,"(0.996, 1.0, 0.996)",199
นครศรีธรรมรำช,กฟส,กฟส.ร่อนพิบูลย์,S,ใหม่ (1 ม.ค. 2569),legend หน้านี้,"(0.847, 0.573, 0.733)",199
นครศรีธรรมรำช,กฟส,กฟส.ชะอวด,S,ใหม่ (1 ม.ค. 2569),legend หน้านี้,"(0.847, 0.573, 0.733)",199
นครศรีธรรมรำช,กฟส,กฟส.พรหมคีรี,XS,ใหม่ (1 ม.ค. 2569),legend หน้านี้,"(0.996, 1.0, 0.996)",199
นครศรีธรรมรำช,กฟส,กฟส.พระพรหม,XS,ใหม่ (1 ม.ค. 2569),legend หน้านี้,"(0.996, 1.0, 0.996)",199
นครศรีธรรมรำช,กฟส,กฟส.เฉลิมพระเกียรติ,XS,ใหม่ (1 ม.ค. 2569),legend หน้านี้,"(0.996, 1.0, 0.996)",199
นครศรีธรรมรำช,กฟส,กฟส.จุฬาภรณ์,XS,ใหม่ (1 ม.ค. 2569),legend หน้านี้,"(0.996, 1.0, 0.996)",199
นครศรีธรรมรำช,กฟส,กฟส.บำงขัน,XS,ใหม่ (1 ม.ค. 2569),legend หน้านี้,"(0.996, 1.0, 0.996)",199
นครศรีธรรมรำช,กฟส,กฟส.ปำกพนัง,M,ใหม่ (1 ม.ค. 2569),legend หน้านี้,"(1.0, 0.855, 0.612)",199
นครศรีธรรมรำช,กฟส,กฟส.ท่าศาลา,M,ใหม่ (1 ม.ค. 2569),legend หน้านี้,"(1.0, 0.855, 0.612)",199
นครศรีธรรมรำช,กฟส,กฟส.ฉวำง,S,ใหม่ (1 ม.ค. 2569),legend หน้านี้,"(0.847, 0.573, 0.733)",199
นครศรีธรรมรำช,กฟส,กฟส.ช้างกลาง,S,ใหม่ (1 ม.ค. 2569),legend หน้านี้,"(0.847, 0.573, 0.733)",199
นครศรีธรรมรำช,กฟส,กฟส.ทุ่งใหญ่,S,ใหม่ (1 ม.ค. 2569),legend หน้านี้,"(0.847, 0.573, 0.733)",199
นครศรีธรรมรำช,กฟส,กฟส.เชียรใหญ่,XS,ใหม่ (1 ม.ค. 2569),legend หน้านี้,"(0.996, 1.0, 0.996)",199
นครศรีธรรมรำช,กฟส,กฟส.หัวไทร,S,ใหม่ (1 ม.ค. 2569),legend หน้านี้,"(0.847, 0.573, 0.733)",199
นครศรีธรรมรำช,กฟส,กฟส.นบพิตำ,XS,ใหม่ (1 ม.ค. 2569),legend หน้านี้,"(0.996, 1.0, 0.996)",199
นครศรีธรรมรำช,กฟส,กฟส.สิชล,S,ใหม่ (1 ม.ค. 2569),legend หน้านี้,"(0.847, 0.573, 0.733)",199
นครศรีธรรมรำช,กฟส,กฟส.ขนอม,S,ใหม่ (1 ม.ค. 2569),legend หน้านี้,"(0.847, 0.573, 0.733)",199
นครศรีธรรมรำช,กฟส,กฟส.พิปูน,XS,ใหม่ (1 ม.ค. 2569),legend หน้านี้,"(0.996, 1.0, 0.996)",199
นครศรีธรรมรำช,กฟส,กฟส.ถ้ำพรรณรำ,XS,ใหม่ (1 ม.ค. 2569),legend หน้านี้,"(0.996, 1.0, 0.996)",199
นครศรีธรรมรำช,กฟส,กฟส.เมืองนครศรีธรรมรำช,L,เดิม (1 ต.ค. 2568),legend หน้านี้,"(0.431, 0.106, 0.416)",199
นครศรีธรรมรำช,กฟส,กฟส.ทุ่งสง,L,เดิม (1 ต.ค. 2568),legend หน้านี้,"(0.431, 0.106, 0.416)",199
นครศรีธรรมรำช,กฟส,กฟส.ลำนสกำ,XS,เดิม (1 ต.ค. 2568),legend หน้านี้,"(0.996, 1.0, 0.996)",199
นครศรีธรรมรำช,กฟส,กฟส.นำบอน,XS,เดิม (1 ต.ค. 2568),legend หน้านี้,"(0.996, 1.0, 0.996)",199
นครศรีธรรมรำช,กฟส,กฟส.ร่อนพิบูลย์,S,เดิม (1 ต.ค. 2568),legend หน้านี้,"(0.847, 0.573, 0.733)",199
นครศรีธรรมรำช,กฟส,กฟส.ชะอวด,S,เดิม (1 ต.ค. 2568),legend หน้านี้,"(0.847, 0.573, 0.733)",199
นครศรีธรรมรำช,กฟส,กฟส.พรหมคีรี,XS,เดิม (1 ต.ค. 2568),legend หน้านี้,"(0.996, 1.0, 0.996)",199
นครศรีธรรมรำช,กฟส,กฟส.พระพรหม,XS,เดิม (1 ต.ค. 2568),legend หน้านี้,"(0.996, 1.0, 0.996)",199
นครศรีธรรมรำช,กฟส,กฟส.เฉลิมพระเกียรติ,XS,เดิม (1 ต.ค. 2568),legend หน้านี้,"(0.996, 1.0, 0.996)",199
นครศรีธรรมรำช,กฟส,กฟส.จุฬาภรณ์,XS,เดิม (1 ต.ค. 2568),legend หน้านี้,"(0.996, 1.0, 0.996)",199
นครศรีธรรมรำช,กฟส,กฟส.บำงขัน,XS,เดิม (1 ต.ค. 2568),legend หน้านี้,"(0.996, 1.0, 0.996)",199
นครศรีธรรมรำช,กฟส,กฟส.ปำกพนัง,M,เดิม (1 ต.ค. 2568),legend หน้านี้,"(1.0, 0.855, 0.612)",199
นครศรีธรรมรำช,กฟส,กฟส.ท่าศาลา,M,เดิม (1 ต.ค. 2568),legend หน้านี้,"(1.0, 0.855, 0.612)",199
นครศรีธรรมรำช,กฟส,กฟส.ฉวำง,S,เดิม (1 ต.ค. 2568),legend หน้านี้,"(0.847, 0.573, 0.733)",199
นครศรีธรรมรำช,กฟส,กฟส.ช้างกลาง,S,เดิม (1 ต.ค. 2568),legend หน้านี้,"(0.847, 0.573, 0.733)",199
นครศรีธรรมรำช,กฟส,กฟส.ทุ่งใหญ่,S,เดิม (1 ต.ค. 2568),legend หน้านี้,"(0.847, 0.573, 0.733)",199
นครศรีธรรมรำช,กฟส,กฟส.เชียรใหญ่,XS,เดิม (1 ต.ค. 2568),legend หน้านี้,"(0.996, 1.0, 0.996)",199
นครศรีธรรมรำช,กฟส,กฟส.หัวไทร,S,เดิม (1 ต.ค. 2568),legend หน้านี้,"(0.847, 0.573, 0.733)",199
นครศรีธรรมรำช,กฟส,กฟส.นบพิตำ,XS,เดิม (1 ต.ค. 2568),legend หน้านี้,"(0.996, 1.0, 0.996)",199
นครศรีธรรมรำช,กฟส,กฟส.สิชล,S,เดิม (1 ต.ค. 2568),legend หน้านี้,"(0.847, 0.573, 0.733)",199
นครศรีธรรมรำช,กฟส,กฟส.ขนอม,S,เดิม (1 ต.ค. 2568),legend หน้านี้,"(0.847, 0.573, 0.733)",199
นครศรีธรรมรำช,กฟส,กฟส.พิปูน,XS,เดิม (1 ต.ค. 2568),legend หน้านี้,"(0.996, 1.0, 0.996)",199
นครศรีธรรมรำช,กฟส,กฟส.ถ้ำพรรณรำ,XS,เดิม (1 ต.ค. 2568),legend หน้านี้,"(0.996, 1.0, 0.996)",199
พังงำ,กฟจ,กฟจ.พังงำ,S,ใหม่ (1 ม.ค. 2569),legend หน้านี้,"(1.0, 0.635, 0.016)",201
พังงำ,กฟส,กฟส.ตะกั่วป่า,M,ใหม่ (1 ม.ค. 2569),legend หน้านี้,"(1.0, 0.855, 0.612)",201
พังงำ,กฟส,กฟส.กะปง,XS,ใหม่ (1 ม.ค. 2569),legend หน้านี้,"(0.996, 1.0, 0.996)",201
พังงำ,กฟส,กฟส.ท้ายเหมือง,S,ใหม่ (1 ม.ค. 2569),legend หน้านี้,"(0.847, 0.573, 0.733)",201
พังงำ,กฟส,กฟส.ตะกั่วทุ่ง,S,ใหม่ (1 ม.ค. 2569),legend หน้านี้,"(0.847, 0.573, 0.733)",201
พังงำ,กฟส,กฟส.ทับปุด,XS,ใหม่ (1 ม.ค. 2569),legend หน้านี้,"(0.996, 1.0, 0.996)",201
พังงำ,กฟส,กฟส.คุระบุรี,XS,ใหม่ (1 ม.ค. 2569),legend หน้านี้,"(0.996, 1.0, 0.996)",201
พังงำ,กฟส,กฟส.บ้านเขาหลัก,XS,ใหม่ (1 ม.ค. 2569),legend หน้านี้,"(0.996, 1.0, 0.996)",201
พังงำ,กฟส,กฟส.เมืองพังงำ,M,เดิม (1 ต.ค. 2568),legend หน้านี้,"(1.0, 0.855, 0.612)",201
พังงำ,กฟส,กฟส.ตะกั่วป่า,M,เดิม (1 ต.ค. 2568),legend หน้านี้,"(1.0, 0.855, 0.612)",201
พังงำ,กฟส,กฟส.กะปง,XS,เดิม (1 ต.ค. 2568),legend หน้านี้,"(0.996, 1.0, 0.996)",201
พังงำ,กฟส,กฟส.ท้ายเหมือง,S,เดิม (1 ต.ค. 2568),legend หน้านี้,"(0.847, 0.573, 0.733)",201
พังงำ,กฟส,กฟส.ตะกั่วทุ่ง,S,เดิม (1 ต.ค. 2568),legend หน้านี้,"(0.847, 0.573, 0.733)",201
พังงำ,กฟส,กฟส.ทับปุด,XS,เดิม (1 ต.ค. 2568),legend หน้านี้,"(0.996, 1.0, 0.996)",201
พังงำ,กฟส,กฟส.คุระบุรี,XS,เดิม (1 ต.ค. 2568),legend หน้านี้,"(0.996, 1.0, 0.996)",201
พังงำ,กฟส,กฟส.บ้านเขาหลัก,XS,เดิม (1 ต.ค. 2568),legend หน้านี้,"(0.996, 1.0, 0.996)",201
สุราษฎร์ธานี,กฟจ,กฟจ.สุราษฎร์ธานี,L,ใหม่ (1 ม.ค. 2569),legend หน้านี้,"(0.0, 0.439, 0.753)",203
สุราษฎร์ธานี,กฟส,กฟส.เกำะสมุย,L,ใหม่ (1 ม.ค. 2569),legend หน้านี้,"(0.431, 0.106, 0.416)",203
สุราษฎร์ธานี,กฟส,กฟส.บ้านนาสาร,S,ใหม่ (1 ม.ค. 2569),legend หน้านี้,"(0.847, 0.573, 0.733)",203
สุราษฎร์ธานี,กฟส,กฟส.บ้านนาเดิม,XS,ใหม่ (1 ม.ค. 2569),legend หน้านี้,"(0.996, 1.0, 0.996)",203
สุราษฎร์ธานี,กฟส,กฟส.เกาะเต่า,XS,ใหม่ (1 ม.ค. 2569),legend หน้านี้,"(0.996, 1.0, 0.996)",203
สุราษฎร์ธานี,กฟส,กฟส.พุนพิน,L,ใหม่ (1 ม.ค. 2569),legend หน้านี้,"(0.431, 0.106, 0.416)",203
สุราษฎร์ธานี,กฟส,กฟส.กาญจนดิษฐ์,M,ใหม่ (1 ม.ค. 2569),legend หน้านี้,"(1.0, 0.855, 0.612)",203
สุราษฎร์ธานี,กฟส,กฟส.เกำะพะงัน,S,ใหม่ (1 ม.ค. 2569),legend หน้านี้,"(0.847, 0.573, 0.733)",203
สุราษฎร์ธานี,กฟส,กฟส.ท่าฉาง,XS,ใหม่ (1 ม.ค. 2569),legend หน้านี้,"(0.996, 1.0, 0.996)",203
สุราษฎร์ธานี,กฟส,กฟส.ไชยำ,S,ใหม่ (1 ม.ค. 2569),legend หน้านี้,"(0.847, 0.573, 0.733)",203
สุราษฎร์ธานี,กฟส,กฟส.ดอนสัก,XS,ใหม่ (1 ม.ค. 2569),legend หน้านี้,"(0.996, 1.0, 0.996)",203
สุราษฎร์ธานี,กฟส,กฟส.เคียนซำ,XS,ใหม่ (1 ม.ค. 2569),legend หน้านี้,"(0.996, 1.0, 0.996)",203
สุราษฎร์ธานี,กฟส,กฟส.บ้านตาขุน,S,ใหม่ (1 ม.ค. 2569),legend หน้านี้,"(0.847, 0.573, 0.733)",203
สุราษฎร์ธานี,กฟส,กฟส.ท่าชนะ,S,ใหม่ (1 ม.ค. 2569),legend หน้านี้,"(0.847, 0.573, 0.733)",203
สุราษฎร์ธานี,กฟส,กฟส.คีรีรัฐนิคม,S,ใหม่ (1 ม.ค. 2569),legend หน้านี้,"(0.847, 0.573, 0.733)",203
สุราษฎร์ธานี,กฟส,กฟส.พนม,XS,ใหม่ (1 ม.ค. 2569),legend หน้านี้,"(0.996, 1.0, 0.996)",203
สุราษฎร์ธานี,กฟส,กฟส.วิภำวดี,XS,ใหม่ (1 ม.ค. 2569),legend หน้านี้,"(0.996, 1.0, 0.996)",203
สุราษฎร์ธานี,กฟส,กฟส.เวียงสระ,M,ใหม่ (1 ม.ค. 2569),legend หน้านี้,"(1.0, 0.855, 0.612)",203
สุราษฎร์ธานี,กฟส,กฟส.ชัยบุรี,XS,ใหม่ (1 ม.ค. 2569),legend หน้านี้,"(0.996, 1.0, 0.996)",203
สุราษฎร์ธานี,กฟส,กฟส.พระแสง,S,ใหม่ (1 ม.ค. 2569),legend หน้านี้,"(0.847, 0.573, 0.733)",203
สุราษฎร์ธานี,กฟส,กฟส.เมืองสุราษฎร์ธานี,L,เดิม (1 ต.ค. 2568),legend หน้านี้,"(0.431, 0.106, 0.416)",203
สุราษฎร์ธานี,กฟส,กฟส.เกำะสมุย,L,เดิม (1 ต.ค. 2568),legend หน้านี้,"(0.431, 0.106, 0.416)",203
สุราษฎร์ธานี,กฟส,กฟส.บ้านนาสาร,S,เดิม (1 ต.ค. 2568),legend หน้านี้,"(0.847, 0.573, 0.733)",203
สุราษฎร์ธานี,กฟส,กฟส.บ้านนาเดิม,XS,เดิม (1 ต.ค. 2568),legend หน้านี้,"(0.996, 1.0, 0.996)",203
สุราษฎร์ธานี,กฟส,กฟส.เกาะเต่า,XS,เดิม (1 ต.ค. 2568),legend หน้านี้,"(0.996, 1.0, 0.996)",203
สุราษฎร์ธานี,กฟส,กฟส.พุนพิน,L,เดิม (1 ต.ค. 2568),legend หน้านี้,"(0.431, 0.106, 0.416)",203
สุราษฎร์ธานี,กฟส,กฟส.กาญจนดิษฐ์,M,เดิม (1 ต.ค. 2568),legend หน้านี้,"(1.0, 0.855, 0.612)",203
สุราษฎร์ธานี,กฟส,กฟส.เกำะพะงัน,S,เดิม (1 ต.ค. 2568),legend หน้านี้,"(0.847, 0.573, 0.733)",203
สุราษฎร์ธานี,กฟส,กฟส.ท่าฉาง,XS,เดิม (1 ต.ค. 2568),legend หน้านี้,"(0.996, 1.0, 0.996)",203
สุราษฎร์ธานี,กฟส,กฟส.ไชยำ,S,เดิม (1 ต.ค. 2568),legend หน้านี้,"(0.847, 0.573, 0.733)",203
สุราษฎร์ธานี,กฟส,กฟส.ดอนสัก,XS,เดิม (1 ต.ค. 2568),legend หน้านี้,"(0.996, 1.0, 0.996)",203
สุราษฎร์ธานี,กฟส,กฟส.เคียนซำ,XS,เดิม (1 ต.ค. 2568),legend หน้านี้,"(0.996, 1.0, 0.996)",203
สุราษฎร์ธานี,กฟส,กฟส.บ้านตาขุน,S,เดิม (1 ต.ค. 2568),legend หน้านี้,"(0.847, 0.573, 0.733)",203
สุราษฎร์ธานี,กฟส,กฟส.ท่าชนะ,S,เดิม (1 ต.ค. 2568),legend หน้านี้,"(0.847, 0.573, 0.733)",203
สุราษฎร์ธานี,กฟส,กฟส.คีรีรัฐนิคม,S,เดิม (1 ต.ค. 2568),legend หน้านี้,"(0.847, 0.573, 0.733)",203
สุราษฎร์ธานี,กฟส,กฟส.พนม,XS,เดิม (1 ต.ค. 2568),legend หน้านี้,"(0.996, 1.0, 0.996)",203
สุราษฎร์ธานี,กฟส,กฟส.วิภำวดี,XS,เดิม (1 ต.ค. 2568),legend หน้านี้,"(0.996, 1.0, 0.996)",203
สุราษฎร์ธานี,กฟส,กฟส.เวียงสระ,M,เดิม (1 ต.ค. 2568),legend หน้านี้,"(1.0, 0.855, 0.612)",203
สุราษฎร์ธานี,กฟส,กฟส.ชัยบุรี,XS,เดิม (1 ต.ค. 2568),legend หน้านี้,"(0.996, 1.0, 0.996)",203
สุราษฎร์ธานี,กฟส,กฟส.พระแสง,S,เดิม (1 ต.ค. 2568),legend หน้านี้,"(0.847, 0.573, 0.733)",203
สงขลำ,กฟจ,กฟจ.สงขลำ,L,ใหม่ (1 ม.ค. 2569),exact,"(0.0, 0.439, 0.753)",205
สงขลำ,กฟส,กฟส.หาดใหญ่,L,ใหม่ (1 ม.ค. 2569),exact,"(0.431, 0.106, 0.416)",205
สงขลำ,กฟส,กฟส.สิงหนคร,S,ใหม่ (1 ม.ค. 2569),exact,"(0.847, 0.573, 0.733)",205
สงขลำ,กฟส,กฟส.นำทวี,S,ใหม่ (1 ม.ค. 2569),exact,"(0.847, 0.573, 0.733)",205
สงขลำ,กฟส,กฟส.สะบ้าย้อย,S,ใหม่ (1 ม.ค. 2569),exact,"(0.847, 0.573, 0.733)",205
สงขลำ,กฟส,กฟส.กระแสสินธุ์,XS,ใหม่ (1 ม.ค. 2569),exact,"(0.996, 1.0, 0.996)",205
สงขลำ,กฟส,กฟส.เทพำ,S,ใหม่ (1 ม.ค. 2569),exact,"(0.847, 0.573, 0.733)",205
สงขลำ,กฟส,กฟส.รัตภูมิ,S,ใหม่ (1 ม.ค. 2569),exact,"(0.847, 0.573, 0.733)",205
สงขลำ,กฟส,กฟส.นาหม่อม,S,ใหม่ (1 ม.ค. 2569),exact,"(0.847, 0.573, 0.733)",205
สงขลำ,กฟส,กฟส.พังลำ,S,ใหม่ (1 ม.ค. 2569),exact,"(0.847, 0.573, 0.733)",205
สงขลำ,กฟส,กฟส.จะนะ,M,ใหม่ (1 ม.ค. 2569),exact,"(1.0, 0.855, 0.612)",205
สงขลำ,กฟส,กฟส.ระโนด,M,ใหม่ (1 ม.ค. 2569),exact,"(1.0, 0.855, 0.612)",205
สงขลำ,กฟส,กฟส.สทิงพระ,S,ใหม่ (1 ม.ค. 2569),exact,"(0.847, 0.573, 0.733)",205
สงขลำ,กฟส,กฟส.ปาดังเบซำร,XS,ใหม่ (1 ม.ค. 2569),exact,"(0.996, 1.0, 0.996)",205
สงขลำ,กฟส,กฟส.สะเดำ,M,ใหม่ (1 ม.ค. 2569),exact,"(1.0, 0.855, 0.612)",205
สงขลำ,กฟส,กฟส.บำงกล่ำ,XS,ใหม่ (1 ม.ค. 2569),exact,"(0.996, 1.0, 0.996)",205
สงขลำ,กฟส,กฟส.คลองหอยโข่ง,XS,ใหม่ (1 ม.ค. 2569),exact,"(0.996, 1.0, 0.996)",205
สงขลำ,กฟส,กฟส.ด่านนอก,XS,ใหม่ (1 ม.ค. 2569),exact,"(0.996, 1.0, 0.996)",205
สงขลำ,กฟส,กฟส.ควนเนียง,XS,ใหม่ (1 ม.ค. 2569),exact,"(0.996, 1.0, 0.996)",205
สงขลำ,กฟส,กฟส.เมืองสงขลำ,L,เดิม (1 ต.ค. 2568),exact,"(0.431, 0.106, 0.416)",205
สงขลำ,กฟส,กฟส.หาดใหญ่,L,เดิม (1 ต.ค. 2568),exact,"(0.431, 0.106, 0.416)",205
สงขลำ,กฟส,กฟส.สิงหนคร,S,เดิม (1 ต.ค. 2568),exact,"(0.847, 0.573, 0.733)",205
สงขลำ,กฟส,กฟส.นำทวี,S,เดิม (1 ต.ค. 2568),exact,"(0.847, 0.573, 0.733)",205
สงขลำ,กฟส,กฟส.สะบ้าย้อย,S,เดิม (1 ต.ค. 2568),exact,"(0.847, 0.573, 0.733)",205
สงขลำ,กฟส,กฟส.กระแสสินธุ์,XS,เดิม (1 ต.ค. 2568),exact,"(0.996, 1.0, 0.996)",205
สงขลำ,กฟส,กฟส.เทพำ,S,เดิม (1 ต.ค. 2568),exact,"(0.847, 0.573, 0.733)",205
สงขลำ,กฟส,กฟส.รัตภูมิ,S,เดิม (1 ต.ค. 2568),exact,"(0.847, 0.573, 0.733)",205
สงขลำ,กฟส,กฟส.นาหม่อม,S,เดิม (1 ต.ค. 2568),exact,"(0.847, 0.573, 0.733)",205
สงขลำ,กฟส,กฟส.พังลำ,S,เดิม (1 ต.ค. 2568),exact,"(0.847, 0.573, 0.733)",205
สงขลำ,กฟส,กฟส.จะนะ,M,เดิม (1 ต.ค. 2568),exact,"(1.0, 0.855, 0.612)",205
สงขลำ,กฟส,กฟส.ระโนด,M,เดิม (1 ต.ค. 2568),exact,"(1.0, 0.855, 0.612)",205
สงขลำ,กฟส,กฟส.สทิงพระ,S,เดิม (1 ต.ค. 2568),exact,"(0.847, 0.573, 0.733)",205
สงขลำ,กฟส,กฟส.ปาดังเบซำร,XS,เดิม (1 ต.ค. 2568),exact,"(0.996, 1.0, 0.996)",205
สงขลำ,กฟส,กฟส.สะเดำ,M,เดิม (1 ต.ค. 2568),exact,"(1.0, 0.855, 0.612)",205
สงขลำ,กฟส,กฟส.บำงกล่ำ,XS,เดิม (1 ต.ค. 2568),exact,"(0.996, 1.0, 0.996)",205
สงขลำ,กฟส,กฟส.คลองหอยโข่ง,XS,เดิม (1 ต.ค. 2568),exact,"(0.996, 1.0, 0.996)",205
สงขลำ,กฟส,กฟส.ด่านนอก,XS,เดิม (1 ต.ค. 2568),exact,"(0.996, 1.0, 0.996)",205
สงขลำ,กฟส,กฟส.ควนเนียง,XS,เดิม (1 ต.ค. 2568),exact,"(0.996, 1.0, 0.996)",205
นรำธิวำส,กฟจ,กฟจ.นรำธิวำส,S,ใหม่ (1 ม.ค. 2569),legend หน้านี้,"(1.0, 0.635, 0.016)",207
นรำธิวำส,กฟส,กฟส.สุไหงโก-ลก,M,ใหม่ (1 ม.ค. 2569),legend หน้านี้,"(1.0, 0.855, 0.612)",207
นรำธิวำส,กฟส,กฟส.สุไหงปำดี,XS,ใหม่ (1 ม.ค. 2569),legend หน้านี้,"(0.996, 1.0, 0.996)",207
นรำธิวำส,กฟส,กฟส.ระแงะ,S,ใหม่ (1 ม.ค. 2569),legend หน้านี้,"(0.847, 0.573, 0.733)",207
นรำธิวำส,กฟส,กฟส.รือเสำะ,S,ใหม่ (1 ม.ค. 2569),legend หน้านี้,"(0.847, 0.573, 0.733)",207
นรำธิวำส,กฟส,กฟส.ยี่งอ,XS,ใหม่ (1 ม.ค. 2569),legend หน้านี้,"(0.996, 1.0, 0.996)",207
นรำธิวำส,กฟส,กฟส.แว้ง,XS,ใหม่ (1 ม.ค. 2569),legend หน้านี้,"(0.996, 1.0, 0.996)",207
นรำธิวำส,กฟส,กฟส.สุคิริน,XS,ใหม่ (1 ม.ค. 2569),legend หน้านี้,"(0.996, 1.0, 0.996)",207
นรำธิวำส,กฟส,กฟส.บำเจำะ,XS,ใหม่ (1 ม.ค. 2569),legend หน้านี้,"(0.996, 1.0, 0.996)",207
นรำธิวำส,กฟส,กฟส.ตำกใบ,S,ใหม่ (1 ม.ค. 2569),legend หน้านี้,"(0.847, 0.573, 0.733)",207
นรำธิวำส,กฟส,กฟส.เจาะไอร้อง,XS,ใหม่ (1 ม.ค. 2569),legend หน้านี้,"(0.996, 1.0, 0.996)",207
นรำธิวำส,กฟส,กฟส.จะแนะ,XS,ใหม่ (1 ม.ค. 2569),legend หน้านี้,"(0.996, 1.0, 0.996)",207
นรำธิวำส,กฟส,กฟส.ศรีสำคร,XS,ใหม่ (1 ม.ค. 2569),legend หน้านี้,"(0.996, 1.0, 0.996)",207
นรำธิวำส,กฟส,กฟส.เมืองนรำธิวำส,M,เดิม (1 ต.ค. 2568),legend หน้านี้,"(1.0, 0.855, 0.612)",207
นรำธิวำส,กฟส,กฟส.สุไหงโก-ลก,M,เดิม (1 ต.ค. 2568),legend หน้านี้,"(1.0, 0.855, 0.612)",207
นรำธิวำส,กฟส,กฟส.สุไหงปำดี,XS,เดิม (1 ต.ค. 2568),legend หน้านี้,"(0.996, 1.0, 0.996)",207
นรำธิวำส,กฟส,กฟส.ระแงะ,S,เดิม (1 ต.ค. 2568),legend หน้านี้,"(0.847, 0.573, 0.733)",207
นรำธิวำส,กฟส,กฟส.รือเสำะ,S,เดิม (1 ต.ค. 2568),legend หน้านี้,"(0.847, 0.573, 0.733)",207
นรำธิวำส,กฟส,กฟส.ยี่งอ,XS,เดิม (1 ต.ค. 2568),legend หน้านี้,"(0.996, 1.0, 0.996)",207
นรำธิวำส,กฟส,กฟส.แว้ง,XS,เดิม (1 ต.ค. 2568),legend หน้านี้,"(0.996, 1.0, 0.996)",207
นรำธิวำส,กฟส,กฟส.สุคิริน,XS,เดิม (1 ต.ค. 2568),legend หน้านี้,"(0.996, 1.0, 0.996)",207
นรำธิวำส,กฟส,กฟส.บำเจำะ,XS,เดิม (1 ต.ค. 2568),legend หน้านี้,"(0.996, 1.0, 0.996)",207
นรำธิวำส,กฟส,กฟส.ตำกใบ,S,เดิม (1 ต.ค. 2568),legend หน้านี้,"(0.847, 0.573, 0.733)",207
นรำธิวำส,กฟส,กฟส.เจาะไอร้อง,XS,เดิม (1 ต.ค. 2568),legend หน้านี้,"(0.996, 1.0, 0.996)",207
นรำธิวำส,กฟส,กฟส.จะแนะ,XS,เดิม (1 ต.ค. 2568),legend หน้านี้,"(0.996, 1.0, 0.996)",207
นรำธิวำส,กฟส,กฟส.ศรีสำคร,XS,เดิม (1 ต.ค. 2568),legend หน้านี้,"(0.996, 1.0, 0.996)",207
ปัตตานี,กฟจ,กฟจ.ปัตตานี,S,ใหม่ (1 ม.ค. 2569),legend หน้านี้,"(1.0, 0.635, 0.016)",209
ปัตตานี,กฟส,กฟส.สำยบุรี,M,ใหม่ (1 ม.ค. 2569),legend หน้านี้,"(1.0, 0.855, 0.612)",209
ปัตตานี,กฟส,กฟส.ทุ่งยางแดง,XS,ใหม่ (1 ม.ค. 2569),legend หน้านี้,"(0.996, 1.0, 0.996)",209
ปัตตานี,กฟส,กฟส.โคกโพธิ,S,ใหม่ (1 ม.ค. 2569),legend หน้านี้,"(0.847, 0.573, 0.733)",209
ปัตตานี,กฟส,กฟส.ยะรัง,XS,ใหม่ (1 ม.ค. 2569),legend หน้านี้,"(0.996, 1.0, 0.996)",209
ปัตตานี,กฟส,กฟส.ไม้แก่น,XS,ใหม่ (1 ม.ค. 2569),legend หน้านี้,"(0.996, 1.0, 0.996)",209
ปัตตานี,กฟส,กฟส.กะพ้อ,XS,ใหม่ (1 ม.ค. 2569),legend หน้านี้,"(0.996, 1.0, 0.996)",209
ปัตตานี,กฟส,กฟส.ยะหริ่ง,XS,ใหม่ (1 ม.ค. 2569),legend หน้านี้,"(0.996, 1.0, 0.996)",209
ปัตตานี,กฟส,กฟส.หนองจิก,S,ใหม่ (1 ม.ค. 2569),legend หน้านี้,"(0.847, 0.573, 0.733)",209
ปัตตานี,กฟส,กฟส.แม่ลาน,XS,ใหม่ (1 ม.ค. 2569),legend หน้านี้,"(0.996, 1.0, 0.996)",209
ปัตตานี,กฟส,กฟส.มำยอ,S,ใหม่ (1 ม.ค. 2569),legend หน้านี้,"(0.847, 0.573, 0.733)",209
ปัตตานี,กฟส,กฟส.ปะนำเระ,XS,ใหม่ (1 ม.ค. 2569),legend หน้านี้,"(0.996, 1.0, 0.996)",209
ปัตตานี,กฟส,กฟส.เมืองปัตตานี,M,เดิม (1 ต.ค. 2568),legend หน้านี้,"(1.0, 0.855, 0.612)",209
ปัตตานี,กฟส,กฟส.สำยบุรี,M,เดิม (1 ต.ค. 2568),legend หน้านี้,"(1.0, 0.855, 0.612)",209
ปัตตานี,กฟส,กฟส.ทุ่งยางแดง,XS,เดิม (1 ต.ค. 2568),legend หน้านี้,"(0.996, 1.0, 0.996)",209
ปัตตานี,กฟส,กฟส.โคกโพธิ,S,เดิม (1 ต.ค. 2568),legend หน้านี้,"(0.847, 0.573, 0.733)",209
ปัตตานี,กฟส,กฟส.ยะรัง,XS,เดิม (1 ต.ค. 2568),legend หน้านี้,"(0.996, 1.0, 0.996)",209
ปัตตานี,กฟส,กฟส.ไม้แก่น,XS,เดิม (1 ต.ค. 2568),legend หน้านี้,"(0.996, 1.0, 0.996)",209
ปัตตานี,กฟส,กฟส.กะพ้อ,XS,เดิม (1 ต.ค. 2568),legend หน้านี้,"(0.996, 1.0, 0.996)",209
ปัตตานี,กฟส,กฟส.ยะหริ่ง,XS,เดิม (1 ต.ค. 2568),legend หน้านี้,"(0.996, 1.0, 0.996)",209
ปัตตานี,กฟส,กฟส.หนองจิก,S,เดิม (1 ต.ค. 2568),legend หน้านี้,"(0.847, 0.573, 0.733)",209
ปัตตานี,กฟส,กฟส.แม่ลาน,XS,เดิม (1 ต.ค. 2568),legend หน้านี้,"(0.996, 1.0, 0.996)",209
ปัตตานี,กฟส,กฟส.มำยอ,S,เดิม (1 ต.ค. 2568),legend หน้านี้,"(0.847, 0.573, 0.733)",209
ปัตตานี,กฟส,กฟส.ปะนำเระ,XS,เดิม (1 ต.ค. 2568),legend หน้านี้,"(0.996, 1.0, 0.996)",209
พัทลุง,กฟจ,กฟจ.พัทลุง,S,ใหม่ (1 ม.ค. 2569),legend หน้านี้,"(1.0, 0.635, 0.016)",211
พัทลุง,กฟส,กฟส.ควนขนุน,S,ใหม่ (1 ม.ค. 2569),legend หน้านี้,"(0.847, 0.573, 0.733)",211
พัทลุง,กฟส,กฟส.ตะโหมด,S,ใหม่ (1 ม.ค. 2569),legend หน้านี้,"(0.847, 0.573, 0.733)",211
พัทลุง,กฟส,กฟส.เขำชัยสน,XS,ใหม่ (1 ม.ค. 2569),legend หน้านี้,"(0.996, 1.0, 0.996)",211
พัทลุง,กฟส,กฟส.บางแก้ว,XS,ใหม่ (1 ม.ค. 2569),legend หน้านี้,"(0.996, 1.0, 0.996)",211
พัทลุง,กฟส,กฟส.กงหรำ,XS,ใหม่ (1 ม.ค. 2569),legend หน้านี้,"(0.996, 1.0, 0.996)",211
พัทลุง,กฟส,กฟส.ป่าบอน,XS,ใหม่ (1 ม.ค. 2569),legend หน้านี้,"(0.996, 1.0, 0.996)",211
พัทลุง,กฟส,กฟส.ศรีบรรพต,XS,ใหม่ (1 ม.ค. 2569),legend หน้านี้,"(0.996, 1.0, 0.996)",211
พัทลุง,กฟส,กฟส.ป่าพะยอม,XS,ใหม่ (1 ม.ค. 2569),legend หน้านี้,"(0.996, 1.0, 0.996)",211
พัทลุง,กฟส,กฟส.ปำกพะยูน,S,ใหม่ (1 ม.ค. 2569),legend หน้านี้,"(0.847, 0.573, 0.733)",211
พัทลุง,กฟส,กฟส.เมืองพัทลุง,L,เดิม (1 ต.ค. 2568),legend หน้านี้,"(0.431, 0.106, 0.416)",211
พัทลุง,กฟส,กฟส.ควนขนุน,S,เดิม (1 ต.ค. 2568),legend หน้านี้,"(0.847, 0.573, 0.733)",211
พัทลุง,กฟส,กฟส.ตะโหมด,S,เดิม (1 ต.ค. 2568),legend หน้านี้,"(0.847, 0.573, 0.733)",211
พัทลุง,กฟส,กฟส.เขำชัยสน,XS,เดิม (1 ต.ค. 2568),legend หน้านี้,"(0.996, 1.0, 0.996)",211
พัทลุง,กฟส,กฟส.บางแก้ว,XS,เดิม (1 ต.ค. 2568),legend หน้านี้,"(0.996, 1.0, 0.996)",211
พัทลุง,กฟส,กฟส.กงหรำ,XS,เดิม (1 ต.ค. 2568),legend หน้านี้,"(0.996, 1.0, 0.996)",211
พัทลุง,กฟส,กฟส.ป่าบอน,XS,เดิม (1 ต.ค. 2568),legend หน้านี้,"(0.996, 1.0, 0.996)",211
พัทลุง,กฟส,กฟส.ศรีบรรพต,XS,เดิม (1 ต.ค. 2568),legend หน้านี้,"(0.996, 1.0, 0.996)",211
พัทลุง,กฟส,กฟส.ป่าพะยอม,XS,เดิม (1 ต.ค. 2568),legend หน้านี้,"(0.996, 1.0, 0.996)",211
พัทลุง,กฟส,กฟส.ปำกพะยูน,S,เดิม (1 ต.ค. 2568),legend หน้านี้,"(0.847, 0.573, 0.733)",211
ยะลำ,กฟจ,กฟจ.ยะลำ,S,ใหม่ (1 ม.ค. 2569),legend หน้านี้,"(1.0, 0.635, 0.016)",213
ยะลำ,กฟอ,กฟอ.เบตง,M,ใหม่ (1 ม.ค. 2569),legend หน้านี้,"(1.0, 0.855, 0.612)",213
ยะลำ,กฟส,กฟส.บันนังสตำ,S,ใหม่ (1 ม.ค. 2569),legend หน้านี้,"(0.847, 0.573, 0.733)",213
ยะลำ,กฟส,กฟส.กรงปินัง,XS,ใหม่ (1 ม.ค. 2569),legend หน้านี้,"(0.996, 1.0, 0.996)",213
ยะลำ,กฟส,กฟส.กำบัง,XS,ใหม่ (1 ม.ค. 2569),legend หน้านี้,"(0.996, 1.0, 0.996)",213
ยะลำ,กฟส,กฟส.รำมัน,S,ใหม่ (1 ม.ค. 2569),legend หน้านี้,"(0.847, 0.573, 0.733)",213
ยะลำ,กฟส,กฟส.ธำรโต,XS,ใหม่ (1 ม.ค. 2569),legend หน้านี้,"(0.996, 1.0, 0.996)",213
ยะลำ,กฟส,กฟส.ยะหำ,XS,ใหม่ (1 ม.ค. 2569),legend หน้านี้,"(0.996, 1.0, 0.996)",213
ยะลำ,กฟจ,กฟจ.ยะลำ,M,เดิม (1 ต.ค. 2568),legend หน้านี้,"(1.0, 0.855, 0.612)",213
ยะลำ,กฟอ,กฟอ.เบตง,M,เดิม (1 ต.ค. 2568),legend หน้านี้,"(1.0, 0.855, 0.612)",213
ยะลำ,กฟส,กฟส.บันนังสตำ,S,เดิม (1 ต.ค. 2568),legend หน้านี้,"(0.847, 0.573, 0.733)",213
ยะลำ,กฟส,กฟส.กรงปินัง,XS,เดิม (1 ต.ค. 2568),legend หน้านี้,"(0.996, 1.0, 0.996)",213
ยะลำ,กฟส,กฟส.กำบัง,XS,เดิม (1 ต.ค. 2568),legend หน้านี้,"(0.996, 1.0, 0.996)",213
ยะลำ,กฟส,กฟส.รำมัน,S,เดิม (1 ต.ค. 2568),legend หน้านี้,"(0.847, 0.573, 0.733)",213
ยะลำ,กฟส,กฟส.ธำรโต,XS,เดิม (1 ต.ค. 2568),legend หน้านี้,"(0.996, 1.0, 0.996)",213
ยะลำ,กฟส,กฟส.ยะหำ,XS,เดิม (1 ต.ค. 2568),legend หน้านี้,"(0.996, 1.0, 0.996)",213
สตูล,กฟจ,กฟจ.สตูล,S,ใหม่ (1 ม.ค. 2569),legend หน้านี้,"(1.0, 0.635, 0.016)",215
สตูล,กฟส,กฟส.ละงู,S,ใหม่ (1 ม.ค. 2569),legend หน้านี้,"(0.847, 0.573, 0.733)",215
สตูล,กฟส,กฟส.ท่าแพ,XS,ใหม่ (1 ม.ค. 2569),legend หน้านี้,"(0.996, 1.0, 0.996)",215
สตูล,กฟส,กฟส.ควนกำหลง,S,ใหม่ (1 ม.ค. 2569),legend หน้านี้,"(0.847, 0.573, 0.733)",215
สตูล,กฟส,กฟส.ทุ่งหว้า,XS,ใหม่ (1 ม.ค. 2569),legend หน้านี้,"(0.996, 1.0, 0.996)",215
สตูล,กฟส,กฟส.มะนัง,XS,ใหม่ (1 ม.ค. 2569),legend หน้านี้,"(0.996, 1.0, 0.996)",215
สตูล,กฟส,กฟส.เมืองสตูล,M,เดิม (1 ต.ค. 2568),legend หน้านี้,"(1.0, 0.855, 0.612)",215
สตูล,กฟส,กฟส.ละงู,S,เดิม (1 ต.ค. 2568),legend หน้านี้,"(0.847, 0.573, 0.733)",215
สตูล,กฟส,กฟส.ท่าแพ,XS,เดิม (1 ต.ค. 2568),legend หน้านี้,"(0.996, 1.0, 0.996)",215
สตูล,กฟส,กฟส.ควนกำหลง,S,เดิม (1 ต.ค. 2568),legend หน้านี้,"(0.847, 0.573, 0.733)",215
สตูล,กฟส,กฟส.ทุ่งหว้า,XS,เดิม (1 ต.ค. 2568),legend หน้านี้,"(0.996, 1.0, 0.996)",215
สตูล,กฟส,กฟส.มะนัง,XS,เดิม (1 ต.ค. 2568),legend หน้านี้,"(0.996, 1.0, 0.996)",215
