dept_sap,structure_version,effective_date,dept_level,region,province,dept_name_display,dept_name_raw,match_key,dept_size,name_verified,resource_code,size_conflict,note
,2568-10-01,2568-10-01,กฟส.,กฟก.1,นครนายก,กฟส.บ้านนา,กฟส.บ้านนา,บ้านนา,M,N,112,,
,2568-10-01,2568-10-01,กฟส.,กฟก.1,นครนายก,กฟส.ปำกพลี,กฟส.ปำกพลี,ปากพลี,XS,N,114,,
,2568-10-01,2568-10-01,กฟส.,กฟก.1,นครนายก,กฟส.องครักษ์,กฟส.องครักษ์,องครักษ์,M,N,112,,
,2568-10-01,2568-10-01,กฟส.,กฟก.1,นครนายก,กฟส.เมืองนครนำยก,กฟส.เมืองนครนำยก,เมืองนครนายก,M,N,112,,
,2568-10-01,2568-10-01,กฟส.,กฟก.1,ปทุมธานี,กฟส.คลองหลวง,กฟส.คลองหลวง,คลองหลวง,L,N,111,,
,2568-10-01,2568-10-01,กฟส.,กฟก.1,ปทุมธานี,กฟส.ธัญบุรี,กฟส.ธัญบุรี,ธัญบุรี,L,N,111,,
,2568-10-01,2568-10-01,กฟส.,กฟก.1,ปทุมธานี,กฟส.รังสิต,กฟส.รังสิต,รังสิต,L,N,111,,
,2568-10-01,2568-10-01,กฟส.,กฟก.1,ปทุมธานี,กฟส.ลาดหลุมแก้ว,กฟส.ลาดหลุมแก้ว,ลาดหลุมแก้ว,L,N,111,,
,2568-10-01,2568-10-01,กฟส.,กฟก.1,ปทุมธานี,กฟส.ลำลูกกำ,กฟส.ลำลูกกำ,ลาลูกกา,L,N,111,,
,2568-10-01,2568-10-01,กฟส.,กฟก.1,ปทุมธานี,กฟส.สำมโคก,กฟส.สำมโคก,สามโคก,S,N,113,,
,2568-10-01,2568-10-01,กฟส.,กฟก.1,ปทุมธานี,กฟส.หนองเสือ,กฟส.หนองเสือ,หนองเสือ,M,N,112,,
,2568-10-01,2568-10-01,กฟส.,กฟก.1,ปทุมธานี,กฟส.เมืองปทุมธำนี,กฟส.เมืองปทุมธำนี,เมืองปทุมธานี,L,N,111,,
,2568-10-01,2568-10-01,กฟส.,กฟก.1,ปทุมธานี,กฟส.เมืองปทุมธำนี2,กฟส.เมืองปทุมธำนี2,เมืองปทุมธานี2,L,N,111,,
,2568-10-01,2568-10-01,กฟส.,กฟก.1,ปราจีนบุรี,กฟส.กบินทร์บุรี,กฟส.กบินทร์บุรี,กบินทร์บุรี,M,N,112,,
,2568-10-01,2568-10-01,กฟส.,กฟก.1,ปราจีนบุรี,กฟส.ท่าตูม,กฟส.ท่าตูม,ท่าตูม,XS,N,114,,
,2568-10-01,2568-10-01,กฟส.,กฟก.1,ปราจีนบุรี,กฟส.นำดี,กฟส.นำดี,นาดี,M,N,112,,
,2568-10-01,2568-10-01,กฟส.,กฟก.1,ปราจีนบุรี,กฟส.บ้านสร้าง,กฟส.บ้านสร้าง,บ้านสร้าง,S,N,113,,
,2568-10-01,2568-10-01,กฟส.,กฟก.1,ปราจีนบุรี,กฟส.ประจันตคำม,กฟส.ประจันตคำม,ประจันตคาม,S,N,113,,
,2568-10-01,2568-10-01,กฟส.,กฟก.1,ปราจีนบุรี,กฟส.วังตะเคียน,กฟส.วังตะเคียน,วังตะเคียน,XS,N,114,,
,2568-10-01,2568-10-01,กฟส.,กฟก.1,ปราจีนบุรี,กฟส.ศรีมหำโพธิ,กฟส.ศรีมหำโพธิ,ศรีมหาโพธิ,L,N,111,,
,2568-10-01,2568-10-01,กฟส.,กฟก.1,ปราจีนบุรี,กฟส.ศรีมโหสถ,กฟส.ศรีมโหสถ,ศรีมโหสถ,XS,N,114,,
,2568-10-01,2568-10-01,กฟส.,กฟก.1,ปราจีนบุรี,กฟส.เมืองปรำจีนบุรี,กฟส.เมืองปรำจีนบุรี,เมืองปราจีนบุรี,M,N,112,,
,2568-10-01,2568-10-01,กฟส.,กฟก.1,พระนครศรีอยุธยา,กฟส.ดอนพุด,กฟส.ดอนพุด,ดอนพุด,XS,N,114,,
,2568-10-01,2568-10-01,กฟส.,กฟก.1,พระนครศรีอยุธยา,กฟส.ท่าเรือ,กฟส.ท่าเรือ,ท่าเรือ,M,N,112,,
,2568-10-01,2568-10-01,กฟส.,กฟก.1,พระนครศรีอยุธยา,กฟส.นครหลวง,กฟส.นครหลวง,นครหลวง,S,N,113,,
,2568-10-01,2568-10-01,กฟส.,กฟก.1,พระนครศรีอยุธยา,กฟส.บางซ้าย,กฟส.บางซ้าย,บางซ้าย,XS,N,114,,
,2568-10-01,2568-10-01,กฟส.,กฟก.1,พระนครศรีอยุธยา,กฟส.บำงบำล,กฟส.บำงบำล,บางบาล,XS,N,114,,
,2568-10-01,2568-10-01,กฟส.,กฟก.1,พระนครศรีอยุธยา,กฟส.บำงปะหัน,กฟส.บำงปะหัน,บางปะหัน,S,N,113,,
,2568-10-01,2568-10-01,กฟส.,กฟก.1,พระนครศรีอยุธยา,กฟส.บำงปะอิน,กฟส.บำงปะอิน,บางปะอิน,L,N,111,,
,2568-10-01,2568-10-01,กฟส.,กฟก.1,พระนครศรีอยุธยา,กฟส.บำงไทร,กฟส.บำงไทร,บางไทร,XS,N,114,,
,2568-10-01,2568-10-01,กฟส.,กฟก.1,พระนครศรีอยุธยา,กฟส.บ้านหมอ,กฟส.บ้านหมอ,บ้านหมอ,XS,N,114,,
,2568-10-01,2568-10-01,กฟส.,กฟก.1,พระนครศรีอยุธยา,กฟส.บ้านแพรก,กฟส.บ้านแพรก,บ้านแพรก,XS,N,114,,
,2568-10-01,2568-10-01,กฟส.,กฟก.1,พระนครศรีอยุธยา,กฟส.ประตูน้ำพระอินทร,กฟส.ประตูน้ำพระอินทร,ประตูน้าพระอินทร,M,N,112,,
,2568-10-01,2568-10-01,กฟส.,กฟก.1,พระนครศรีอยุธยา,กฟส.ผักไห่,กฟส.ผักไห่,ผักไห่,S,N,113,,
,2568-10-01,2568-10-01,กฟส.,กฟก.1,พระนครศรีอยุธยา,กฟส.พระนครศรีอยุธยำ,กฟส.พระนครศรีอยุธยำ,พระนครศรีอยุธยา,L,N,111,,
,2568-10-01,2568-10-01,กฟส.,กฟก.1,พระนครศรีอยุธยา,กฟส.ภำชี,กฟส.ภำชี,ภาชี,XS,N,114,,
,2568-10-01,2568-10-01,กฟส.,กฟก.1,พระนครศรีอยุธยา,กฟส.มหำรำช,กฟส.มหำรำช,มหาราช,XS,N,114,,
,2568-10-01,2568-10-01,กฟส.,กฟก.1,พระนครศรีอยุธยา,กฟส.ลำดบัวหลวง,กฟส.ลำดบัวหลวง,ลาดบัวหลวง,S,N,113,,
,2568-10-01,2568-10-01,กฟส.,กฟก.1,พระนครศรีอยุธยา,กฟส.วังน้อย,กฟส.วังน้อย,วังน้อย,M,N,112,,
,2568-10-01,2568-10-01,กฟส.,กฟก.1,พระนครศรีอยุธยา,กฟส.อุทัย,กฟส.อุทัย,อุทัย,M,N,112,,
,2568-10-01,2568-10-01,กฟส.,กฟก.1,พระนครศรีอยุธยา,กฟส.เสนำ,กฟส.เสนำ,เสนา,M,N,112,,
,2568-10-01,2568-10-01,กฟส.,กฟก.1,สระบุรี,กฟส.ซับสนุ่น,กฟส.ซับสนุ่น,ซับสนุ่น,XS,N,114,,
,2568-10-01,2568-10-01,กฟส.,กฟก.1,สระบุรี,กฟส.บ้านหินกอง,กฟส.บ้านหินกอง,บ้านหินกอง,M,N,112,,
,2568-10-01,2568-10-01,กฟส.,กฟก.1,สระบุรี,กฟส.พระพุทธบำท,กฟส.พระพุทธบำท,พระพุทธบาท,M,N,112,,
,2568-10-01,2568-10-01,กฟส.,กฟก.1,สระบุรี,กฟส.มวกเหล็ก,กฟส.มวกเหล็ก,มวกเหล็ก,M,N,112,,
,2568-10-01,2568-10-01,กฟส.,กฟก.1,สระบุรี,กฟส.วังม่วง,กฟส.วังม่วง,วังม่วง,XS,N,114,,
,2568-10-01,2568-10-01,กฟส.,กฟก.1,สระบุรี,กฟส.วิหำรแดง,กฟส.วิหำรแดง,วิหารแดง,S,N,113,,
,2568-10-01,2568-10-01,กฟส.,กฟก.1,สระบุรี,กฟส.หนองแค,กฟส.หนองแค,หนองแค,M,N,112,,
,2568-10-01,2568-10-01,กฟส.,กฟก.1,สระบุรี,กฟส.หนองแซง,กฟส.หนองแซง,หนองแซง,XS,N,114,,
,2568-10-01,2568-10-01,กฟส.,กฟก.1,สระบุรี,กฟส.หนองโดน,กฟส.หนองโดน,หนองโดน,XS,N,114,,
,2568-10-01,2568-10-01,กฟส.,กฟก.1,สระบุรี,กฟส.เมืองสระบุรี,กฟส.เมืองสระบุรี,เมืองสระบุรี,L,N,111,,
,2568-10-01,2568-10-01,กฟส.,กฟก.1,สระบุรี,กฟส.เสาไห้,กฟส.เสาไห้,เสาไห้,XS,N,114,,
,2568-10-01,2568-10-01,กฟส.,กฟก.1,สระบุรี,กฟส.แก่งคอย,กฟส.แก่งคอย,แก่งคอย,L,N,111,,
,2568-10-01,2568-10-01,กฟส.,กฟก.1,สระแก้ว,กฟส.คลองหำด,กฟส.คลองหำด,คลองหาด,XS,N,114,,
,2568-10-01,2568-10-01,กฟส.,กฟก.1,สระแก้ว,กฟส.ตำพระยำ,กฟส.ตำพระยำ,ตาพระยา,XS,N,114,,
,2568-10-01,2568-10-01,กฟส.,กฟก.1,สระแก้ว,กฟส.วังน้ำเย็น,กฟส.วังน้ำเย็น,วังน้าเย็น,S,N,113,,
,2568-10-01,2568-10-01,กฟส.,กฟก.1,สระแก้ว,กฟส.วังสมบูรณ์,กฟส.วังสมบูรณ์,วังสมบูรณ์,XS,N,114,,
,2568-10-01,2568-10-01,กฟส.,กฟก.1,สระแก้ว,กฟส.วัฒนำนคร,กฟส.วัฒนำนคร,วัฒนานคร,S,N,113,,
,2568-10-01,2568-10-01,กฟส.,กฟก.1,สระแก้ว,กฟส.อรัญประเทศ,กฟส.อรัญประเทศ,อรัญประเทศ,M,N,112,,
,2568-10-01,2568-10-01,กฟส.,กฟก.1,สระแก้ว,กฟส.เขาฉกรรจ์,กฟส.เขาฉกรรจ์,เขาฉกรรจ์,XS,N,114,,
,2568-10-01,2568-10-01,กฟส.,กฟก.1,สระแก้ว,กฟส.เมืองสระแก้ว,กฟส.เมืองสระแก้ว,เมืองสระแก้ว,M,N,112,,
,2568-10-01,2568-10-01,กฟส.,กฟก.1,สระแก้ว,กฟส.โคกสูง,กฟส.โคกสูง,โคกสูง,XS,N,114,,
,2568-10-01,2568-10-01,กฟส.,กฟก.1,อ่างทอง,กฟส.ป่าโมก,กฟส.ป่าโมก,ป่าโมก,S,N,113,,
,2568-10-01,2568-10-01,กฟส.,กฟก.1,อ่างทอง,กฟส.วิเศษชัยชำญ,กฟส.วิเศษชัยชำญ,วิเศษชัยชาญ,S,N,113,,
,2568-10-01,2568-10-01,กฟส.,กฟก.1,อ่างทอง,กฟส.สามโก้,กฟส.สามโก้,สามโก้,XS,N,114,,
,2568-10-01,2568-10-01,กฟส.,กฟก.1,อ่างทอง,กฟส.เมืองอ่างทอง,กฟส.เมืองอ่างทอง,เมืองอ่างทอง,M,N,112,,
,2568-10-01,2568-10-01,กฟส.,กฟก.1,อ่างทอง,กฟส.แสวงหำ,กฟส.แสวงหำ,แสวงหา,XS,N,114,,
,2568-10-01,2568-10-01,กฟส.,กฟก.1,อ่างทอง,กฟส.โพธิทอง,กฟส.โพธิทอง,โพธิทอง,S,N,113,,
,2568-10-01,2568-10-01,กฟส.,กฟก.1,อ่างทอง,กฟส.ไชโย,กฟส.ไชโย,ไชโย,XS,N,114,,
,2568-10-01,2568-10-01,กฟส.,กฟก.2,จันทบุรี,กฟส.ขลุง,กฟส.ขลุง,ขลุง,S,N,113,,
,2568-10-01,2568-10-01,กฟส.,กฟก.2,จันทบุรี,กฟส.ท่าใหม่,กฟส.ท่าใหม่,ท่าใหม่,S,N,113,,
,2568-10-01,2568-10-01,กฟส.,กฟก.2,จันทบุรี,กฟส.นำยำยอำม,กฟส.นำยำยอำม,นายายอาม,M,N,112,,
,2568-10-01,2568-10-01,กฟส.,กฟก.2,จันทบุรี,กฟส.บ่อเวฬุ,กฟส.บ่อเวฬุ,บ่อเวฬุ,XS,N,114,,
,2568-10-01,2568-10-01,กฟส.,กฟก.2,จันทบุรี,กฟส.มะขำม,กฟส.มะขำม,มะขาม,XS,N,114,,
,2568-10-01,2568-10-01,กฟส.,กฟก.2,จันทบุรี,กฟส.สอยดำว,กฟส.สอยดำว,สอยดาว,M,N,112,,
,2568-10-01,2568-10-01,กฟส.,กฟก.2,จันทบุรี,กฟส.หนองคล้า,กฟส.หนองคล้า,หนองคล้า,XS,N,114,,
,2568-10-01,2568-10-01,กฟส.,กฟก.2,จันทบุรี,กฟส.เขำคิชฌกูฏ,กฟส.เขำคิชฌกูฏ,เขาคิชฌกูฏ,XS,N,114,,
,2568-10-01,2568-10-01,กฟส.,กฟก.2,จันทบุรี,กฟส.เตาหม้อ,กฟส.เตาหม้อ,เตาหม้อ,XS,N,114,,
,2568-10-01,2568-10-01,กฟส.,กฟก.2,จันทบุรี,กฟส.เมืองจันทบุรี,กฟส.เมืองจันทบุรี,เมืองจันทบุรี,L,N,111,,
,2568-10-01,2568-10-01,กฟส.,กฟก.2,จันทบุรี,กฟส.แก่งหางแมว,กฟส.แก่งหางแมว,แก่งหางแมว,XS,N,114,,
,2568-10-01,2568-10-01,กฟส.,กฟก.2,จันทบุรี,กฟส.แหลมสิงห์,กฟส.แหลมสิงห์,แหลมสิงห์,S,N,113,,
,2568-10-01,2568-10-01,กฟส.,กฟก.2,จันทบุรี,กฟส.โป่งน้ำร้อน,กฟส.โป่งน้ำร้อน,โป่งน้าร้อน,XS,N,114,,
,2568-10-01,2568-10-01,กฟส.,กฟก.2,ฉะเชิงเทรา,กฟส.คลองเขื่อน,กฟส.คลองเขื่อน,คลองเขื่อน,XS,N,114,,
,2568-10-01,2568-10-01,กฟส.,กฟก.2,ฉะเชิงเทรา,กฟส.ดอนฉิมพลี,กฟส.ดอนฉิมพลี,ดอนฉิมพลี,XS,N,114,,
,2568-10-01,2568-10-01,กฟส.,กฟก.2,ฉะเชิงเทรา,กฟส.ท่าตะเกียบ,กฟส.ท่าตะเกียบ,ท่าตะเกียบ,XS,N,114,,
,2568-10-01,2568-10-01,กฟส.,กฟก.2,ฉะเชิงเทรา,กฟส.บางคล้า,กฟส.บางคล้า,บางคล้า,S,N,113,,
,2568-10-01,2568-10-01,กฟส.,กฟก.2,ฉะเชิงเทรา,กฟส.บำงน้ำเปรี้ยว,กฟส.บำงน้ำเปรี้ยว,บางน้าเปรี้ยว,S,N,113,,
,2568-10-01,2568-10-01,กฟส.,กฟก.2,ฉะเชิงเทรา,กฟส.บำงปะกง,กฟส.บำงปะกง,บางปะกง,L,N,111,,
,2568-10-01,2568-10-01,กฟส.,กฟก.2,ฉะเชิงเทรา,กฟส.บ้านคลองเจ้า,กฟส.บ้านคลองเจ้า,บ้านคลองเจ้า,M,N,112,,
,2568-10-01,2568-10-01,กฟส.,กฟก.2,ฉะเชิงเทรา,กฟส.บ้านโพธิ์,กฟส.บ้านโพธิ์,บ้านโพธิ์,XS,N,114,,
,2568-10-01,2568-10-01,กฟส.,กฟก.2,ฉะเชิงเทรา,กฟส.พนมสำรคำม,กฟส.พนมสำรคำม,พนมสารคาม,M,N,112,,
,2568-10-01,2568-10-01,กฟส.,กฟก.2,ฉะเชิงเทรา,กฟส.ราชสาสน,กฟส.ราชสาสน,ราชสาสน,XS,N,114,,
,2568-10-01,2568-10-01,กฟส.,กฟก.2,ฉะเชิงเทรา,กฟส.สนำมชัยเขต,กฟส.สนำมชัยเขต,สนามชัยเขต,S,N,113,,
,2568-10-01,2568-10-01,กฟส.,กฟก.2,ฉะเชิงเทรา,กฟส.เทพรำช,กฟส.เทพรำช,เทพราช,XS,N,114,,
,2568-10-01,2568-10-01,กฟส.,กฟก.2,ฉะเชิงเทรา,กฟส.เมืองฉะเชิงเทรำ,กฟส.เมืองฉะเชิงเทรำ,เมืองฉะเชิงเทรา,L,N,111,,
,2568-10-01,2568-10-01,กฟส.,กฟก.2,ฉะเชิงเทรา,กฟส.แปลงยำว,กฟส.แปลงยำว,แปลงยาว,S,N,113,,
,2568-10-01,2568-10-01,กฟส.,กฟก.2,ชลบุรี,กฟส.จอมเทียน,กฟส.จอมเทียน,จอมเทียน,L,N,111,,
,2568-10-01,2568-10-01,กฟส.,กฟก.2,ชลบุรี,กฟส.บำงแสน,กฟส.บำงแสน,บางแสน,L,N,111,,
,2568-10-01,2568-10-01,กฟส.,กฟก.2,ชลบุรี,กฟส.บึง,กฟส.บึง,บึง,L,N,111,,
,2568-10-01,2568-10-01,กฟส.,กฟก.2,ชลบุรี,กฟส.บ่อทอง,กฟส.บ่อทอง,บ่อทอง,S,N,113,,
,2568-10-01,2568-10-01,กฟส.,กฟก.2,ชลบุรี,กฟส.บ้านบึง,กฟส.บ้านบึง,บ้านบึง,L,N,111,,
,2568-10-01,2568-10-01,กฟส.,กฟก.2,ชลบุรี,กฟส.บ้านเกาะล้าน,กฟส.บ้านเกาะล้าน,บ้านเกาะล้าน,XS,N,114,,
,2568-10-01,2568-10-01,กฟส.,กฟก.2,ชลบุรี,กฟส.พนัสนิคม,กฟส.พนัสนิคม,พนัสนิคม,M,N,112,,
,2568-10-01,2568-10-01,กฟส.,กฟก.2,ชลบุรี,กฟส.พำนทอง,กฟส.พำนทอง,พานทอง,L,N,111,,
,2568-10-01,2568-10-01,กฟส.,กฟก.2,ชลบุรี,กฟส.ศรีรำชำ,กฟส.ศรีรำชำ,ศรีราชา,L,N,111,,
,2568-10-01,2568-10-01,กฟส.,กฟก.2,ชลบุรี,กฟส.หนองใหญ่,กฟส.หนองใหญ่,หนองใหญ่,S,N,113,,
,2568-10-01,2568-10-01,กฟส.,กฟก.2,ชลบุรี,กฟส.เกาะจันทร์,กฟส.เกาะจันทร์,เกาะจันทร์,S,N,113,,
,2568-10-01,2568-10-01,กฟส.,กฟก.2,ชลบุรี,กฟส.เกำะสีชัง,กฟส.เกำะสีชัง,เกาะสีชัง,XS,N,114,,
,2568-10-01,2568-10-01,กฟส.,กฟก.2,ชลบุรี,กฟส.เมืองชลบุรี,กฟส.เมืองชลบุรี,เมืองชลบุรี,L,N,111,,
,2568-10-01,2568-10-01,กฟส.,กฟก.2,ชลบุรี,กฟส.เมืองพัทยำ,กฟส.เมืองพัทยำ,เมืองพัทยา,L,N,111,,
,2568-10-01,2568-10-01,กฟส.,กฟก.2,ชลบุรี,กฟส.แหลมฉบัง,กฟส.แหลมฉบัง,แหลมฉบัง,L,N,111,,
,2568-10-01,2568-10-01,กฟส.,กฟก.2,ตราด,กฟส.คลองใหญ่,กฟส.คลองใหญ่,คลองใหญ่,S,N,113,,
,2568-10-01,2568-10-01,กฟส.,กฟก.2,ตราด,กฟส.บ่อไร่,กฟส.บ่อไร่,บ่อไร่,XS,N,114,,
,2568-10-01,2568-10-01,กฟส.,กฟก.2,ตราด,กฟส.เกำะกูด,กฟส.เกำะกูด,เกาะกูด,XS,N,114,,
,2568-10-01,2568-10-01,กฟส.,กฟก.2,ตราด,กฟส.เกาะช้าง,กฟส.เกาะช้าง,เกาะช้าง,S,N,113,,
,2568-10-01,2568-10-01,กฟส.,กฟก.2,ตราด,กฟส.เกำะหมำก,กฟส.เกำะหมำก,เกาะหมาก,XS,N,114,,
,2568-10-01,2568-10-01,กฟส.,กฟก.2,ตราด,กฟส.เขำสมิง,กฟส.เขำสมิง,เขาสมิง,M,N,112,,
,2568-10-01,2568-10-01,กฟส.,กฟก.2,ตราด,กฟส.เมืองตรำด,กฟส.เมืองตรำด,เมืองตราด,L,N,111,,
,2568-10-01,2568-10-01,กฟส.,กฟก.2,ตราด,กฟส.แหลมงอบ,กฟส.แหลมงอบ,แหลมงอบ,XS,N,114,,
,2568-10-01,2568-10-01,กฟส.,กฟก.2,ระยอง,กฟส.กร่ำ,กฟส.กร่ำ,กร่า,XS,N,114,,
,2568-10-01,2568-10-01,กฟส.,กฟก.2,ระยอง,กฟส.นิคมพัฒนำ,กฟส.นิคมพัฒนำ,นิคมพัฒนา,S,N,113,,
,2568-10-01,2568-10-01,กฟส.,กฟก.2,ระยอง,กฟส.บ้านค่าย,กฟส.บ้านค่าย,บ้านค่าย,M,N,112,,
,2568-10-01,2568-10-01,กฟส.,กฟก.2,ระยอง,กฟส.บ้านฉาง,กฟส.บ้านฉาง,บ้านฉาง,M,N,112,,
,2568-10-01,2568-10-01,กฟส.,กฟก.2,ระยอง,กฟส.ปลวกแดง,กฟส.ปลวกแดง,ปลวกแดง,L,N,111,,
,2568-10-01,2568-10-01,กฟส.,กฟก.2,ระยอง,กฟส.มำบตำพุด,กฟส.มำบตำพุด,มาบตาพุด,L,N,111,,
,2568-10-01,2568-10-01,กฟส.,กฟก.2,ระยอง,กฟส.วังจันทร์,กฟส.วังจันทร์,วังจันทร์,XS,N,114,,
,2568-10-01,2568-10-01,กฟส.,กฟก.2,ระยอง,กฟส.เกำะเสม็ด,กฟส.เกำะเสม็ด,เกาะเสม็ด,XS,N,114,,
,2568-10-01,2568-10-01,กฟส.,กฟก.2,ระยอง,กฟส.เขำชะเมำ,กฟส.เขำชะเมำ,เขาชะเมา,XS,N,114,,
,2568-10-01,2568-10-01,กฟส.,กฟก.2,ระยอง,กฟส.เพ,กฟส.เพ,เพ,S,N,113,,
,2568-10-01,2568-10-01,กฟส.,กฟก.2,ระยอง,กฟส.เมืองระยอง,กฟส.เมืองระยอง,เมืองระยอง,L,N,111,,
,2568-10-01,2568-10-01,กฟส.,กฟก.2,ระยอง,กฟส.แกลง,กฟส.แกลง,แกลง,L,N,111,,
,2568-10-01,2568-10-01,กฟส.,กฟก.3,กาญจนบุรี,กฟส.ด่านมะขามเตี้ย,กฟส.ด่านมะขามเตี้ย,ด่านมะขามเตี้ย,S,N,113,,
,2568-10-01,2568-10-01,กฟส.,กฟก.3,กาญจนบุรี,กฟส.ทองผำภูมิ,กฟส.ทองผำภูมิ,ทองผาภูมิ,S,N,113,,
,2568-10-01,2568-10-01,กฟส.,กฟก.3,กาญจนบุรี,กฟส.ท่ากระดาน,กฟส.ท่ากระดาน,ท่ากระดาน,XS,N,114,,
,2568-10-01,2568-10-01,กฟส.,กฟก.3,กาญจนบุรี,กฟส.ท่ามะกา,กฟส.ท่ามะกา,ท่ามะกา,M,N,112,,
,2568-10-01,2568-10-01,กฟส.,กฟก.3,กาญจนบุรี,กฟส.ท่าม่วง,กฟส.ท่าม่วง,ท่าม่วง,S,N,113,,
,2568-10-01,2568-10-01,กฟส.,กฟก.3,กาญจนบุรี,กฟส.ท่าเรือ,กฟส.ท่าเรือ,ท่าเรือ,S,N,113,,
,2568-10-01,2568-10-01,กฟส.,กฟก.3,กาญจนบุรี,กฟส.บ่อพลอย,กฟส.บ่อพลอย,บ่อพลอย,M,N,112,,
,2568-10-01,2568-10-01,กฟส.,กฟก.3,กาญจนบุรี,กฟส.บ้านตลาดสำรอง,กฟส.บ้านตลาดสำรอง,บ้านตลาดสารอง,XS,N,114,,
,2568-10-01,2568-10-01,กฟส.,กฟก.3,กาญจนบุรี,กฟส.พนมทวน,กฟส.พนมทวน,พนมทวน,S,N,113,,
,2568-10-01,2568-10-01,กฟส.,กฟก.3,กาญจนบุรี,กฟส.ลาดหญ้า,กฟส.ลาดหญ้า,ลาดหญ้า,S,N,113,,
,2568-10-01,2568-10-01,กฟส.,กฟก.3,กาญจนบุรี,กฟส.ศรีสวัสดิ,กฟส.ศรีสวัสดิ,ศรีสวัสดิ,XS,N,114,,
,2568-10-01,2568-10-01,กฟส.,กฟก.3,กาญจนบุรี,กฟส.สังขละบุรี,กฟส.สังขละบุรี,สังขละบุรี,XS,N,114,,
,2568-10-01,2568-10-01,กฟส.,กฟก.3,กาญจนบุรี,กฟส.หนองปรือ,กฟส.หนองปรือ,หนองปรือ,XS,N,114,,
,2568-10-01,2568-10-01,กฟส.,กฟก.3,กาญจนบุรี,กฟส.ห้วยกระเจา,กฟส.ห้วยกระเจา,ห้วยกระเจา,XS,N,114,,
,2568-10-01,2568-10-01,กฟส.,กฟก.3,กาญจนบุรี,กฟส.เมืองกำญจนบุรี,กฟส.เมืองกำญจนบุรี,เมืองกาญจนบุรี,L,N,111,,
,2568-10-01,2568-10-01,กฟส.,กฟก.3,กาญจนบุรี,กฟส.เลำขวัญ,กฟส.เลำขวัญ,เลาขวัญ,S,N,113,,
,2568-10-01,2568-10-01,กฟส.,กฟก.3,กาญจนบุรี,กฟส.ไทรโยค,กฟส.ไทรโยค,ไทรโยค,S,N,113,,
,2568-10-01,2568-10-01,กฟส.,กฟก.3,นครปฐม,กฟส.กำแพงแสน,กฟส.กำแพงแสน,กาแพงแสน,L,N,111,,
,2568-10-01,2568-10-01,กฟส.,กฟก.3,นครปฐม,กฟส.ดอนตูม,กฟส.ดอนตูม,ดอนตูม,S,N,113,,
,2568-10-01,2568-10-01,กฟส.,กฟก.3,นครปฐม,กฟส.นครชัยศรี,กฟส.นครชัยศรี,นครชัยศรี,M,N,112,,
,2568-10-01,2568-10-01,กฟส.,กฟก.3,นครปฐม,กฟส.บำงหลวง,กฟส.บำงหลวง,บางหลวง,XS,N,114,,
,2568-10-01,2568-10-01,กฟส.,กฟก.3,นครปฐม,กฟส.บำงเลน,กฟส.บำงเลน,บางเลน,L,N,111,,
,2568-10-01,2568-10-01,กฟส.,กฟก.3,นครปฐม,กฟส.พุทธมณฑล,กฟส.พุทธมณฑล,พุทธมณฑล,M,N,112,,
,2568-10-01,2568-10-01,กฟส.,กฟก.3,นครปฐม,กฟส.สำมพรำน,กฟส.สำมพรำน,สามพราน,L,N,111,,
,2568-10-01,2568-10-01,กฟส.,กฟก.3,นครปฐม,กฟส.เมืองนครปฐม,กฟส.เมืองนครปฐม,เมืองนครปฐม,L,N,111,,
,2568-10-01,2568-10-01,กฟจ.,กฟก.3,สมุทรสาคร,กฟจ.สมุทรสาคร,กฟจ.เมืองสมุทรสำคร,เมืองสมุทรสาคร,L,Y,104,,
,2568-10-01,2568-10-01,กฟส.,กฟก.3,สมุทรสาคร,กฟส.กระทุ่มแบน,กฟส.กระทุ่มแบน,กระทุ่มแบน,L,N,111,,
,2568-10-01,2568-10-01,กฟส.,กฟก.3,สมุทรสาคร,กฟส.กำหลง,กฟส.กำหลง,กาหลง,XS,N,114,,
,2568-10-01,2568-10-01,กฟส.,กฟก.3,สมุทรสาคร,กฟส.คลองตัน,กฟส.คลองตัน,คลองตัน,XS,N,114,,
,2568-10-01,2568-10-01,กฟส.,กฟก.3,สมุทรสาคร,กฟส.บำงน้ำจืด,กฟส.บำงน้ำจืด,บางน้าจืด,S,N,113,,
,2568-10-01,2568-10-01,กฟส.,กฟก.3,สมุทรสาคร,กฟส.อ้อมน้อย,กฟส.อ้อมน้อย,อ้อมน้อย,L,N,111,,
,2568-10-01,2568-10-01,กฟส.,กฟก.3,สมุทรสาคร,กฟส.เมืองสมุทรสำคร2(บ้านแพ้ว),กฟส.เมืองสมุทรสำคร2(บ้านแพ้ว),เมืองสมุทรสาคร2(บ้านแพ้ว),M,N,112,,
,2568-10-01,2568-10-01,กฟส.,กฟก.3,สมุทรสาคร,กฟส.โคกขำม,กฟส.โคกขำม,โคกขาม,L,N,111,,
,2568-10-01,2568-10-01,กฟส.,กฟก.3,สุพรรณบุรี,กฟส.ดอนเจดีย์,กฟส.ดอนเจดีย์,ดอนเจดีย์,S,N,113,,
,2568-10-01,2568-10-01,กฟส.,กฟก.3,สุพรรณบุรี,กฟส.ด่านช้าง,กฟส.ด่านช้าง,ด่านช้าง,S,N,113,,
,2568-10-01,2568-10-01,กฟส.,กฟก.3,สุพรรณบุรี,กฟส.ทุ่งคอก,กฟส.ทุ่งคอก,ทุ่งคอก,XS,N,114,,
,2568-10-01,2568-10-01,กฟส.,กฟก.3,สุพรรณบุรี,กฟส.บางปลาม้า,กฟส.บางปลาม้า,บางปลาม้า,S,N,113,,
,2568-10-01,2568-10-01,กฟส.,กฟก.3,สุพรรณบุรี,กฟส.มะขามล้ม,กฟส.มะขามล้ม,มะขามล้ม,XS,N,114,,
,2568-10-01,2568-10-01,กฟส.,กฟก.3,สุพรรณบุรี,กฟส.ศรีประจันต์,กฟส.ศรีประจันต์,ศรีประจันต์,S,N,113,,
,2568-10-01,2568-10-01,กฟส.,กฟก.3,สุพรรณบุรี,กฟส.สวนแตง,กฟส.สวนแตง,สวนแตง,XS,N,114,,
,2568-10-01,2568-10-01,กฟส.,กฟก.3,สุพรรณบุรี,กฟส.สองพี่น้อง,กฟส.สองพี่น้อง,สองพี่น้อง,S,N,113,,
,2568-10-01,2568-10-01,กฟส.,กฟก.3,สุพรรณบุรี,กฟส.สำมชุก,กฟส.สำมชุก,สามชุก,S,N,113,,
,2568-10-01,2568-10-01,กฟส.,กฟก.3,สุพรรณบุรี,กฟส.หนองหญ้าไซ,กฟส.หนองหญ้าไซ,หนองหญ้าไซ,S,N,113,,
,2568-10-01,2568-10-01,กฟส.,กฟก.3,สุพรรณบุรี,กฟส.อู่ทอง,กฟส.อู่ทอง,อู่ทอง,M,N,112,,
,2568-10-01,2568-10-01,กฟส.,กฟก.3,สุพรรณบุรี,กฟส.เดิมบำงนำงบวช,กฟส.เดิมบำงนำงบวช,เดิมบางนางบวช,M,N,112,,
,2568-10-01,2568-10-01,กฟส.,กฟก.3,สุพรรณบุรี,กฟส.เมืองสุพรรณบุรี,กฟส.เมืองสุพรรณบุรี,เมืองสุพรรณบุรี,L,N,111,,
,2568-10-01,2568-10-01,กฟส.,กฟฉ.1,ขอนแก่น,กฟส.กระนวน,กฟส.กระนวน,กระนวน,S,N,113,,
,2568-10-01,2568-10-01,กฟส.,กฟฉ.1,ขอนแก่น,กฟส.ชนบท,กฟส.ชนบท,ชนบท,XS,N,114,,
,2568-10-01,2568-10-01,กฟส.,กฟฉ.1,ขอนแก่น,กฟส.ชุมแพ,กฟส.ชุมแพ,ชุมแพ,M,N,112,,
,2568-10-01,2568-10-01,กฟส.,กฟฉ.1,ขอนแก่น,กฟส.ซำสูง,กฟส.ซำสูง,ซาสูง,XS,N,114,,
,2568-10-01,2568-10-01,กฟส.,กฟฉ.1,ขอนแก่น,กฟส.ท่าพระ,กฟส.ท่าพระ,ท่าพระ,XS,N,114,,
,2568-10-01,2568-10-01,กฟส.,กฟฉ.1,ขอนแก่น,กฟส.น้ำพอง,กฟส.น้ำพอง,น้าพอง,S,N,113,,
,2568-10-01,2568-10-01,กฟส.,กฟฉ.1,ขอนแก่น,กฟส.บ้านฝาง,กฟส.บ้านฝาง,บ้านฝาง,S,N,113,,
,2568-10-01,2568-10-01,กฟส.,กฟฉ.1,ขอนแก่น,กฟส.บ้านแฮด,กฟส.บ้านแฮด,บ้านแฮด,XS,N,114,,
,2568-10-01,2568-10-01,กฟส.,กฟฉ.1,ขอนแก่น,กฟส.บ้านไผ่,กฟส.บ้านไผ่,บ้านไผ่,M,N,112,,
,2568-10-01,2568-10-01,กฟส.,กฟฉ.1,ขอนแก่น,กฟส.พระยืน,กฟส.พระยืน,พระยืน,XS,N,114,,
,2568-10-01,2568-10-01,กฟส.,กฟฉ.1,ขอนแก่น,กฟส.พล,กฟส.พล,พล,S,N,113,,
,2568-10-01,2568-10-01,กฟส.,กฟฉ.1,ขอนแก่น,กฟส.ภูผาม่าน,กฟส.ภูผาม่าน,ภูผาม่าน,XS,N,114,,
,2568-10-01,2568-10-01,กฟส.,กฟฉ.1,ขอนแก่น,กฟส.ภูเวียง,กฟส.ภูเวียง,ภูเวียง,S,N,113,,
,2568-10-01,2568-10-01,กฟส.,กฟฉ.1,ขอนแก่น,กฟส.มัญจำคีรี,กฟส.มัญจำคีรี,มัญจาคีรี,S,N,113,,
,2568-10-01,2568-10-01,กฟส.,กฟฉ.1,ขอนแก่น,กฟส.สีชมพู,กฟส.สีชมพู,สีชมพู,XS,N,114,,
,2568-10-01,2568-10-01,กฟส.,กฟฉ.1,ขอนแก่น,กฟส.หนองนำคำ,กฟส.หนองนำคำ,หนองนาคา,XS,N,114,,
,2568-10-01,2568-10-01,กฟส.,กฟฉ.1,ขอนแก่น,กฟส.หนองสองห้อง,กฟส.หนองสองห้อง,หนองสองห้อง,S,N,113,,
,2568-10-01,2568-10-01,กฟส.,กฟฉ.1,ขอนแก่น,กฟส.หนองเรือ,กฟส.หนองเรือ,หนองเรือ,S,N,113,,
,2568-10-01,2568-10-01,กฟส.,กฟฉ.1,ขอนแก่น,กฟส.อุบลรัตน์,กฟส.อุบลรัตน์,อุบลรัตน์,XS,N,114,,
,2568-10-01,2568-10-01,กฟส.,กฟฉ.1,ขอนแก่น,กฟส.เขำสวนกวำง,กฟส.เขำสวนกวำง,เขาสวนกวาง,XS,N,114,,
,2568-10-01,2568-10-01,กฟส.,กฟฉ.1,ขอนแก่น,กฟส.เปือยน้อย,กฟส.เปือยน้อย,เปือยน้อย,XS,N,114,,
,2568-10-01,2568-10-01,กฟส.,กฟฉ.1,ขอนแก่น,กฟส.เมืองขอนแก่น,กฟส.เมืองขอนแก่น,เมืองขอนแก่น,L,N,111,,
,2568-10-01,2568-10-01,กฟส.,กฟฉ.1,ขอนแก่น,กฟส.เมืองขอนแก่น2,กฟส.เมืองขอนแก่น2,เมืองขอนแก่น2,L,N,111,,
,2568-10-01,2568-10-01,กฟส.,กฟฉ.1,ขอนแก่น,กฟส.เวียงเก่า,กฟส.เวียงเก่า,เวียงเก่า,XS,N,114,,
,2568-10-01,2568-10-01,กฟส.,กฟฉ.1,ขอนแก่น,กฟส.แวงน้อย,กฟส.แวงน้อย,แวงน้อย,XS,N,114,,
,2568-10-01,2568-10-01,กฟส.,กฟฉ.1,ขอนแก่น,กฟส.แวงใหญ่,กฟส.แวงใหญ่,แวงใหญ่,XS,N,114,,
,2568-10-01,2568-10-01,กฟส.,กฟฉ.1,ขอนแก่น,กฟส.โคกโพธิไชย,กฟส.โคกโพธิไชย,โคกโพธิไชย,XS,N,114,,
,2568-10-01,2568-10-01,กฟส.,กฟฉ.1,ขอนแก่น,กฟส.โนนศิลำ,กฟส.โนนศิลำ,โนนศิลา,XS,N,114,,
,2568-10-01,2568-10-01,กฟส.,กฟฉ.1,นครพนม,กฟส.ท่าอุเทน,กฟส.ท่าอุเทน,ท่าอุเทน,XS,N,114,,
,2568-10-01,2568-10-01,กฟส.,กฟฉ.1,นครพนม,กฟส.ธำตุพนม,กฟส.ธำตุพนม,ธาตุพนม,S,N,113,,
,2568-10-01,2568-10-01,กฟส.,กฟฉ.1,นครพนม,กฟส.นำทม,กฟส.นำทม,นาทม,XS,N,114,,
,2568-10-01,2568-10-01,กฟส.,กฟฉ.1,นครพนม,กฟส.นาหว้า,กฟส.นาหว้า,นาหว้า,XS,N,114,,
,2568-10-01,2568-10-01,กฟส.,กฟฉ.1,นครพนม,กฟส.นำแก,กฟส.นำแก,นาแก,S,N,113,,
,2568-10-01,2568-10-01,กฟส.,กฟฉ.1,นครพนม,กฟส.บ้านแพง,กฟส.บ้านแพง,บ้านแพง,S,N,113,,
,2568-10-01,2568-10-01,กฟส.,กฟฉ.1,นครพนม,กฟส.ปลำปำก,กฟส.ปลำปำก,ปลาปาก,XS,N,114,,
,2568-10-01,2568-10-01,กฟส.,กฟฉ.1,นครพนม,กฟส.วังยำง,กฟส.วังยำง,วังยาง,XS,N,114,,
,2568-10-01,2568-10-01,กฟส.,กฟฉ.1,นครพนม,กฟส.ศรีสงครำม,กฟส.ศรีสงครำม,ศรีสงคราม,XS,N,114,,
,2568-10-01,2568-10-01,กฟส.,กฟฉ.1,นครพนม,กฟส.เมืองนครพนม,กฟส.เมืองนครพนม,เมืองนครพนม,L,N,111,,
,2568-10-01,2568-10-01,กฟส.,กฟฉ.1,นครพนม,กฟส.เรณูนคร,กฟส.เรณูนคร,เรณูนคร,XS,N,114,,
,2568-10-01,2568-10-01,กฟส.,กฟฉ.1,นครพนม,กฟส.โพนสวรรค์,กฟส.โพนสวรรค์,โพนสวรรค์,XS,N,114,,
,2568-10-01,2568-10-01,กฟส.,กฟฉ.1,บึงกาฬ,กฟส.บึงโขงหลง,กฟส.บึงโขงหลง,บึงโขงหลง,XS,N,114,,
,2568-10-01,2568-10-01,กฟส.,กฟฉ.1,บึงกาฬ,กฟส.บุ่งคล้า,กฟส.บุ่งคล้า,บุ่งคล้า,XS,N,114,,
,2568-10-01,2568-10-01,กฟส.,กฟฉ.1,บึงกาฬ,กฟส.ปำกคำด,กฟส.ปำกคำด,ปากคาด,XS,N,114,,
,2568-10-01,2568-10-01,กฟส.,กฟฉ.1,บึงกาฬ,กฟส.พรเจริญ,กฟส.พรเจริญ,พรเจริญ,XS,N,114,,
,2568-10-01,2568-10-01,กฟส.,กฟฉ.1,บึงกาฬ,กฟส.ศรีวิไล,กฟส.ศรีวิไล,ศรีวิไล,XS,N,114,,
,2568-10-01,2568-10-01,กฟส.,กฟฉ.1,บึงกาฬ,กฟส.เซกำ,กฟส.เซกำ,เซกา,S,N,113,,
,2568-10-01,2568-10-01,กฟส.,กฟฉ.1,บึงกาฬ,กฟส.เมืองบึงกำฬ,กฟส.เมืองบึงกำฬ,เมืองบึงกาฬ,M,N,112,,
,2568-10-01,2568-10-01,กฟส.,กฟฉ.1,บึงกาฬ,กฟส.โซ่พิสัย,กฟส.โซ่พิสัย,โซ่พิสัย,XS,N,114,,
,2568-10-01,2568-10-01,กฟส.,กฟฉ.1,สกลนคร,กฟส.กุดบำก,กฟส.กุดบำก,กุดบาก,XS,N,114,,
,2568-10-01,2568-10-01,กฟส.,กฟฉ.1,สกลนคร,กฟส.กุสุมาลย์,กฟส.กุสุมาลย์,กุสุมาลย์,XS,N,114,,
,2568-10-01,2568-10-01,กฟส.,กฟฉ.1,สกลนคร,กฟส.คำตากล้า,กฟส.คำตากล้า,คาตากล้า,XS,N,114,,
,2568-10-01,2568-10-01,กฟส.,กฟฉ.1,สกลนคร,กฟส.นิคมน้ำอูน,กฟส.นิคมน้ำอูน,นิคมน้าอูน,XS,N,114,,
,2568-10-01,2568-10-01,กฟส.,กฟฉ.1,สกลนคร,กฟส.บ้านม่วง,กฟส.บ้านม่วง,บ้านม่วง,XS,N,114,,
,2568-10-01,2568-10-01,กฟส.,กฟฉ.1,สกลนคร,กฟส.พรรณำนิคม,กฟส.พรรณำนิคม,พรรณานิคม,S,N,113,,
,2568-10-01,2568-10-01,กฟส.,กฟฉ.1,สกลนคร,กฟส.พังโคน,กฟส.พังโคน,พังโคน,M,N,112,,
,2568-10-01,2568-10-01,กฟส.,กฟฉ.1,สกลนคร,กฟส.ภูพำน,กฟส.ภูพำน,ภูพาน,XS,N,114,,
,2568-10-01,2568-10-01,กฟส.,กฟฉ.1,สกลนคร,กฟส.วำนรนิวำส,กฟส.วำนรนิวำส,วานรนิวาส,S,N,113,,
,2568-10-01,2568-10-01,กฟส.,กฟฉ.1,สกลนคร,กฟส.วำริชภูมิ,กฟส.วำริชภูมิ,วาริชภูมิ,XS,N,114,,
,2568-10-01,2568-10-01,กฟส.,กฟฉ.1,สกลนคร,กฟส.สว่างแดนดิน,กฟส.สว่างแดนดิน,สว่างแดนดิน,M,N,112,,
,2568-10-01,2568-10-01,กฟส.,กฟฉ.1,สกลนคร,กฟส.ส่องดาว,กฟส.ส่องดาว,ส่องดาว,XS,N,114,,
,2568-10-01,2568-10-01,กฟส.,กฟฉ.1,สกลนคร,กฟส.อำกำศอำนวย,กฟส.อำกำศอำนวย,อากาศอานวย,S,N,113,,
,2568-10-01,2568-10-01,กฟส.,กฟฉ.1,สกลนคร,กฟส.เจริญศิลป์,กฟส.เจริญศิลป์,เจริญศิลป์,XS,N,114,,
,2568-10-01,2568-10-01,กฟส.,กฟฉ.1,สกลนคร,กฟส.เต่างอย,กฟส.เต่างอย,เต่างอย,XS,N,114,,
,2568-10-01,2568-10-01,กฟส.,กฟฉ.1,สกลนคร,กฟส.เมืองสกลนคร,กฟส.เมืองสกลนคร,เมืองสกลนคร,L,N,111,,
,2568-10-01,2568-10-01,กฟส.,กฟฉ.1,สกลนคร,กฟส.โคกศรีสุพรรณ,กฟส.โคกศรีสุพรรณ,โคกศรีสุพรรณ,XS,N,114,,
,2568-10-01,2568-10-01,กฟส.,กฟฉ.1,สกลนคร,กฟส.โพนนาแก้ว,กฟส.โพนนาแก้ว,โพนนาแก้ว,XS,N,114,,
,2568-10-01,2568-10-01,กฟส.,กฟฉ.1,หนองคาย,กฟส.ท่าบ่อ,กฟส.ท่าบ่อ,ท่าบ่อ,S,N,113,,
,2568-10-01,2568-10-01,กฟส.,กฟฉ.1,หนองคาย,กฟส.รัตนวาปี,กฟส.รัตนวาปี,รัตนวาปี,XS,N,114,,
,2568-10-01,2568-10-01,กฟส.,กฟฉ.1,หนองคาย,กฟส.ศรีเชียงใหม่,กฟส.ศรีเชียงใหม่,ศรีเชียงใหม่,XS,N,114,,
,2568-10-01,2568-10-01,กฟส.,กฟฉ.1,หนองคาย,กฟส.สระใคร,กฟส.สระใคร,สระใคร,XS,N,114,,
,2568-10-01,2568-10-01,กฟส.,กฟฉ.1,หนองคาย,กฟส.สังคม,กฟส.สังคม,สังคม,XS,N,114,,
,2568-10-01,2568-10-01,กฟส.,กฟฉ.1,หนองคาย,กฟส.เฝ้าไร่,กฟส.เฝ้าไร่,เฝ้าไร่,XS,N,114,,
,2568-10-01,2568-10-01,กฟส.,กฟฉ.1,หนองคาย,กฟส.เมืองหนองคำย,กฟส.เมืองหนองคำย,เมืองหนองคาย,L,N,111,,
,2568-10-01,2568-10-01,กฟส.,กฟฉ.1,หนองคาย,กฟส.โพธิตำก,กฟส.โพธิตำก,โพธิตาก,XS,N,114,,
,2568-10-01,2568-10-01,กฟส.,กฟฉ.1,หนองคาย,กฟส.โพนพิสัย,กฟส.โพนพิสัย,โพนพิสัย,S,N,113,,
,2568-10-01,2568-10-01,กฟส.,กฟฉ.1,หนองบัวลำภู,กฟส.นำกลำง,กฟส.นำกลำง,นากลาง,S,N,113,,
,2568-10-01,2568-10-01,กฟส.,กฟฉ.1,หนองบัวลำภู,กฟส.นำวัง,กฟส.นำวัง,นาวัง,XS,N,114,,
,2568-10-01,2568-10-01,กฟส.,กฟฉ.1,หนองบัวลำภู,กฟส.ศรีบุญเรือง,กฟส.ศรีบุญเรือง,ศรีบุญเรือง,S,N,113,,
,2568-10-01,2568-10-01,กฟส.,กฟฉ.1,หนองบัวลำภู,กฟส.สุวรรณคูหำ,กฟส.สุวรรณคูหำ,สุวรรณคูหา,XS,N,114,,
,2568-10-01,2568-10-01,กฟส.,กฟฉ.1,หนองบัวลำภู,กฟส.เมืองหนองบัวลำภู,กฟส.เมืองหนองบัวลำภู,เมืองหนองบัวลาภู,M,N,112,,
,2568-10-01,2568-10-01,กฟส.,กฟฉ.1,หนองบัวลำภู,กฟส.โนนสัง,กฟส.โนนสัง,โนนสัง,XS,N,114,,
,2568-10-01,2568-10-01,กฟส.,กฟฉ.1,อุดรธานี,กฟส.กุดจับ,กฟส.กุดจับ,กุดจับ,S,N,113,,
,2568-10-01,2568-10-01,กฟส.,กฟฉ.1,อุดรธานี,กฟส.กุมภวำปี,กฟส.กุมภวำปี,กุมภวาปี,M,N,112,,
,2568-10-01,2568-10-01,กฟส.,กฟฉ.1,อุดรธานี,กฟส.กู่แก้ว,กฟส.กู่แก้ว,กู่แก้ว,XS,N,114,,
,2568-10-01,2568-10-01,กฟส.,กฟฉ.1,อุดรธานี,กฟส.ทุ่งฝน,กฟส.ทุ่งฝน,ทุ่งฝน,XS,N,114,,
,2568-10-01,2568-10-01,กฟส.,กฟฉ.1,อุดรธานี,กฟส.นำยูง,กฟส.นำยูง,นายูง,XS,N,114,,
,2568-10-01,2568-10-01,กฟส.,กฟฉ.1,อุดรธานี,กฟส.น้ำโสม,กฟส.น้ำโสม,น้าโสม,XS,N,114,,
,2568-10-01,2568-10-01,กฟส.,กฟฉ.1,อุดรธานี,กฟส.บ้านดุง,กฟส.บ้านดุง,บ้านดุง,S,N,113,,
,2568-10-01,2568-10-01,กฟส.,กฟฉ.1,อุดรธานี,กฟส.บ้านผือ,กฟส.บ้านผือ,บ้านผือ,S,N,113,,
,2568-10-01,2568-10-01,กฟส.,กฟฉ.1,อุดรธานี,กฟส.ประจักษ์ศิลปำคม,กฟส.ประจักษ์ศิลปำคม,ประจักษ์ศิลปาคม,XS,N,114,,
,2568-10-01,2568-10-01,กฟส.,กฟฉ.1,อุดรธานี,กฟส.พิบูลย์รักษ์,กฟส.พิบูลย์รักษ์,พิบูลย์รักษ์,XS,N,114,,
,2568-10-01,2568-10-01,กฟส.,กฟฉ.1,อุดรธานี,กฟส.วังสำมหมอ,กฟส.วังสำมหมอ,วังสามหมอ,XS,N,114,,
,2568-10-01,2568-10-01,กฟส.,กฟฉ.1,อุดรธานี,กฟส.ศรีธำตุ,กฟส.ศรีธำตุ,ศรีธาตุ,XS,N,114,,
,2568-10-01,2568-10-01,กฟส.,กฟฉ.1,อุดรธานี,กฟส.สร้างคอม,กฟส.สร้างคอม,สร้างคอม,XS,N,114,,
,2568-10-01,2568-10-01,กฟส.,กฟฉ.1,อุดรธานี,กฟส.หนองวัวซอ,กฟส.หนองวัวซอ,หนองวัวซอ,S,N,113,,
,2568-10-01,2568-10-01,กฟส.,กฟฉ.1,อุดรธานี,กฟส.หนองหำน,กฟส.หนองหำน,หนองหาน,M,N,112,,
,2568-10-01,2568-10-01,กฟส.,กฟฉ.1,อุดรธานี,กฟส.หนองแสง,กฟส.หนองแสง,หนองแสง,XS,N,114,,
,2568-10-01,2568-10-01,กฟส.,กฟฉ.1,อุดรธานี,กฟส.เพ็ญ,กฟส.เพ็ญ,เพ็ญ,S,N,113,,
,2568-10-01,2568-10-01,กฟส.,กฟฉ.1,อุดรธานี,กฟส.เมืองอุดรธำนี,กฟส.เมืองอุดรธำนี,เมืองอุดรธานี,L,N,111,,
,2568-10-01,2568-10-01,กฟส.,กฟฉ.1,อุดรธานี,กฟส.เมืองอุดรธำนี2,กฟส.เมืองอุดรธำนี2,เมืองอุดรธานี2,L,N,111,,
,2568-10-01,2568-10-01,กฟส.,กฟฉ.1,อุดรธานี,กฟส.โนนสะอำด,กฟส.โนนสะอำด,โนนสะอาด,XS,N,114,,
,2568-10-01,2568-10-01,กฟส.,กฟฉ.1,อุดรธานี,กฟส.ไชยวำน,กฟส.ไชยวำน,ไชยวาน,XS,N,114,,
,2568-10-01,2568-10-01,กฟส.,กฟฉ.1,เลย,กฟส.ด่านซ้าย,กฟส.ด่านซ้าย,ด่านซ้าย,S,N,113,,
,2568-10-01,2568-10-01,กฟส.,กฟฉ.1,เลย,กฟส.ท่าลี่,กฟส.ท่าลี่,ท่าลี่,XS,N,114,,
,2568-10-01,2568-10-01,กฟส.,กฟฉ.1,เลย,กฟส.นาด้วง,กฟส.นาด้วง,นาด้วง,XS,N,114,,
,2568-10-01,2568-10-01,กฟส.,กฟฉ.1,เลย,กฟส.นาแห้ว,กฟส.นาแห้ว,นาแห้ว,XS,N,114,,
,2568-10-01,2568-10-01,กฟส.,กฟฉ.1,เลย,กฟส.ปำกชม,กฟส.ปำกชม,ปากชม,XS,N,114,,
,2568-10-01,2568-10-01,กฟส.,กฟฉ.1,เลย,กฟส.ผำขำว,กฟส.ผำขำว,ผาขาว,XS,N,114,,
,2568-10-01,2568-10-01,กฟส.,กฟฉ.1,เลย,กฟส.ภูกระดึง,กฟส.ภูกระดึง,ภูกระดึง,XS,N,114,,
,2568-10-01,2568-10-01,กฟส.,กฟฉ.1,เลย,กฟส.ภูหลวง,กฟส.ภูหลวง,ภูหลวง,XS,N,114,,
,2568-10-01,2568-10-01,กฟส.,กฟฉ.1,เลย,กฟส.ภูเรือ,กฟส.ภูเรือ,ภูเรือ,XS,N,114,,
,2568-10-01,2568-10-01,กฟส.,กฟฉ.1,เลย,กฟส.วังสะพุง,กฟส.วังสะพุง,วังสะพุง,M,N,112,,
,2568-10-01,2568-10-01,กฟส.,กฟฉ.1,เลย,กฟส.หนองหิน,กฟส.หนองหิน,หนองหิน,XS,N,114,,
,2568-10-01,2568-10-01,กฟส.,กฟฉ.1,เลย,กฟส.เชียงคำน,กฟส.เชียงคำน,เชียงคาน,S,N,113,,
,2568-10-01,2568-10-01,กฟส.,กฟฉ.1,เลย,กฟส.เมืองเลย,กฟส.เมืองเลย,เมืองเลย,M,N,112,,
,2568-10-01,2568-10-01,กฟส.,กฟฉ.1,เลย,กฟส.เอรำวัณ,กฟส.เอรำวัณ,เอราวัณ,XS,N,114,,
,2568-10-01,2568-10-01,กฟส.,กฟฉ.2,กาฬสินธุ์,กฟส.กมลำไสย,กฟส.กมลำไสย,กมลาไสย,XS,N,114,,
,2568-10-01,2568-10-01,กฟส.,กฟฉ.2,กาฬสินธุ์,กฟส.กุฉินำรำยณ,กฟส.กุฉินำรำยณ,กุฉินารายณ,S,N,113,,
,2568-10-01,2568-10-01,กฟส.,กฟฉ.2,กาฬสินธุ์,กฟส.คำม่วง,กฟส.คำม่วง,คาม่วง,XS,N,114,,
,2568-10-01,2568-10-01,กฟส.,กฟฉ.2,กาฬสินธุ์,กฟส.ฆ้องชัย,กฟส.ฆ้องชัย,ฆ้องชัย,XS,N,114,,
,2568-10-01,2568-10-01,กฟส.,กฟฉ.2,กาฬสินธุ์,กฟส.ดอนจำน,กฟส.ดอนจำน,ดอนจาน,XS,N,114,,
,2568-10-01,2568-10-01,กฟส.,กฟฉ.2,กาฬสินธุ์,กฟส.ท่าคันโท,กฟส.ท่าคันโท,ท่าคันโท,XS,N,114,,
,2568-10-01,2568-10-01,กฟส.,กฟฉ.2,กาฬสินธุ์,กฟส.นำคู,กฟส.นำคู,นาคู,XS,N,114,,
,2568-10-01,2568-10-01,กฟส.,กฟฉ.2,กาฬสินธุ์,กฟส.นำมน,กฟส.นำมน,นามน,XS,N,114,,
,2568-10-01,2568-10-01,กฟส.,กฟฉ.2,กาฬสินธุ์,กฟส.ยำงตลำด,กฟส.ยำงตลำด,ยางตลาด,S,N,113,,
,2568-10-01,2568-10-01,กฟส.,กฟฉ.2,กาฬสินธุ์,กฟส.ร่องคำ,กฟส.ร่องคำ,ร่องคา,XS,N,114,,
,2568-10-01,2568-10-01,กฟส.,กฟฉ.2,กาฬสินธุ์,กฟส.สมเด็จ,กฟส.สมเด็จ,สมเด็จ,M,N,112,,
,2568-10-01,2568-10-01,กฟส.,กฟฉ.2,กาฬสินธุ์,กฟส.สหัสขันธ์,กฟส.สหัสขันธ์,สหัสขันธ์,XS,N,114,,
,2568-10-01,2568-10-01,กฟส.,กฟฉ.2,กาฬสินธุ์,กฟส.สำมชัย,กฟส.สำมชัย,สามชัย,XS,N,114,,
,2568-10-01,2568-10-01,กฟส.,กฟฉ.2,กาฬสินธุ์,กฟส.หนองกุงศรี,กฟส.หนองกุงศรี,หนองกุงศรี,S,N,113,,
,2568-10-01,2568-10-01,กฟส.,กฟฉ.2,กาฬสินธุ์,กฟส.ห้วยผึ้ง,กฟส.ห้วยผึ้ง,ห้วยผึ้ง,XS,N,114,,
,2568-10-01,2568-10-01,กฟส.,กฟฉ.2,กาฬสินธุ์,กฟส.ห้วยเม็ก,กฟส.ห้วยเม็ก,ห้วยเม็ก,XS,N,114,,
,2568-10-01,2568-10-01,กฟส.,กฟฉ.2,กาฬสินธุ์,กฟส.เขำวง,กฟส.เขำวง,เขาวง,XS,N,114,,
,2568-10-01,2568-10-01,กฟส.,กฟฉ.2,กาฬสินธุ์,กฟส.เมืองกาฬสินธุ์,กฟส.เมืองกาฬสินธุ์,เมืองกาฬสินธุ์,L,N,111,,
,2568-10-01,2568-10-01,กฟส.,กฟฉ.2,มหาสารคาม,กฟส.กันทรวิชัย,กฟส.กันทรวิชัย,กันทรวิชัย,M,N,112,,
,2568-10-01,2568-10-01,กฟส.,กฟฉ.2,มหาสารคาม,กฟส.กุดรัง,กฟส.กุดรัง,กุดรัง,XS,N,114,,
,2568-10-01,2568-10-01,กฟส.,กฟฉ.2,มหาสารคาม,กฟส.ชื่นชม,กฟส.ชื่นชม,ชื่นชม,XS,N,114,,
,2568-10-01,2568-10-01,กฟส.,กฟฉ.2,มหาสารคาม,กฟส.นำดูน,กฟส.นำดูน,นาดูน,XS,N,114,,
,2568-10-01,2568-10-01,กฟส.,กฟฉ.2,มหาสารคาม,กฟส.นำเชือก,กฟส.นำเชือก,นาเชือก,XS,N,114,,
,2568-10-01,2568-10-01,กฟส.,กฟฉ.2,มหาสารคาม,กฟส.บรบือ,กฟส.บรบือ,บรบือ,S,N,113,,
,2568-10-01,2568-10-01,กฟส.,กฟฉ.2,มหาสารคาม,กฟส.พยัคฆภูมิพิสัย,กฟส.พยัคฆภูมิพิสัย,พยัคฆภูมิพิสัย,S,N,113,,
,2568-10-01,2568-10-01,กฟส.,กฟฉ.2,มหาสารคาม,กฟส.ยำงสีสุรำช,กฟส.ยำงสีสุรำช,ยางสีสุราช,XS,N,114,,
,2568-10-01,2568-10-01,กฟส.,กฟฉ.2,มหาสารคาม,กฟส.วาปีปทุม,กฟส.วาปีปทุม,วาปีปทุม,S,N,113,,
,2568-10-01,2568-10-01,กฟส.,กฟฉ.2,มหาสารคาม,กฟส.เชียงยืน,กฟส.เชียงยืน,เชียงยืน,S,N,113,,
,2568-10-01,2568-10-01,กฟส.,กฟฉ.2,มหาสารคาม,กฟส.เมืองมหำสำรคำม,กฟส.เมืองมหำสำรคำม,เมืองมหาสารคาม,L,N,111,,
,2568-10-01,2568-10-01,กฟส.,กฟฉ.2,มหาสารคาม,กฟส.แกดำ,กฟส.แกดำ,แกดา,XS,N,114,,
,2568-10-01,2568-10-01,กฟส.,กฟฉ.2,มหาสารคาม,กฟส.โกสุมพิสัย,กฟส.โกสุมพิสัย,โกสุมพิสัย,S,N,113,,
,2568-10-01,2568-10-01,กฟส.,กฟฉ.2,มุกดาหาร,กฟส.กกตูม,กฟส.กกตูม,กกตูม,XS,N,114,,
,2568-10-01,2568-10-01,กฟส.,กฟฉ.2,มุกดาหาร,กฟส.คำชะอี,กฟส.คำชะอี,คาชะอี,S,N,113,,
,2568-10-01,2568-10-01,กฟส.,กฟฉ.2,มุกดาหาร,กฟส.ดงหลวง,กฟส.ดงหลวง,ดงหลวง,XS,N,114,,
,2568-10-01,2568-10-01,กฟส.,กฟฉ.2,มุกดาหาร,กฟส.ดอนตำล,กฟส.ดอนตำล,ดอนตาล,XS,N,114,,
,2568-10-01,2568-10-01,กฟส.,กฟฉ.2,มุกดาหาร,กฟส.นิคมคำสร้อย,กฟส.นิคมคำสร้อย,นิคมคาสร้อย,XS,N,114,,
,2568-10-01,2568-10-01,กฟส.,กฟฉ.2,มุกดาหาร,กฟส.หนองสูง,กฟส.หนองสูง,หนองสูง,XS,N,114,,
,2568-10-01,2568-10-01,กฟส.,กฟฉ.2,มุกดาหาร,กฟส.หว้านใหญ่,กฟส.หว้านใหญ่,หว้านใหญ่,XS,N,114,,
,2568-10-01,2568-10-01,กฟส.,กฟฉ.2,มุกดาหาร,กฟส.เมืองมุกดำหำร,กฟส.เมืองมุกดำหำร,เมืองมุกดาหาร,M,N,112,,
,2568-10-01,2568-10-01,กฟส.,กฟฉ.2,ยโสธร,กฟส.กุดชุม,กฟส.กุดชุม,กุดชุม,XS,N,114,,
,2568-10-01,2568-10-01,กฟส.,กฟฉ.2,ยโสธร,กฟส.คำเขื่อนแก้ว,กฟส.คำเขื่อนแก้ว,คาเขื่อนแก้ว,XS,N,114,,
,2568-10-01,2568-10-01,กฟส.,กฟฉ.2,ยโสธร,กฟส.ค้อวัง,กฟส.ค้อวัง,ค้อวัง,XS,N,114,,
,2568-10-01,2568-10-01,กฟส.,กฟฉ.2,ยโสธร,กฟส.ทรำยมูล,กฟส.ทรำยมูล,ทรายมูล,XS,N,114,,
,2568-10-01,2568-10-01,กฟส.,กฟฉ.2,ยโสธร,กฟส.ป่าติ้ว,กฟส.ป่าติ้ว,ป่าติ้ว,XS,N,114,,
,2568-10-01,2568-10-01,กฟส.,กฟฉ.2,ยโสธร,กฟส.พนมไพร,กฟส.พนมไพร,พนมไพร,S,N,113,,
,2568-10-01,2568-10-01,กฟส.,กฟฉ.2,ยโสธร,กฟส.มหำชนะชัย,กฟส.มหำชนะชัย,มหาชนะชัย,S,N,113,,
,2568-10-01,2568-10-01,กฟส.,กฟฉ.2,ยโสธร,กฟส.หนองฮี,กฟส.หนองฮี,หนองฮี,XS,N,114,,
,2568-10-01,2568-10-01,กฟส.,กฟฉ.2,ยโสธร,กฟส.เมืองยโสธร,กฟส.เมืองยโสธร,เมืองยโสธร,M,N,112,,
,2568-10-01,2568-10-01,กฟส.,กฟฉ.2,ยโสธร,กฟส.ไทยเจริญ,กฟส.ไทยเจริญ,ไทยเจริญ,XS,N,114,,
,2568-10-01,2568-10-01,กฟส.,กฟฉ.2,ร้อยเอ็ด,กฟส.จตุรพักตรพิมำน,กฟส.จตุรพักตรพิมำน,จตุรพักตรพิมาน,XS,N,114,,
,2568-10-01,2568-10-01,กฟส.,กฟฉ.2,ร้อยเอ็ด,กฟส.จังหำร,กฟส.จังหำร,จังหาร,XS,N,114,,
,2568-10-01,2568-10-01,กฟส.,กฟฉ.2,ร้อยเอ็ด,กฟส.ทุ่งเขาหลวง,กฟส.ทุ่งเขาหลวง,ทุ่งเขาหลวง,XS,N,114,,
,2568-10-01,2568-10-01,กฟส.,กฟฉ.2,ร้อยเอ็ด,กฟส.ธงธำนี,กฟส.ธงธำนี,ธงธานี,XS,N,114,,
,2568-10-01,2568-10-01,กฟส.,กฟฉ.2,ร้อยเอ็ด,กฟส.ธวัชบุรี,กฟส.ธวัชบุรี,ธวัชบุรี,XS,N,114,,
,2568-10-01,2568-10-01,กฟส.,กฟฉ.2,ร้อยเอ็ด,กฟส.ปทุมรัตต,กฟส.ปทุมรัตต,ปทุมรัตต,XS,N,114,,
,2568-10-01,2568-10-01,กฟส.,กฟฉ.2,ร้อยเอ็ด,กฟส.ศรีสมเด็จ,กฟส.ศรีสมเด็จ,ศรีสมเด็จ,XS,N,114,,
,2568-10-01,2568-10-01,กฟส.,กฟฉ.2,ร้อยเอ็ด,กฟส.สุวรรณภูมิ,กฟส.สุวรรณภูมิ,สุวรรณภูมิ,S,N,113,,
,2568-10-01,2568-10-01,กฟส.,กฟฉ.2,ร้อยเอ็ด,กฟส.หนองพอก,กฟส.หนองพอก,หนองพอก,XS,N,114,,
,2568-10-01,2568-10-01,กฟส.,กฟฉ.2,ร้อยเอ็ด,กฟส.อำจสำมำรถ,กฟส.อำจสำมำรถ,อาจสามารถ,S,N,113,,
,2568-10-01,2568-10-01,กฟส.,กฟฉ.2,ร้อยเอ็ด,กฟส.เกษตรวิสัย,กฟส.เกษตรวิสัย,เกษตรวิสัย,S,N,113,,
,2568-10-01,2568-10-01,กฟส.,กฟฉ.2,ร้อยเอ็ด,กฟส.เชียงขวัญ,กฟส.เชียงขวัญ,เชียงขวัญ,XS,N,114,,
,2568-10-01,2568-10-01,กฟส.,กฟฉ.2,ร้อยเอ็ด,กฟส.เมยวดี,กฟส.เมยวดี,เมยวดี,XS,N,114,,
,2568-10-01,2568-10-01,กฟส.,กฟฉ.2,ร้อยเอ็ด,กฟส.เมืองร้อยเอ็ด,กฟส.เมืองร้อยเอ็ด,เมืองร้อยเอ็ด,L,N,111,,
,2568-10-01,2568-10-01,กฟส.,กฟฉ.2,ร้อยเอ็ด,กฟส.เมืองสรวง,กฟส.เมืองสรวง,เมืองสรวง,XS,N,114,,
,2568-10-01,2568-10-01,กฟส.,กฟฉ.2,ร้อยเอ็ด,กฟส.เสลภูมิ,กฟส.เสลภูมิ,เสลภูมิ,M,N,112,,
,2568-10-01,2568-10-01,กฟส.,กฟฉ.2,ร้อยเอ็ด,กฟส.โพธิชัย,กฟส.โพธิชัย,โพธิชัย,XS,N,114,,
,2568-10-01,2568-10-01,กฟส.,กฟฉ.2,ร้อยเอ็ด,กฟส.โพนทรำย,กฟส.โพนทรำย,โพนทราย,XS,N,114,,
,2568-10-01,2568-10-01,กฟส.,กฟฉ.2,ร้อยเอ็ด,กฟส.โพนทอง,กฟส.โพนทอง,โพนทอง,S,N,113,,
,2568-10-01,2568-10-01,กฟส.,กฟฉ.2,ศรีสะเกษ,กฟส.กันทรลักษ,กฟส.กันทรลักษ,กันทรลักษ,L,N,111,,
,2568-10-01,2568-10-01,กฟส.,กฟฉ.2,ศรีสะเกษ,กฟส.กันทรารมย์,กฟส.กันทรารมย์,กันทรารมย์,M,N,112,,
,2568-10-01,2568-10-01,กฟส.,กฟฉ.2,ศรีสะเกษ,กฟส.ขุขันธ,กฟส.ขุขันธ,ขุขันธ,S,N,113,,
,2568-10-01,2568-10-01,กฟส.,กฟฉ.2,ศรีสะเกษ,กฟส.ขุนหำญ,กฟส.ขุนหำญ,ขุนหาญ,S,N,113,,
,2568-10-01,2568-10-01,กฟส.,กฟฉ.2,ศรีสะเกษ,กฟส.น้ำเกลี้ยง,กฟส.น้ำเกลี้ยง,น้าเกลี้ยง,XS,N,114,,
,2568-10-01,2568-10-01,กฟส.,กฟฉ.2,ศรีสะเกษ,กฟส.บึงบูรพ์,กฟส.บึงบูรพ์,บึงบูรพ์,XS,N,114,,
,2568-10-01,2568-10-01,กฟส.,กฟฉ.2,ศรีสะเกษ,กฟส.ปรางค์กู่,กฟส.ปรางค์กู่,ปรางค์กู่,XS,N,114,,
,2568-10-01,2568-10-01,กฟส.,กฟฉ.2,ศรีสะเกษ,กฟส.พยุห,กฟส.พยุห,พยุห,XS,N,114,,
,2568-10-01,2568-10-01,กฟส.,กฟฉ.2,ศรีสะเกษ,กฟส.ภูสิงห์,กฟส.ภูสิงห์,ภูสิงห์,XS,N,114,,
,2568-10-01,2568-10-01,กฟส.,กฟฉ.2,ศรีสะเกษ,กฟส.ยางชุมน้อย,กฟส.ยางชุมน้อย,ยางชุมน้อย,XS,N,114,,
,2568-10-01,2568-10-01,กฟส.,กฟฉ.2,ศรีสะเกษ,กฟส.รำษีไศล,กฟส.รำษีไศล,ราษีไศล,S,N,113,,
,2568-10-01,2568-10-01,กฟส.,กฟฉ.2,ศรีสะเกษ,กฟส.วังหิน,กฟส.วังหิน,วังหิน,XS,N,114,,
,2568-10-01,2568-10-01,กฟส.,กฟฉ.2,ศรีสะเกษ,กฟส.ศรีรัตนะ,กฟส.ศรีรัตนะ,ศรีรัตนะ,XS,N,114,,
,2568-10-01,2568-10-01,กฟส.,กฟฉ.2,ศรีสะเกษ,กฟส.ห้วยทับทัน,กฟส.ห้วยทับทัน,ห้วยทับทัน,XS,N,114,,
,2568-10-01,2568-10-01,กฟส.,กฟฉ.2,ศรีสะเกษ,กฟส.อุทุมพรพิสัย,กฟส.อุทุมพรพิสัย,อุทุมพรพิสัย,S,N,113,,
,2568-10-01,2568-10-01,กฟส.,กฟฉ.2,ศรีสะเกษ,กฟส.เบญจลักษ,กฟส.เบญจลักษ,เบญจลักษ,XS,N,114,,
,2568-10-01,2568-10-01,กฟส.,กฟฉ.2,ศรีสะเกษ,กฟส.เมืองศรีสะเกษ,กฟส.เมืองศรีสะเกษ,เมืองศรีสะเกษ,L,N,111,,
,2568-10-01,2568-10-01,กฟส.,กฟฉ.2,ศรีสะเกษ,กฟส.โนนคูณ,กฟส.โนนคูณ,โนนคูณ,XS,N,114,,
,2568-10-01,2568-10-01,กฟส.,กฟฉ.2,ศรีสะเกษ,กฟส.ไพรบึง,กฟส.ไพรบึง,ไพรบึง,XS,N,114,,
,2568-10-01,2568-10-01,กฟส.,กฟฉ.2,อำนาจเจริญ,กฟส.ชำนุมำน,กฟส.ชำนุมำน,ชานุมาน,XS,N,114,,
,2568-10-01,2568-10-01,กฟส.,กฟฉ.2,อำนาจเจริญ,กฟส.ปทุมรำชวงศำ,กฟส.ปทุมรำชวงศำ,ปทุมราชวงศา,XS,N,114,,
,2568-10-01,2568-10-01,กฟส.,กฟฉ.2,อำนาจเจริญ,กฟส.พนำ,กฟส.พนำ,พนา,XS,N,114,,
,2568-10-01,2568-10-01,กฟส.,กฟฉ.2,อำนาจเจริญ,กฟส.ลืออำนำจ,กฟส.ลืออำนำจ,ลืออานาจ,XS,N,114,,
,2568-10-01,2568-10-01,กฟส.,กฟฉ.2,อำนาจเจริญ,กฟส.หัวตะพำน,กฟส.หัวตะพำน,หัวตะพาน,XS,N,114,,
,2568-10-01,2568-10-01,กฟส.,กฟฉ.2,อำนาจเจริญ,กฟส.เมืองอำนำจเจริญ,กฟส.เมืองอำนำจเจริญ,เมืองอานาจเจริญ,M,N,112,,
,2568-10-01,2568-10-01,กฟส.,กฟฉ.2,อำนาจเจริญ,กฟส.เลิงนกทำ,กฟส.เลิงนกทำ,เลิงนกทา,S,N,113,,
,2568-10-01,2568-10-01,กฟส.,กฟฉ.2,อำนาจเจริญ,กฟส.เสนำงคนิคม,กฟส.เสนำงคนิคม,เสนางคนิคม,XS,N,114,,
,2568-10-01,2568-10-01,กฟส.,กฟฉ.2,อุบลราชธานี,กฟส.กุดข้าวปุ้น,กฟส.กุดข้าวปุ้น,กุดข้าวปุ้น,XS,N,114,,
,2568-10-01,2568-10-01,กฟส.,กฟฉ.2,อุบลราชธานี,กฟส.ตระกำรพืชผล,กฟส.ตระกำรพืชผล,ตระการพืชผล,M,N,112,,
,2568-10-01,2568-10-01,กฟส.,กฟฉ.2,อุบลราชธานี,กฟส.ตำลสุม,กฟส.ตำลสุม,ตาลสุม,XS,N,114,,
,2568-10-01,2568-10-01,กฟส.,กฟฉ.2,อุบลราชธานี,กฟส.ทุ่งศรีอุดม,กฟส.ทุ่งศรีอุดม,ทุ่งศรีอุดม,XS,N,114,,
,2568-10-01,2568-10-01,กฟส.,กฟฉ.2,อุบลราชธานี,กฟส.นำจะหลวย,กฟส.นำจะหลวย,นาจะหลวย,XS,N,114,,
,2568-10-01,2568-10-01,กฟส.,กฟฉ.2,อุบลราชธานี,กฟส.นำเยีย,กฟส.นำเยีย,นาเยีย,XS,N,114,,
,2568-10-01,2568-10-01,กฟส.,กฟฉ.2,อุบลราชธานี,กฟส.น้ำขุ่น,กฟส.น้ำขุ่น,น้าขุ่น,XS,N,114,,
,2568-10-01,2568-10-01,กฟส.,กฟฉ.2,อุบลราชธานี,กฟส.น้ำยืน,กฟส.น้ำยืน,น้ายืน,S,N,113,,
,2568-10-01,2568-10-01,กฟส.,กฟฉ.2,อุบลราชธานี,กฟส.บุณฑริก,กฟส.บุณฑริก,บุณฑริก,S,N,113,,
,2568-10-01,2568-10-01,กฟส.,กฟฉ.2,อุบลราชธานี,กฟส.บ้านกอก,กฟส.บ้านกอก,บ้านกอก,XS,N,114,,
,2568-10-01,2568-10-01,กฟส.,กฟฉ.2,อุบลราชธานี,กฟส.พิบูลมังสำหำร,กฟส.พิบูลมังสำหำร,พิบูลมังสาหาร,S,N,113,,
,2568-10-01,2568-10-01,กฟส.,กฟฉ.2,อุบลราชธานี,กฟส.ม่วงสามสิบ,กฟส.ม่วงสามสิบ,ม่วงสามสิบ,S,N,113,,
,2568-10-01,2568-10-01,กฟส.,กฟฉ.2,อุบลราชธานี,กฟส.วำรินชำรำบ,กฟส.วำรินชำรำบ,วารินชาราบ,M,N,112,,
,2568-10-01,2568-10-01,กฟส.,กฟฉ.2,อุบลราชธานี,กฟส.ศรีเมืองใหม่,กฟส.ศรีเมืองใหม่,ศรีเมืองใหม่,XS,N,114,,
,2568-10-01,2568-10-01,กฟส.,กฟฉ.2,อุบลราชธานี,กฟส.สว่างวีระวงศ์,กฟส.สว่างวีระวงศ์,สว่างวีระวงศ์,XS,N,114,,
,2568-10-01,2568-10-01,กฟส.,กฟฉ.2,อุบลราชธานี,กฟส.สำโรง,กฟส.สำโรง,สาโรง,XS,N,114,,
,2568-10-01,2568-10-01,กฟส.,กฟฉ.2,อุบลราชธานี,กฟส.สิรินธร,กฟส.สิรินธร,สิรินธร,XS,N,114,,
,2568-10-01,2568-10-01,กฟส.,กฟฉ.2,อุบลราชธานี,กฟส.ห้วยขะยุง,กฟส.ห้วยขะยุง,ห้วยขะยุง,XS,N,114,,
,2568-10-01,2568-10-01,กฟส.,กฟฉ.2,อุบลราชธานี,กฟส.เขมรำฐ,กฟส.เขมรำฐ,เขมราฐ,S,N,113,,
,2568-10-01,2568-10-01,กฟส.,กฟฉ.2,อุบลราชธานี,กฟส.เขื่องใน,กฟส.เขื่องใน,เขื่องใน,S,N,113,,
,2568-10-01,2568-10-01,กฟส.,กฟฉ.2,อุบลราชธานี,กฟส.เดชอุดม,กฟส.เดชอุดม,เดชอุดม,L,N,111,,
,2568-10-01,2568-10-01,กฟส.,กฟฉ.2,อุบลราชธานี,กฟส.เมืองอุบลรำชธำนี,กฟส.เมืองอุบลรำชธำนี,เมืองอุบลราชธานี,L,N,111,,
,2568-10-01,2568-10-01,กฟส.,กฟฉ.2,อุบลราชธานี,กฟส.โขงเจียม,กฟส.โขงเจียม,โขงเจียม,XS,N,114,,
,2568-10-01,2568-10-01,กฟส.,กฟฉ.2,อุบลราชธานี,กฟส.โพธิไทร,กฟส.โพธิไทร,โพธิไทร,XS,N,114,,
,2568-10-01,2568-10-01,กฟส.,กฟฉ.3,ชัยภูมิ,กฟส.คอนสวรรค์,กฟส.คอนสวรรค์,คอนสวรรค์,XS,N,114,,
,2568-10-01,2568-10-01,กฟส.,กฟฉ.3,ชัยภูมิ,กฟส.คอนสำร,กฟส.คอนสำร,คอนสาร,XS,N,114,,
,2568-10-01,2568-10-01,กฟส.,กฟฉ.3,ชัยภูมิ,กฟส.จัตุรัส,กฟส.จัตุรัส,จัตุรัส,S,N,113,,
,2568-10-01,2568-10-01,กฟส.,กฟฉ.3,ชัยภูมิ,กฟส.บำเหน็จณรงค์,กฟส.บำเหน็จณรงค์,บาเหน็จณรงค์,S,N,113,,
,2568-10-01,2568-10-01,กฟส.,กฟฉ.3,ชัยภูมิ,กฟส.บ้านเขว้า,กฟส.บ้านเขว้า,บ้านเขว้า,XS,N,114,,
,2568-10-01,2568-10-01,กฟส.,กฟฉ.3,ชัยภูมิ,กฟส.บ้านแท่น,กฟส.บ้านแท่น,บ้านแท่น,XS,N,114,,
,2568-10-01,2568-10-01,กฟส.,กฟฉ.3,ชัยภูมิ,กฟส.ภักดีชุมพล,กฟส.ภักดีชุมพล,ภักดีชุมพล,XS,N,114,,
,2568-10-01,2568-10-01,กฟส.,กฟฉ.3,ชัยภูมิ,กฟส.ภูเขียว,กฟส.ภูเขียว,ภูเขียว,M,N,112,,
,2568-10-01,2568-10-01,กฟส.,กฟฉ.3,ชัยภูมิ,กฟส.หนองบัวระเหว,กฟส.หนองบัวระเหว,หนองบัวระเหว,XS,N,114,,
,2568-10-01,2568-10-01,กฟส.,กฟฉ.3,ชัยภูมิ,กฟส.หนองบัวแดง,กฟส.หนองบัวแดง,หนองบัวแดง,S,N,113,,
,2568-10-01,2568-10-01,กฟส.,กฟฉ.3,ชัยภูมิ,กฟส.เกษตรสมบูรณ์,กฟส.เกษตรสมบูรณ์,เกษตรสมบูรณ์,S,N,113,,
,2568-10-01,2568-10-01,กฟส.,กฟฉ.3,ชัยภูมิ,กฟส.เทพสถิต,กฟส.เทพสถิต,เทพสถิต,XS,N,114,,
,2568-10-01,2568-10-01,กฟส.,กฟฉ.3,ชัยภูมิ,กฟส.เนินสง่า,กฟส.เนินสง่า,เนินสง่า,XS,N,114,,
,2568-10-01,2568-10-01,กฟส.,กฟฉ.3,ชัยภูมิ,กฟส.เมืองชัยภูมิ,กฟส.เมืองชัยภูมิ,เมืองชัยภูมิ,L,N,111,,
,2568-10-01,2568-10-01,กฟส.,กฟฉ.3,ชัยภูมิ,กฟส.แก้งคร้อ,กฟส.แก้งคร้อ,แก้งคร้อ,S,N,113,,
,2568-10-01,2568-10-01,กฟส.,กฟฉ.3,นครราชสีมา,กฟส.กลำงดง,กฟส.กลำงดง,กลางดง,XS,N,114,,
,2568-10-01,2568-10-01,กฟส.,กฟฉ.3,นครราชสีมา,กฟส.ขำมทะเลสอ,กฟส.ขำมทะเลสอ,ขามทะเลสอ,XS,N,114,,
,2568-10-01,2568-10-01,กฟส.,กฟฉ.3,นครราชสีมา,กฟส.ขำมสะแกแสง,กฟส.ขำมสะแกแสง,ขามสะแกแสง,XS,N,114,,
,2568-10-01,2568-10-01,กฟส.,กฟฉ.3,นครราชสีมา,กฟส.คง,กฟส.คง,คง,S,N,113,,
,2568-10-01,2568-10-01,กฟส.,กฟฉ.3,นครราชสีมา,กฟส.ครบุรี,กฟส.ครบุรี,ครบุรี,S,N,113,,
,2568-10-01,2568-10-01,กฟส.,กฟฉ.3,นครราชสีมา,กฟส.คลองม่วง,กฟส.คลองม่วง,คลองม่วง,XS,N,114,,
,2568-10-01,2568-10-01,กฟส.,กฟฉ.3,นครราชสีมา,กฟส.จอหอ,กฟส.จอหอ,จอหอ,S,N,113,,
,2568-10-01,2568-10-01,กฟส.,กฟฉ.3,นครราชสีมา,กฟส.จักรำช,กฟส.จักรำช,จักราช,S,N,113,,
,2568-10-01,2568-10-01,กฟส.,กฟฉ.3,นครราชสีมา,กฟส.ชุมพวง,กฟส.ชุมพวง,ชุมพวง,S,N,113,,
,2568-10-01,2568-10-01,กฟส.,กฟฉ.3,นครราชสีมา,กฟส.ด่านขุนทด,กฟส.ด่านขุนทด,ด่านขุนทด,S,N,113,,
,2568-10-01,2568-10-01,กฟส.,กฟฉ.3,นครราชสีมา,กฟส.บัวลำย,กฟส.บัวลำย,บัวลาย,XS,N,114,,
,2568-10-01,2568-10-01,กฟส.,กฟฉ.3,นครราชสีมา,กฟส.บัวใหญ่,กฟส.บัวใหญ่,บัวใหญ่,M,N,112,,
,2568-10-01,2568-10-01,กฟส.,กฟฉ.3,นครราชสีมา,กฟส.บ้านเหลื่อม,กฟส.บ้านเหลื่อม,บ้านเหลื่อม,XS,N,114,,
,2568-10-01,2568-10-01,กฟส.,กฟฉ.3,นครราชสีมา,กฟส.ประทำย,กฟส.ประทำย,ประทาย,S,N,113,,
,2568-10-01,2568-10-01,กฟส.,กฟฉ.3,นครราชสีมา,กฟส.ปักธงชัย,กฟส.ปักธงชัย,ปักธงชัย,M,N,112,,
,2568-10-01,2568-10-01,กฟส.,กฟฉ.3,นครราชสีมา,กฟส.ปากช่อง,กฟส.ปากช่อง,ปากช่อง,L,N,111,,
,2568-10-01,2568-10-01,กฟส.,กฟฉ.3,นครราชสีมา,กฟส.พระทองคำ,กฟส.พระทองคำ,พระทองคา,XS,N,114,,
,2568-10-01,2568-10-01,กฟส.,กฟฉ.3,นครราชสีมา,กฟส.พิมำย,กฟส.พิมำย,พิมาย,M,N,112,,
,2568-10-01,2568-10-01,กฟส.,กฟฉ.3,นครราชสีมา,กฟส.วังน้ำเขียว,กฟส.วังน้ำเขียว,วังน้าเขียว,S,N,113,,
,2568-10-01,2568-10-01,กฟส.,กฟฉ.3,นครราชสีมา,กฟส.สีคิ้ว,กฟส.สีคิ้ว,สีคิ้ว,M,N,112,,
,2568-10-01,2568-10-01,กฟส.,กฟฉ.3,นครราชสีมา,กฟส.สูงเนิน,กฟส.สูงเนิน,สูงเนิน,S,N,113,,
,2568-10-01,2568-10-01,กฟส.,กฟฉ.3,นครราชสีมา,กฟส.หนองบุญมำก,กฟส.หนองบุญมำก,หนองบุญมาก,S,N,113,,
,2568-10-01,2568-10-01,กฟส.,กฟฉ.3,นครราชสีมา,กฟส.หมูสี,กฟส.หมูสี,หมูสี,S,N,113,,
,2568-10-01,2568-10-01,กฟส.,กฟฉ.3,นครราชสีมา,กฟส.ห้วยบง,กฟส.ห้วยบง,ห้วยบง,XS,N,114,,
,2568-10-01,2568-10-01,กฟส.,กฟฉ.3,นครราชสีมา,กฟส.ห้วยแถลง,กฟส.ห้วยแถลง,ห้วยแถลง,XS,N,114,,
,2568-10-01,2568-10-01,กฟส.,กฟฉ.3,นครราชสีมา,กฟส.เฉลิมพระเกียรติ,กฟส.เฉลิมพระเกียรติ,เฉลิมพระเกียรติ,XS,N,114,,
,2568-10-01,2568-10-01,กฟส.,กฟฉ.3,นครราชสีมา,กฟส.เทพารักษ์,กฟส.เทพารักษ์,เทพารักษ์,XS,N,114,,
,2568-10-01,2568-10-01,กฟส.,กฟฉ.3,นครราชสีมา,กฟส.เมืองนครรำชสีมำ,กฟส.เมืองนครรำชสีมำ,เมืองนครราชสีมา,L,N,111,,
,2568-10-01,2568-10-01,กฟส.,กฟฉ.3,นครราชสีมา,กฟส.เมืองนครรำชสีมำ2(หัวทะเล),กฟส.เมืองนครรำชสีมำ2(หัวทะเล),เมืองนครราชสีมา2(หัวทะเล),M,N,112,,
,2568-10-01,2568-10-01,กฟส.,กฟฉ.3,นครราชสีมา,กฟส.เมืองนครรำชสีมำ3(สุรนำรี),กฟส.เมืองนครรำชสีมำ3(สุรนำรี),เมืองนครราชสีมา3(สุรนารี),M,N,112,,
,2568-10-01,2568-10-01,กฟส.,กฟฉ.3,นครราชสีมา,กฟส.เมืองยำง,กฟส.เมืองยำง,เมืองยาง,XS,N,114,,
,2568-10-01,2568-10-01,กฟส.,กฟฉ.3,นครราชสีมา,กฟส.เสิงสำง,กฟส.เสิงสำง,เสิงสาง,S,N,113,,
,2568-10-01,2568-10-01,กฟส.,กฟฉ.3,นครราชสีมา,กฟส.แก้งสนามนำง,กฟส.แก้งสนามนำง,แก้งสนามนาง,XS,N,114,,
,2568-10-01,2568-10-01,กฟส.,กฟฉ.3,นครราชสีมา,กฟส.โชคชัย,กฟส.โชคชัย,โชคชัย,M,N,112,,
,2568-10-01,2568-10-01,กฟส.,กฟฉ.3,นครราชสีมา,กฟส.โนนสูง,กฟส.โนนสูง,โนนสูง,S,N,113,,
,2568-10-01,2568-10-01,กฟส.,กฟฉ.3,นครราชสีมา,กฟส.โนนแดง,กฟส.โนนแดง,โนนแดง,XS,N,114,,
,2568-10-01,2568-10-01,กฟส.,กฟฉ.3,นครราชสีมา,กฟส.โนนไทย,กฟส.โนนไทย,โนนไทย,S,N,113,,
,2568-10-01,2568-10-01,กฟส.,กฟฉ.3,บุรีรัมย์,กฟส.กระสัง,กฟส.กระสัง,กระสัง,S,N,113,,
,2568-10-01,2568-10-01,กฟส.,กฟฉ.3,บุรีรัมย์,กฟส.คูเมือง,กฟส.คูเมือง,คูเมือง,S,N,113,,
,2568-10-01,2568-10-01,กฟส.,กฟฉ.3,บุรีรัมย์,กฟส.นำงรอง,กฟส.นำงรอง,นางรอง,L,N,111,,
,2568-10-01,2568-10-01,กฟส.,กฟฉ.3,บุรีรัมย์,กฟส.นำโพธิ,กฟส.นำโพธิ,นาโพธิ,XS,N,114,,
,2568-10-01,2568-10-01,กฟส.,กฟฉ.3,บุรีรัมย์,กฟส.บ้านกรวด,กฟส.บ้านกรวด,บ้านกรวด,S,N,113,,
,2568-10-01,2568-10-01,กฟส.,กฟฉ.3,บุรีรัมย์,กฟส.บ้านใหม่ไชยพจน์,กฟส.บ้านใหม่ไชยพจน์,บ้านใหม่ไชยพจน์,XS,N,114,,
,2568-10-01,2568-10-01,กฟส.,กฟฉ.3,บุรีรัมย์,กฟส.ประโคนชัย,กฟส.ประโคนชัย,ประโคนชัย,S,N,113,,
,2568-10-01,2568-10-01,กฟส.,กฟฉ.3,บุรีรัมย์,กฟส.ปะคำ,กฟส.ปะคำ,ปะคา,XS,N,114,,
,2568-10-01,2568-10-01,กฟส.,กฟฉ.3,บุรีรัมย์,กฟส.พลับพลำชัย,กฟส.พลับพลำชัย,พลับพลาชัย,XS,N,114,,
,2568-10-01,2568-10-01,กฟส.,กฟฉ.3,บุรีรัมย์,กฟส.พุทไธสง,กฟส.พุทไธสง,พุทไธสง,S,N,113,,
,2568-10-01,2568-10-01,กฟส.,กฟฉ.3,บุรีรัมย์,กฟส.ละหำนทรำย,กฟส.ละหำนทรำย,ละหานทราย,S,N,113,,
,2568-10-01,2568-10-01,กฟส.,กฟฉ.3,บุรีรัมย์,กฟส.ลำปลำยมำศ,กฟส.ลำปลำยมำศ,ลาปลายมาศ,S,N,113,,
,2568-10-01,2568-10-01,กฟส.,กฟฉ.3,บุรีรัมย์,กฟส.สตึก,กฟส.สตึก,สตึก,S,N,113,,
,2568-10-01,2568-10-01,กฟส.,กฟฉ.3,บุรีรัมย์,กฟส.หนองกี่,กฟส.หนองกี่,หนองกี่,S,N,113,,
,2568-10-01,2568-10-01,กฟส.,กฟฉ.3,บุรีรัมย์,กฟส.หนองหงส์,กฟส.หนองหงส์,หนองหงส์,XS,N,114,,
,2568-10-01,2568-10-01,กฟส.,กฟฉ.3,บุรีรัมย์,กฟส.เมืองบุรีรัมย์,กฟส.เมืองบุรีรัมย์,เมืองบุรีรัมย์,L,N,111,,
,2568-10-01,2568-10-01,กฟส.,กฟฉ.3,บุรีรัมย์,กฟส.แคนดง,กฟส.แคนดง,แคนดง,XS,N,114,,
,2568-10-01,2568-10-01,กฟส.,กฟฉ.3,บุรีรัมย์,กฟส.โนนดินแดง,กฟส.โนนดินแดง,โนนดินแดง,XS,N,114,,
,2568-10-01,2568-10-01,กฟส.,กฟฉ.3,สุรินทร์,กฟส.กำบเชิง,กฟส.กำบเชิง,กาบเชิง,XS,N,114,,
,2568-10-01,2568-10-01,กฟส.,กฟฉ.3,สุรินทร์,กฟส.จอมพระ,กฟส.จอมพระ,จอมพระ,XS,N,114,,
,2568-10-01,2568-10-01,กฟส.,กฟฉ.3,สุรินทร์,กฟส.ชุมพลบุรี,กฟส.ชุมพลบุรี,ชุมพลบุรี,XS,N,114,,
,2568-10-01,2568-10-01,กฟส.,กฟฉ.3,สุรินทร์,กฟส.ท่าตูม,กฟส.ท่าตูม,ท่าตูม,S,N,113,,
,2568-10-01,2568-10-01,กฟส.,กฟฉ.3,สุรินทร์,กฟส.บัวเชด,กฟส.บัวเชด,บัวเชด,XS,N,114,,
,2568-10-01,2568-10-01,กฟส.,กฟฉ.3,สุรินทร์,กฟส.ปรำสำท,กฟส.ปรำสำท,ปราสาท,M,N,112,,
,2568-10-01,2568-10-01,กฟส.,กฟฉ.3,สุรินทร์,กฟส.พนมดงรัก,กฟส.พนมดงรัก,พนมดงรัก,XS,N,114,,
,2568-10-01,2568-10-01,กฟส.,กฟฉ.3,สุรินทร์,กฟส.รัตนบุรี,กฟส.รัตนบุรี,รัตนบุรี,S,N,113,,
,2568-10-01,2568-10-01,กฟส.,กฟฉ.3,สุรินทร์,กฟส.ลำดวน,กฟส.ลำดวน,ลาดวน,XS,N,114,,
,2568-10-01,2568-10-01,กฟส.,กฟฉ.3,สุรินทร์,กฟส.ศรีณรงค์,กฟส.ศรีณรงค์,ศรีณรงค์,XS,N,114,,
,2568-10-01,2568-10-01,กฟส.,กฟฉ.3,สุรินทร์,กฟส.ศีขรภูมิ,กฟส.ศีขรภูมิ,ศีขรภูมิ,S,N,113,,
,2568-10-01,2568-10-01,กฟส.,กฟฉ.3,สุรินทร์,กฟส.สนม,กฟส.สนม,สนม,XS,N,114,,
,2568-10-01,2568-10-01,กฟส.,กฟฉ.3,สุรินทร์,กฟส.สังขะ,กฟส.สังขะ,สังขะ,S,N,113,,
,2568-10-01,2568-10-01,กฟส.,กฟฉ.3,สุรินทร์,กฟส.สำโรงทำบ,กฟส.สำโรงทำบ,สาโรงทาบ,XS,N,114,,
,2568-10-01,2568-10-01,กฟส.,กฟฉ.3,สุรินทร์,กฟส.เมืองสุรินทร์,กฟส.เมืองสุรินทร์,เมืองสุรินทร์,L,N,111,,
,2568-10-01,2568-10-01,กฟส.,กฟฉ.3,สุรินทร์,กฟส.โนนนารายณ์,กฟส.โนนนารายณ์,โนนนารายณ์,XS,N,114,,
,2568-10-01,2568-10-01,กฟส.,กฟต.1,ชุมพร,กฟส.ดอนยำง,กฟส.ดอนยำง,ดอนยาง,XS,N,114,,
,2568-10-01,2568-10-01,กฟส.,กฟต.1,ชุมพร,กฟส.ทุ่งตะโก,กฟส.ทุ่งตะโก,ทุ่งตะโก,XS,N,114,,
,2568-10-01,2568-10-01,กฟส.,กฟต.1,ชุมพร,กฟส.ท่าแซะ,กฟส.ท่าแซะ,ท่าแซะ,M,N,112,,
,2568-10-01,2568-10-01,กฟส.,กฟต.1,ชุมพร,กฟส.ปะทิว,กฟส.ปะทิว,ปะทิว,XS,N,114,,
,2568-10-01,2568-10-01,กฟส.,กฟต.1,ชุมพร,กฟส.ปำกน้ำชุมพร,กฟส.ปำกน้ำชุมพร,ปากน้าชุมพร,S,N,113,,
,2568-10-01,2568-10-01,กฟส.,กฟต.1,ชุมพร,กฟส.ปำกน้ำหลังสวน,กฟส.ปำกน้ำหลังสวน,ปากน้าหลังสวน,XS,N,114,,
,2568-10-01,2568-10-01,กฟส.,กฟต.1,ชุมพร,กฟส.พะโต๊ะ,กฟส.พะโต๊ะ,พะโต๊ะ,XS,N,114,,
,2568-10-01,2568-10-01,กฟส.,กฟต.1,ชุมพร,กฟส.ละแม,กฟส.ละแม,ละแม,XS,N,114,,
,2568-10-01,2568-10-01,กฟส.,กฟต.1,ชุมพร,กฟส.สวี,กฟส.สวี,สวี,S,N,113,,
,2568-10-01,2568-10-01,กฟส.,กฟต.1,ชุมพร,กฟส.หลังสวน,กฟส.หลังสวน,หลังสวน,M,N,112,,
,2568-10-01,2568-10-01,กฟส.,กฟต.1,ชุมพร,กฟส.เมืองชุมพร,กฟส.เมืองชุมพร,เมืองชุมพร,L,N,111,,
,2568-10-01,2568-10-01,กฟส.,กฟต.1,ประจวบคีรีขันธ์,กฟส.กุยบุรี,กฟส.กุยบุรี,กุยบุรี,S,N,113,,
,2568-10-01,2568-10-01,กฟส.,กฟต.1,ประจวบคีรีขันธ์,กฟส.ทับสะแก,กฟส.ทับสะแก,ทับสะแก,S,N,113,,
,2568-10-01,2568-10-01,กฟส.,กฟต.1,ประจวบคีรีขันธ์,กฟส.นิคมสร้างตนเองตำบลอ่าวน้อย,กฟส.นิคมสร้างตนเองตำบลอ่าวน้อย,นิคมสร้างตนเองตาบลอ่าวน้อย,XS,N,114,,
,2568-10-01,2568-10-01,กฟส.,กฟต.1,ประจวบคีรีขันธ์,กฟส.บำงสะพำน,กฟส.บำงสะพำน,บางสะพาน,M,N,112,,
,2568-10-01,2568-10-01,กฟส.,กฟต.1,ประจวบคีรีขันธ์,กฟส.บางสะพานน้อย,กฟส.บางสะพานน้อย,บางสะพานน้อย,XS,N,114,,
,2568-10-01,2568-10-01,กฟส.,กฟต.1,ประจวบคีรีขันธ์,กฟส.ปรำณบุรี,กฟส.ปรำณบุรี,ปราณบุรี,M,N,112,,
,2568-10-01,2568-10-01,กฟส.,กฟต.1,ประจวบคีรีขันธ์,กฟส.ปำกน้ำปรำณ,กฟส.ปำกน้ำปรำณ,ปากน้าปราณ,XS,N,114,,
,2568-10-01,2568-10-01,กฟส.,กฟต.1,ประจวบคีรีขันธ์,กฟส.สามร้อยยอด,กฟส.สามร้อยยอด,สามร้อยยอด,XS,N,114,,
,2568-10-01,2568-10-01,กฟส.,กฟต.1,ประจวบคีรีขันธ์,กฟส.หนองพลับ,กฟส.หนองพลับ,หนองพลับ,XS,N,114,,
,2568-10-01,2568-10-01,กฟส.,กฟต.1,ประจวบคีรีขันธ์,กฟส.หัวหิน,กฟส.หัวหิน,หัวหิน,L,N,111,,
,2568-10-01,2568-10-01,กฟส.,กฟต.1,ประจวบคีรีขันธ์,กฟส.เมืองประจวบคีรีขันธ์,กฟส.เมืองประจวบคีรีขันธ์,เมืองประจวบคีรีขันธ์,M,N,112,,
,2568-10-01,2568-10-01,กฟส.,กฟต.1,ระนอง,กฟส.กระบุรี,กฟส.กระบุรี,กระบุรี,XS,N,114,,
,2568-10-01,2568-10-01,กฟส.,กฟต.1,ระนอง,กฟส.กะเปอร,กฟส.กะเปอร,กะเปอร,XS,N,114,,
,2568-10-01,2568-10-01,กฟส.,กฟต.1,ระนอง,กฟส.ละอุ่น,กฟส.ละอุ่น,ละอุ่น,XS,N,114,,
,2568-10-01,2568-10-01,กฟส.,กฟต.1,ระนอง,กฟส.สุขสำรำญ,กฟส.สุขสำรำญ,สุขสาราญ,XS,N,114,,
,2568-10-01,2568-10-01,กฟส.,กฟต.1,ระนอง,กฟส.เมืองระนอง,กฟส.เมืองระนอง,เมืองระนอง,M,N,112,,
,2568-10-01,2568-10-01,กฟส.,กฟต.1,ราชบุรี,กฟส.กรับใหญ่,กฟส.กรับใหญ่,กรับใหญ่,XS,N,114,,
,2568-10-01,2568-10-01,กฟส.,กฟต.1,ราชบุรี,กฟส.จอมบึง,กฟส.จอมบึง,จอมบึง,M,N,112,,
,2568-10-01,2568-10-01,กฟส.,กฟต.1,ราชบุรี,กฟส.ดอนไผ่,กฟส.ดอนไผ่,ดอนไผ่,S,N,113,,
,2568-10-01,2568-10-01,กฟส.,กฟต.1,ราชบุรี,กฟส.ดำเนินสะดวก,กฟส.ดำเนินสะดวก,ดาเนินสะดวก,S,N,113,,
,2568-10-01,2568-10-01,กฟส.,กฟต.1,ราชบุรี,กฟส.ด่านทับตะโก,กฟส.ด่านทับตะโก,ด่านทับตะโก,XS,N,114,,
,2568-10-01,2568-10-01,กฟส.,กฟต.1,ราชบุรี,กฟส.นางแก้ว,กฟส.นางแก้ว,นางแก้ว,XS,N,114,,
,2568-10-01,2568-10-01,กฟส.,กฟต.1,ราชบุรี,กฟส.บำงแพ,กฟส.บำงแพ,บางแพ,S,N,113,,
,2568-10-01,2568-10-01,กฟส.,กฟต.1,ราชบุรี,กฟส.บ้านคา,กฟส.บ้านคา,บ้านคา,XS,N,114,,
,2568-10-01,2568-10-01,กฟส.,กฟต.1,ราชบุรี,กฟส.บ้านโป่ง,กฟส.บ้านโป่ง,บ้านโป่ง,L,N,111,,
,2568-10-01,2568-10-01,กฟส.,กฟต.1,ราชบุรี,กฟส.ปากท่อ,กฟส.ปากท่อ,ปากท่อ,S,N,113,,
,2568-10-01,2568-10-01,กฟส.,กฟต.1,ราชบุรี,กฟส.วัดเพลง,กฟส.วัดเพลง,วัดเพลง,XS,N,114,,
,2568-10-01,2568-10-01,กฟส.,กฟต.1,ราชบุรี,กฟส.สวนผึ้ง,กฟส.สวนผึ้ง,สวนผึ้ง,S,N,113,,
,2568-10-01,2568-10-01,กฟส.,กฟต.1,ราชบุรี,กฟส.หนองปลำหมอ,กฟส.หนองปลำหมอ,หนองปลาหมอ,XS,N,114,,
,2568-10-01,2568-10-01,กฟส.,กฟต.1,ราชบุรี,กฟส.เมืองรำชบุรี,กฟส.เมืองรำชบุรี,เมืองราชบุรี,L,N,111,,
,2568-10-01,2568-10-01,กฟส.,กฟต.1,ราชบุรี,กฟส.โพธำรำม,กฟส.โพธำรำม,โพธาราม,L,N,111,,
,2568-10-01,2568-10-01,กฟส.,กฟต.1,สมุทรสงคราม,กฟส.บำงคนที,กฟส.บำงคนที,บางคนที,S,N,113,,
,2568-10-01,2568-10-01,กฟส.,กฟต.1,สมุทรสงคราม,กฟส.อัมพวำ,กฟส.อัมพวำ,อัมพวา,S,N,113,,
,2568-10-01,2568-10-01,กฟส.,กฟต.1,สมุทรสงคราม,กฟส.เมืองสมุทรสงครำม,กฟส.เมืองสมุทรสงครำม,เมืองสมุทรสงคราม,L,N,111,,
,2568-10-01,2568-10-01,กฟส.,กฟต.1,เพชรบุรี,กฟส.ชะอำ,กฟส.ชะอำ,ชะอา,L,N,111,,
,2568-10-01,2568-10-01,กฟส.,กฟต.1,เพชรบุรี,กฟส.ท่ายาง,กฟส.ท่ายาง,ท่ายาง,S,N,113,,
,2568-10-01,2568-10-01,กฟส.,กฟต.1,เพชรบุรี,กฟส.ท่าไม้รวก,กฟส.ท่าไม้รวก,ท่าไม้รวก,XS,N,114,,
,2568-10-01,2568-10-01,กฟส.,กฟต.1,เพชรบุรี,กฟส.บำงตะบูน,กฟส.บำงตะบูน,บางตะบูน,XS,N,114,,
,2568-10-01,2568-10-01,กฟส.,กฟต.1,เพชรบุรี,กฟส.บ้านลาด,กฟส.บ้านลาด,บ้านลาด,S,N,113,,
,2568-10-01,2568-10-01,กฟส.,กฟต.1,เพชรบุรี,กฟส.บ้านแหลม,กฟส.บ้านแหลม,บ้านแหลม,S,N,113,,
,2568-10-01,2568-10-01,กฟส.,กฟต.1,เพชรบุรี,กฟส.หนองหญ้าปล้อง,กฟส.หนองหญ้าปล้อง,หนองหญ้าปล้อง,XS,N,114,,
,2568-10-01,2568-10-01,กฟส.,กฟต.1,เพชรบุรี,กฟส.เขาย้อย,กฟส.เขาย้อย,เขาย้อย,S,N,113,,
,2568-10-01,2568-10-01,กฟส.,กฟต.1,เพชรบุรี,กฟส.เมืองเพชรบุรี,กฟส.เมืองเพชรบุรี,เมืองเพชรบุรี,L,N,111,,
,2568-10-01,2568-10-01,กฟส.,กฟต.1,เพชรบุรี,กฟส.แก่งกระจาน,กฟส.แก่งกระจาน,แก่งกระจาน,XS,N,114,,
,2568-10-01,2568-10-01,กฟส.,กฟต.2,กระบี่,กฟส.คลองท่อม,กฟส.คลองท่อม,คลองท่อม,S,N,113,,
,2568-10-01,2568-10-01,กฟส.,กฟต.2,กระบี่,กฟส.บ้านเกาะพีพี,กฟส.บ้านเกาะพีพี,บ้านเกาะพีพี,XS,N,114,,
,2568-10-01,2568-10-01,กฟส.,กฟต.2,กระบี่,กฟส.ปลำยพระยำ,กฟส.ปลำยพระยำ,ปลายพระยา,XS,N,114,,
,2568-10-01,2568-10-01,กฟส.,กฟต.2,กระบี่,กฟส.ลำทับ,กฟส.ลำทับ,ลาทับ,XS,N,114,,
,2568-10-01,2568-10-01,กฟส.,กฟต.2,กระบี่,กฟส.อ่าวนาง,กฟส.อ่าวนาง,อ่าวนาง,XS,N,114,,
,2568-10-01,2568-10-01,กฟส.,กฟต.2,กระบี่,กฟส.อ่าวลึก,กฟส.อ่าวลึก,อ่าวลึก,S,N,113,,
,2568-10-01,2568-10-01,กฟส.,กฟต.2,กระบี่,กฟส.เกำะลันตำ,กฟส.เกำะลันตำ,เกาะลันตา,S,N,113,,
,2568-10-01,2568-10-01,กฟส.,กฟต.2,กระบี่,กฟส.เขำพนม,กฟส.เขำพนม,เขาพนม,S,N,113,,
,2568-10-01,2568-10-01,กฟส.,กฟต.2,กระบี่,กฟส.เมืองกระบี่,กฟส.เมืองกระบี่,เมืองกระบี่,L,N,111,,
,2568-10-01,2568-10-01,กฟส.,กฟต.2,กระบี่,กฟส.เหนือคลอง,กฟส.เหนือคลอง,เหนือคลอง,S,N,113,,
,2568-10-01,2568-10-01,กฟส.,กฟต.2,ตรัง,กฟส.กันตัง,กฟส.กันตัง,กันตัง,S,N,113,,
,2568-10-01,2568-10-01,กฟส.,กฟต.2,ตรัง,กฟส.นำโยง,กฟส.นำโยง,นาโยง,XS,N,114,,
,2568-10-01,2568-10-01,กฟส.,กฟต.2,ตรัง,กฟส.ปะเหลียน,กฟส.ปะเหลียน,ปะเหลียน,S,N,113,,
,2568-10-01,2568-10-01,กฟส.,กฟต.2,ตรัง,กฟส.ย่านตาขาว,กฟส.ย่านตาขาว,ย่านตาขาว,S,N,113,,
,2568-10-01,2568-10-01,กฟส.,กฟต.2,ตรัง,กฟส.รัษฎำ,กฟส.รัษฎำ,รัษฎา,XS,N,114,,
,2568-10-01,2568-10-01,กฟส.,กฟต.2,ตรัง,กฟส.วังวิเศษ,กฟส.วังวิเศษ,วังวิเศษ,XS,N,114,,
,2568-10-01,2568-10-01,กฟส.,กฟต.2,ตรัง,กฟส.สิเกำ,กฟส.สิเกำ,สิเกา,XS,N,114,,
,2568-10-01,2568-10-01,กฟส.,กฟต.2,ตรัง,กฟส.หำดสำรำญ,กฟส.หำดสำรำญ,หาดสาราญ,XS,N,114,,
,2568-10-01,2568-10-01,กฟส.,กฟต.2,ตรัง,กฟส.ห้วยยอด,กฟส.ห้วยยอด,ห้วยยอด,M,N,112,,
,2568-10-01,2568-10-01,กฟส.,กฟต.2,ตรัง,กฟส.เกาะมุกด์,กฟส.เกาะมุกด์,เกาะมุกด์,XS,N,114,,
,2568-10-01,2568-10-01,กฟส.,กฟต.2,ตรัง,กฟส.เกำะลิบง,กฟส.เกำะลิบง,เกาะลิบง,XS,N,114,,
,2568-10-01,2568-10-01,กฟส.,กฟต.2,ตรัง,กฟส.เกำะสุกร,กฟส.เกำะสุกร,เกาะสุกร,XS,N,114,,
,2568-10-01,2568-10-01,กฟส.,กฟต.2,ตรัง,กฟส.เมืองตรัง,กฟส.เมืองตรัง,เมืองตรัง,L,N,111,,
,2568-10-01,2568-10-01,กฟส.,กฟต.2,นครศรีธรรมราช,กฟส.ขนอม,กฟส.ขนอม,ขนอม,S,N,113,,
,2568-10-01,2568-10-01,กฟส.,กฟต.2,นครศรีธรรมราช,กฟส.จุฬาภรณ์,กฟส.จุฬาภรณ์,จุฬาภรณ์,XS,N,114,,
,2568-10-01,2568-10-01,กฟส.,กฟต.2,นครศรีธรรมราช,กฟส.ฉวำง,กฟส.ฉวำง,ฉวาง,S,N,113,,
,2568-10-01,2568-10-01,กฟส.,กฟต.2,นครศรีธรรมราช,กฟส.ชะอวด,กฟส.ชะอวด,ชะอวด,S,N,113,,
,2568-10-01,2568-10-01,กฟส.,กฟต.2,นครศรีธรรมราช,กฟส.ช้างกลาง,กฟส.ช้างกลาง,ช้างกลาง,S,N,113,,
,2568-10-01,2568-10-01,กฟส.,กฟต.2,นครศรีธรรมราช,กฟส.ถ้ำพรรณรำ,กฟส.ถ้ำพรรณรำ,ถ้าพรรณรา,XS,N,114,,
,2568-10-01,2568-10-01,กฟส.,กฟต.2,นครศรีธรรมราช,กฟส.ทุ่งสง,กฟส.ทุ่งสง,ทุ่งสง,L,N,111,,
,2568-10-01,2568-10-01,กฟส.,กฟต.2,นครศรีธรรมราช,กฟส.ทุ่งใหญ่,กฟส.ทุ่งใหญ่,ทุ่งใหญ่,S,N,113,,
,2568-10-01,2568-10-01,กฟส.,กฟต.2,นครศรีธรรมราช,กฟส.ท่าศาลา,กฟส.ท่าศาลา,ท่าศาลา,M,N,112,,
,2568-10-01,2568-10-01,กฟส.,กฟต.2,นครศรีธรรมราช,กฟส.นบพิตำ,กฟส.นบพิตำ,นบพิตา,XS,N,114,,
,2568-10-01,2568-10-01,กฟส.,กฟต.2,นครศรีธรรมราช,กฟส.นำบอน,กฟส.นำบอน,นาบอน,XS,N,114,,
,2568-10-01,2568-10-01,กฟส.,กฟต.2,นครศรีธรรมราช,กฟส.บำงขัน,กฟส.บำงขัน,บางขัน,XS,N,114,,
,2568-10-01,2568-10-01,กฟส.,กฟต.2,นครศรีธรรมราช,กฟส.ปำกพนัง,กฟส.ปำกพนัง,ปากพนัง,M,N,112,,
,2568-10-01,2568-10-01,กฟส.,กฟต.2,นครศรีธรรมราช,กฟส.พรหมคีรี,กฟส.พรหมคีรี,พรหมคีรี,XS,N,114,,
,2568-10-01,2568-10-01,กฟส.,กฟต.2,นครศรีธรรมราช,กฟส.พระพรหม,กฟส.พระพรหม,พระพรหม,XS,N,114,,
,2568-10-01,2568-10-01,กฟส.,กฟต.2,นครศรีธรรมราช,กฟส.พิปูน,กฟส.พิปูน,พิปูน,XS,N,114,,
,2568-10-01,2568-10-01,กฟส.,กฟต.2,นครศรีธรรมราช,กฟส.ร่อนพิบูลย์,กฟส.ร่อนพิบูลย์,ร่อนพิบูลย์,S,N,113,,
,2568-10-01,2568-10-01,กฟส.,กฟต.2,นครศรีธรรมราช,กฟส.ลำนสกำ,กฟส.ลำนสกำ,ลานสกา,XS,N,114,,
,2568-10-01,2568-10-01,กฟส.,กฟต.2,นครศรีธรรมราช,กฟส.สิชล,กฟส.สิชล,สิชล,S,N,113,,
,2568-10-01,2568-10-01,กฟส.,กฟต.2,นครศรีธรรมราช,กฟส.หัวไทร,กฟส.หัวไทร,หัวไทร,S,N,113,,
,2568-10-01,2568-10-01,กฟส.,กฟต.2,นครศรีธรรมราช,กฟส.เฉลิมพระเกียรติ,กฟส.เฉลิมพระเกียรติ,เฉลิมพระเกียรติ,XS,N,114,,
,2568-10-01,2568-10-01,กฟส.,กฟต.2,นครศรีธรรมราช,กฟส.เชียรใหญ่,กฟส.เชียรใหญ่,เชียรใหญ่,XS,N,114,,
,2568-10-01,2568-10-01,กฟส.,กฟต.2,นครศรีธรรมราช,กฟส.เมืองนครศรีธรรมรำช,กฟส.เมืองนครศรีธรรมรำช,เมืองนครศรีธรรมราช,L,N,111,,
,2568-10-01,2568-10-01,กฟส.,กฟต.2,พังงา,กฟส.กะปง,กฟส.กะปง,กะปง,XS,N,114,,
,2568-10-01,2568-10-01,กฟส.,กฟต.2,พังงา,กฟส.คุระบุรี,กฟส.คุระบุรี,คุระบุรี,XS,N,114,,
,2568-10-01,2568-10-01,กฟส.,กฟต.2,พังงา,กฟส.ตะกั่วทุ่ง,กฟส.ตะกั่วทุ่ง,ตะกั่วทุ่ง,S,N,113,,
,2568-10-01,2568-10-01,กฟส.,กฟต.2,พังงา,กฟส.ตะกั่วป่า,กฟส.ตะกั่วป่า,ตะกั่วป่า,M,N,112,,
,2568-10-01,2568-10-01,กฟส.,กฟต.2,พังงา,กฟส.ทับปุด,กฟส.ทับปุด,ทับปุด,XS,N,114,,
,2568-10-01,2568-10-01,กฟส.,กฟต.2,พังงา,กฟส.ท้ายเหมือง,กฟส.ท้ายเหมือง,ท้ายเหมือง,S,N,113,,
,2568-10-01,2568-10-01,กฟส.,กฟต.2,พังงา,กฟส.บ้านเขาหลัก,กฟส.บ้านเขาหลัก,บ้านเขาหลัก,XS,N,114,,
,2568-10-01,2568-10-01,กฟส.,กฟต.2,พังงา,กฟส.เมืองพังงำ,กฟส.เมืองพังงำ,เมืองพังงา,M,N,112,,
,2568-10-01,2568-10-01,กฟส.,กฟต.2,ภูเก็ต,กฟส.ฉลอง,กฟส.ฉลอง,ฉลอง,S,N,113,,
,2568-10-01,2568-10-01,กฟส.,กฟต.2,ภูเก็ต,กฟส.ถลำง,กฟส.ถลำง,ถลาง,L,N,111,,
,2568-10-01,2568-10-01,กฟส.,กฟต.2,ภูเก็ต,กฟส.ป่าตอง,กฟส.ป่าตอง,ป่าตอง,L,N,111,,
,2568-10-01,2568-10-01,กฟส.,กฟต.2,ภูเก็ต,กฟส.เกำะยำว,กฟส.เกำะยำว,เกาะยาว,XS,N,114,,
,2568-10-01,2568-10-01,กฟส.,กฟต.2,ภูเก็ต,กฟส.เมืองภูเก็ต,กฟส.เมืองภูเก็ต,เมืองภูเก็ต,L,N,111,,
,2568-10-01,2568-10-01,กฟส.,กฟต.2,สุราษฎร์ธานี,กฟส.กาญจนดิษฐ์,กฟส.กาญจนดิษฐ์,กาญจนดิษฐ์,M,N,112,,
,2568-10-01,2568-10-01,กฟส.,กฟต.2,สุราษฎร์ธานี,กฟส.คีรีรัฐนิคม,กฟส.คีรีรัฐนิคม,คีรีรัฐนิคม,S,N,113,,
,2568-10-01,2568-10-01,กฟส.,กฟต.2,สุราษฎร์ธานี,กฟส.ชัยบุรี,กฟส.ชัยบุรี,ชัยบุรี,XS,N,114,,
,2568-10-01,2568-10-01,กฟส.,กฟต.2,สุราษฎร์ธานี,กฟส.ดอนสัก,กฟส.ดอนสัก,ดอนสัก,XS,N,114,,
,2568-10-01,2568-10-01,กฟส.,กฟต.2,สุราษฎร์ธานี,กฟส.ท่าฉาง,กฟส.ท่าฉาง,ท่าฉาง,XS,N,114,,
,2568-10-01,2568-10-01,กฟส.,กฟต.2,สุราษฎร์ธานี,กฟส.ท่าชนะ,กฟส.ท่าชนะ,ท่าชนะ,S,N,113,,
,2568-10-01,2568-10-01,กฟส.,กฟต.2,สุราษฎร์ธานี,กฟส.บ้านตาขุน,กฟส.บ้านตาขุน,บ้านตาขุน,S,N,113,,
,2568-10-01,2568-10-01,กฟส.,กฟต.2,สุราษฎร์ธานี,กฟส.บ้านนาสาร,กฟส.บ้านนาสาร,บ้านนาสาร,S,N,113,,
,2568-10-01,2568-10-01,กฟส.,กฟต.2,สุราษฎร์ธานี,กฟส.บ้านนาเดิม,กฟส.บ้านนาเดิม,บ้านนาเดิม,XS,N,114,,
,2568-10-01,2568-10-01,กฟส.,กฟต.2,สุราษฎร์ธานี,กฟส.พนม,กฟส.พนม,พนม,XS,N,114,,
,2568-10-01,2568-10-01,กฟส.,กฟต.2,สุราษฎร์ธานี,กฟส.พระแสง,กฟส.พระแสง,พระแสง,S,N,113,,
,2568-10-01,2568-10-01,กฟส.,กฟต.2,สุราษฎร์ธานี,กฟส.พุนพิน,กฟส.พุนพิน,พุนพิน,L,N,111,,
,2568-10-01,2568-10-01,กฟส.,กฟต.2,สุราษฎร์ธานี,กฟส.วิภำวดี,กฟส.วิภำวดี,วิภาวดี,XS,N,114,,
,2568-10-01,2568-10-01,กฟส.,กฟต.2,สุราษฎร์ธานี,กฟส.เกำะพะงัน,กฟส.เกำะพะงัน,เกาะพะงัน,S,N,113,,
,2568-10-01,2568-10-01,กฟส.,กฟต.2,สุราษฎร์ธานี,กฟส.เกำะสมุย,กฟส.เกำะสมุย,เกาะสมุย,L,N,111,,
,2568-10-01,2568-10-01,กฟส.,กฟต.2,สุราษฎร์ธานี,กฟส.เกาะเต่า,กฟส.เกาะเต่า,เกาะเต่า,XS,N,114,,
,2568-10-01,2568-10-01,กฟส.,กฟต.2,สุราษฎร์ธานี,กฟส.เคียนซำ,กฟส.เคียนซำ,เคียนซา,XS,N,114,,
,2568-10-01,2568-10-01,กฟส.,กฟต.2,สุราษฎร์ธานี,กฟส.เมืองสุราษฎร์ธานี,กฟส.เมืองสุราษฎร์ธานี,เมืองสุราษฎร์ธานี,L,N,111,,
,2568-10-01,2568-10-01,กฟส.,กฟต.2,สุราษฎร์ธานี,กฟส.เวียงสระ,กฟส.เวียงสระ,เวียงสระ,M,N,112,,
,2568-10-01,2568-10-01,กฟส.,กฟต.2,สุราษฎร์ธานี,กฟส.ไชยำ,กฟส.ไชยำ,ไชยา,S,N,113,,
,2568-10-01,2568-10-01,กฟส.,กฟต.3,นราธิวาส,กฟส.จะแนะ,กฟส.จะแนะ,จะแนะ,XS,N,114,,
,2568-10-01,2568-10-01,กฟส.,กฟต.3,นราธิวาส,กฟส.ตำกใบ,กฟส.ตำกใบ,ตากใบ,S,N,113,,
,2568-10-01,2568-10-01,กฟส.,กฟต.3,นราธิวาส,กฟส.บำเจำะ,กฟส.บำเจำะ,บาเจาะ,XS,N,114,,
,2568-10-01,2568-10-01,กฟส.,กฟต.3,นราธิวาส,กฟส.ยี่งอ,กฟส.ยี่งอ,ยี่งอ,XS,N,114,,
,2568-10-01,2568-10-01,กฟส.,กฟต.3,นราธิวาส,กฟส.ระแงะ,กฟส.ระแงะ,ระแงะ,S,N,113,,
,2568-10-01,2568-10-01,กฟส.,กฟต.3,นราธิวาส,กฟส.รือเสำะ,กฟส.รือเสำะ,รือเสาะ,S,N,113,,
,2568-10-01,2568-10-01,กฟส.,กฟต.3,นราธิวาส,กฟส.ศรีสำคร,กฟส.ศรีสำคร,ศรีสาคร,XS,N,114,,
,2568-10-01,2568-10-01,กฟส.,กฟต.3,นราธิวาส,กฟส.สุคิริน,กฟส.สุคิริน,สุคิริน,XS,N,114,,
,2568-10-01,2568-10-01,กฟส.,กฟต.3,นราธิวาส,กฟส.สุไหงปำดี,กฟส.สุไหงปำดี,สุไหงปาดี,XS,N,114,,
,2568-10-01,2568-10-01,กฟส.,กฟต.3,นราธิวาส,กฟส.สุไหงโก-ลก,กฟส.สุไหงโก-ลก,สุไหงโก-ลก,M,N,112,,
,2568-10-01,2568-10-01,กฟส.,กฟต.3,นราธิวาส,กฟส.เจาะไอร้อง,กฟส.เจาะไอร้อง,เจาะไอร้อง,XS,N,114,,
,2568-10-01,2568-10-01,กฟส.,กฟต.3,นราธิวาส,กฟส.เมืองนรำธิวำส,กฟส.เมืองนรำธิวำส,เมืองนราธิวาส,M,N,112,,
,2568-10-01,2568-10-01,กฟส.,กฟต.3,นราธิวาส,กฟส.แว้ง,กฟส.แว้ง,แว้ง,XS,N,114,,
,2568-10-01,2568-10-01,กฟส.,กฟต.3,ปัตตานี,กฟส.กะพ้อ,กฟส.กะพ้อ,กะพ้อ,XS,N,114,,
,2568-10-01,2568-10-01,กฟส.,กฟต.3,ปัตตานี,กฟส.ทุ่งยางแดง,กฟส.ทุ่งยางแดง,ทุ่งยางแดง,XS,N,114,,
,2568-10-01,2568-10-01,กฟส.,กฟต.3,ปัตตานี,กฟส.ปะนำเระ,กฟส.ปะนำเระ,ปะนาเระ,XS,N,114,,
,2568-10-01,2568-10-01,กฟส.,กฟต.3,ปัตตานี,กฟส.มำยอ,กฟส.มำยอ,มายอ,S,N,113,,
,2568-10-01,2568-10-01,กฟส.,กฟต.3,ปัตตานี,กฟส.ยะรัง,กฟส.ยะรัง,ยะรัง,XS,N,114,,
,2568-10-01,2568-10-01,กฟส.,กฟต.3,ปัตตานี,กฟส.ยะหริ่ง,กฟส.ยะหริ่ง,ยะหริ่ง,XS,N,114,,
,2568-10-01,2568-10-01,กฟส.,กฟต.3,ปัตตานี,กฟส.สำยบุรี,กฟส.สำยบุรี,สายบุรี,M,N,112,,
,2568-10-01,2568-10-01,กฟส.,กฟต.3,ปัตตานี,กฟส.หนองจิก,กฟส.หนองจิก,หนองจิก,S,N,113,,
,2568-10-01,2568-10-01,กฟส.,กฟต.3,ปัตตานี,กฟส.เมืองปัตตานี,กฟส.เมืองปัตตานี,เมืองปัตตานี,M,N,112,,
,2568-10-01,2568-10-01,กฟส.,กฟต.3,ปัตตานี,กฟส.แม่ลาน,กฟส.แม่ลาน,แม่ลาน,XS,N,114,,
,2568-10-01,2568-10-01,กฟส.,กฟต.3,ปัตตานี,กฟส.โคกโพธิ,กฟส.โคกโพธิ,โคกโพธิ,S,N,113,,
,2568-10-01,2568-10-01,กฟส.,กฟต.3,ปัตตานี,กฟส.ไม้แก่น,กฟส.ไม้แก่น,ไม้แก่น,XS,N,114,,
,2568-10-01,2568-10-01,กฟส.,กฟต.3,พัทลุง,กฟส.กงหรำ,กฟส.กงหรำ,กงหรา,XS,N,114,,
,2568-10-01,2568-10-01,กฟส.,กฟต.3,พัทลุง,กฟส.ควนขนุน,กฟส.ควนขนุน,ควนขนุน,S,N,113,,
,2568-10-01,2568-10-01,กฟส.,กฟต.3,พัทลุง,กฟส.ตะโหมด,กฟส.ตะโหมด,ตะโหมด,S,N,113,,
,2568-10-01,2568-10-01,กฟส.,กฟต.3,พัทลุง,กฟส.บางแก้ว,กฟส.บางแก้ว,บางแก้ว,XS,N,114,,
,2568-10-01,2568-10-01,กฟส.,กฟต.3,พัทลุง,กฟส.ปำกพะยูน,กฟส.ปำกพะยูน,ปากพะยูน,S,N,113,,
,2568-10-01,2568-10-01,กฟส.,กฟต.3,พัทลุง,กฟส.ป่าบอน,กฟส.ป่าบอน,ป่าบอน,XS,N,114,,
,2568-10-01,2568-10-01,กฟส.,กฟต.3,พัทลุง,กฟส.ป่าพะยอม,กฟส.ป่าพะยอม,ป่าพะยอม,XS,N,114,,
,2568-10-01,2568-10-01,กฟส.,กฟต.3,พัทลุง,กฟส.ศรีบรรพต,กฟส.ศรีบรรพต,ศรีบรรพต,XS,N,114,,
,2568-10-01,2568-10-01,กฟส.,กฟต.3,พัทลุง,กฟส.เขำชัยสน,กฟส.เขำชัยสน,เขาชัยสน,XS,N,114,,
,2568-10-01,2568-10-01,กฟส.,กฟต.3,พัทลุง,กฟส.เมืองพัทลุง,กฟส.เมืองพัทลุง,เมืองพัทลุง,L,N,111,,
,2568-10-01,2568-10-01,กฟจ.,กฟต.3,ยะลา,กฟจ.ยะลา,กฟจ.ยะลำ,ยะลา,M,Y,,Y,ไม่มี resource_code ทางการสำหรับ กฟจ. ขนาด M
,2568-10-01,2568-10-01,กฟอ.,กฟต.3,ยะลา,กฟอ.เบตง,กฟอ.เบตง,เบตง,M,N,,Y,ไม่มี resource_code ทางการสำหรับ กฟอ. ขนาด M
,2568-10-01,2568-10-01,กฟส.,กฟต.3,ยะลา,กฟส.กรงปินัง,กฟส.กรงปินัง,กรงปินัง,XS,N,114,,
,2568-10-01,2568-10-01,กฟส.,กฟต.3,ยะลา,กฟส.กำบัง,กฟส.กำบัง,กาบัง,XS,N,114,,
,2568-10-01,2568-10-01,กฟส.,กฟต.3,ยะลา,กฟส.ธำรโต,กฟส.ธำรโต,ธารโต,XS,N,114,,
,2568-10-01,2568-10-01,กฟส.,กฟต.3,ยะลา,กฟส.บันนังสตำ,กฟส.บันนังสตำ,บันนังสตา,S,N,113,,
,2568-10-01,2568-10-01,กฟส.,กฟต.3,ยะลา,กฟส.ยะหำ,กฟส.ยะหำ,ยะหา,XS,N,114,,
,2568-10-01,2568-10-01,กฟส.,กฟต.3,ยะลา,กฟส.รำมัน,กฟส.รำมัน,รามัน,S,N,113,,
,2568-10-01,2568-10-01,กฟส.,กฟต.3,สงขลา,กฟส.กระแสสินธุ์,กฟส.กระแสสินธุ์,กระแสสินธุ์,XS,N,114,,
,2568-10-01,2568-10-01,กฟส.,กฟต.3,สงขลา,กฟส.คลองหอยโข่ง,กฟส.คลองหอยโข่ง,คลองหอยโข่ง,XS,N,114,,
,2568-10-01,2568-10-01,กฟส.,กฟต.3,สงขลา,กฟส.ควนเนียง,กฟส.ควนเนียง,ควนเนียง,XS,N,114,,
,2568-10-01,2568-10-01,กฟส.,กฟต.3,สงขลา,กฟส.จะนะ,กฟส.จะนะ,จะนะ,M,N,112,,
,2568-10-01,2568-10-01,กฟส.,กฟต.3,สงขลา,กฟส.ด่านนอก,กฟส.ด่านนอก,ด่านนอก,XS,N,114,,
,2568-10-01,2568-10-01,กฟส.,กฟต.3,สงขลา,กฟส.นำทวี,กฟส.นำทวี,นาทวี,S,N,113,,
,2568-10-01,2568-10-01,กฟส.,กฟต.3,สงขลา,กฟส.นาหม่อม,กฟส.นาหม่อม,นาหม่อม,S,N,113,,
,2568-10-01,2568-10-01,กฟส.,กฟต.3,สงขลา,กฟส.บำงกล่ำ,กฟส.บำงกล่ำ,บางกล่า,XS,N,114,,
,2568-10-01,2568-10-01,กฟส.,กฟต.3,สงขลา,กฟส.ปาดังเบซำร,กฟส.ปาดังเบซำร,ปาดังเบซาร,XS,N,114,,
,2568-10-01,2568-10-01,กฟส.,กฟต.3,สงขลา,กฟส.พังลำ,กฟส.พังลำ,พังลา,S,N,113,,
,2568-10-01,2568-10-01,กฟส.,กฟต.3,สงขลา,กฟส.ระโนด,กฟส.ระโนด,ระโนด,M,N,112,,
,2568-10-01,2568-10-01,กฟส.,กฟต.3,สงขลา,กฟส.รัตภูมิ,กฟส.รัตภูมิ,รัตภูมิ,S,N,113,,
,2568-10-01,2568-10-01,กฟส.,กฟต.3,สงขลา,กฟส.สทิงพระ,กฟส.สทิงพระ,สทิงพระ,S,N,113,,
,2568-10-01,2568-10-01,กฟส.,กฟต.3,สงขลา,กฟส.สะบ้าย้อย,กฟส.สะบ้าย้อย,สะบ้าย้อย,S,N,113,,
,2568-10-01,2568-10-01,กฟส.,กฟต.3,สงขลา,กฟส.สะเดำ,กฟส.สะเดำ,สะเดา,M,N,112,,
,2568-10-01,2568-10-01,กฟส.,กฟต.3,สงขลา,กฟส.สิงหนคร,กฟส.สิงหนคร,สิงหนคร,S,N,113,,
,2568-10-01,2568-10-01,กฟส.,กฟต.3,สงขลา,กฟส.หาดใหญ่,กฟส.หาดใหญ่,หาดใหญ่,L,N,111,,
,2568-10-01,2568-10-01,กฟส.,กฟต.3,สงขลา,กฟส.เทพำ,กฟส.เทพำ,เทพา,S,N,113,,
,2568-10-01,2568-10-01,กฟส.,กฟต.3,สงขลา,กฟส.เมืองสงขลำ,กฟส.เมืองสงขลำ,เมืองสงขลา,L,N,111,,
,2568-10-01,2568-10-01,กฟส.,กฟต.3,สตูล,กฟส.ควนกำหลง,กฟส.ควนกำหลง,ควนกาหลง,S,N,113,,
,2568-10-01,2568-10-01,กฟส.,กฟต.3,สตูล,กฟส.ทุ่งหว้า,กฟส.ทุ่งหว้า,ทุ่งหว้า,XS,N,114,,
,2568-10-01,2568-10-01,กฟส.,กฟต.3,สตูล,กฟส.ท่าแพ,กฟส.ท่าแพ,ท่าแพ,XS,N,114,,
,2568-10-01,2568-10-01,กฟส.,กฟต.3,สตูล,กฟส.มะนัง,กฟส.มะนัง,มะนัง,XS,N,114,,
,2568-10-01,2568-10-01,กฟส.,กฟต.3,สตูล,กฟส.ละงู,กฟส.ละงู,ละงู,S,N,113,,
,2568-10-01,2568-10-01,กฟส.,กฟต.3,สตูล,กฟส.เมืองสตูล,กฟส.เมืองสตูล,เมืองสตูล,M,N,112,,
,2568-10-01,2568-10-01,กฟส.,กฟน.1,พะเยา,กฟส.จุน,กฟส.จุน,จุน,S,N,113,,
,2568-10-01,2568-10-01,กฟส.,กฟน.1,พะเยา,กฟส.ดอกคำใต้,กฟส.ดอกคำใต้,ดอกคาใต้,S,N,113,,
,2568-10-01,2568-10-01,กฟส.,กฟน.1,พะเยา,กฟส.ปง,กฟส.ปง,ปง,XS,N,114,,
,2568-10-01,2568-10-01,กฟส.,กฟน.1,พะเยา,กฟส.ภูกำมยำว,กฟส.ภูกำมยำว,ภูกามยาว,XS,N,114,,
,2568-10-01,2568-10-01,กฟส.,กฟน.1,พะเยา,กฟส.ภูซำง,กฟส.ภูซำง,ภูซาง,XS,N,114,,
,2568-10-01,2568-10-01,กฟส.,กฟน.1,พะเยา,กฟส.เชียงคำ,กฟส.เชียงคำ,เชียงคา,S,N,113,,
,2568-10-01,2568-10-01,กฟส.,กฟน.1,พะเยา,กฟส.เชียงม่วน,กฟส.เชียงม่วน,เชียงม่วน,XS,N,114,,
,2568-10-01,2568-10-01,กฟส.,กฟน.1,พะเยา,กฟส.เมืองพะเยำ,กฟส.เมืองพะเยำ,เมืองพะเยา,M,N,112,,
,2568-10-01,2568-10-01,กฟส.,กฟน.1,พะเยา,กฟส.แม่กา,กฟส.แม่กา,แม่กา,XS,N,114,,
,2568-10-01,2568-10-01,กฟส.,กฟน.1,พะเยา,กฟส.แม่ใจ,กฟส.แม่ใจ,แม่ใจ,XS,N,114,,
,2568-10-01,2568-10-01,กฟส.,กฟน.1,ลำปาง,กฟส.งำว,กฟส.งำว,งาว,S,N,113,,
,2568-10-01,2568-10-01,กฟส.,กฟน.1,ลำปาง,กฟส.พิชัย-บ้านเสด็จ,กฟส.พิชัย-บ้านเสด็จ,พิชัย-บ้านเสด็จ,XS,N,114,,
,2568-10-01,2568-10-01,กฟส.,กฟน.1,ลำปาง,กฟส.วังเหนือ,กฟส.วังเหนือ,วังเหนือ,XS,N,114,,
,2568-10-01,2568-10-01,กฟส.,กฟน.1,ลำปาง,กฟส.สบปรำบ,กฟส.สบปรำบ,สบปราบ,XS,N,114,,
,2568-10-01,2568-10-01,กฟส.,กฟน.1,ลำปาง,กฟส.ห้างฉัตร,กฟส.ห้างฉัตร,ห้างฉัตร,S,N,113,,
,2568-10-01,2568-10-01,กฟส.,กฟน.1,ลำปาง,กฟส.เกำะคำ,กฟส.เกำะคำ,เกาะคา,M,N,112,,
,2568-10-01,2568-10-01,กฟส.,กฟน.1,ลำปาง,กฟส.เถิน,กฟส.เถิน,เถิน,S,N,113,,
,2568-10-01,2568-10-01,กฟส.,กฟน.1,ลำปาง,กฟส.เมืองปำน,กฟส.เมืองปำน,เมืองปาน,XS,N,114,,
,2568-10-01,2568-10-01,กฟส.,กฟน.1,ลำปาง,กฟส.เมืองลำปำง,กฟส.เมืองลำปำง,เมืองลาปาง,L,N,111,,
,2568-10-01,2568-10-01,กฟส.,กฟน.1,ลำปาง,กฟส.เสริมงำม,กฟส.เสริมงำม,เสริมงาม,XS,N,114,,
,2568-10-01,2568-10-01,กฟส.,กฟน.1,ลำปาง,กฟส.แจ้ห่ม,กฟส.แจ้ห่ม,แจ้ห่ม,S,N,113,,
,2568-10-01,2568-10-01,กฟส.,กฟน.1,ลำปาง,กฟส.แม่ทะ,กฟส.แม่ทะ,แม่ทะ,S,N,113,,
,2568-10-01,2568-10-01,กฟส.,กฟน.1,ลำปาง,กฟส.แม่พริก,กฟส.แม่พริก,แม่พริก,XS,N,114,,
,2568-10-01,2568-10-01,กฟส.,กฟน.1,ลำปาง,กฟส.แม่เมาะ,กฟส.แม่เมาะ,แม่เมาะ,XS,N,114,,
,2568-10-01,2568-10-01,กฟส.,กฟน.1,ลำพูน,กฟส.ทุ่งหัวช้าง,กฟส.ทุ่งหัวช้าง,ทุ่งหัวช้าง,XS,N,114,,
,2568-10-01,2568-10-01,กฟส.,กฟน.1,ลำพูน,กฟส.นครเจดีย์,กฟส.นครเจดีย์,นครเจดีย์,XS,N,114,,
,2568-10-01,2568-10-01,กฟส.,กฟน.1,ลำพูน,กฟส.บ้านธิ,กฟส.บ้านธิ,บ้านธิ,S,N,113,,
,2568-10-01,2568-10-01,กฟส.,กฟน.1,ลำพูน,กฟส.บ้านโฮ่ง,กฟส.บ้านโฮ่ง,บ้านโฮ่ง,S,N,113,,
,2568-10-01,2568-10-01,กฟส.,กฟน.1,ลำพูน,กฟส.ป่าซาง,กฟส.ป่าซาง,ป่าซาง,S,N,113,,
,2568-10-01,2568-10-01,กฟส.,กฟน.1,ลำพูน,กฟส.ลี้,กฟส.ลี้,ลี้,S,N,113,,
,2568-10-01,2568-10-01,กฟส.,กฟน.1,ลำพูน,กฟส.เมืองลำพูน,กฟส.เมืองลำพูน,เมืองลาพูน,L,N,111,,
,2568-10-01,2568-10-01,กฟส.,กฟน.1,ลำพูน,กฟส.เวียงหนองล่อง,กฟส.เวียงหนองล่อง,เวียงหนองล่อง,XS,N,114,,
,2568-10-01,2568-10-01,กฟส.,กฟน.1,ลำพูน,กฟส.แม่ตืน,กฟส.แม่ตืน,แม่ตืน,XS,N,114,,
,2568-10-01,2568-10-01,กฟส.,กฟน.1,ลำพูน,กฟส.แม่ทา,กฟส.แม่ทา,แม่ทา,XS,N,114,,
,2568-10-01,2568-10-01,กฟส.,กฟน.1,เชียงราย,กฟส.ขุนตำล,กฟส.ขุนตำล,ขุนตาล,XS,N,114,,
,2568-10-01,2568-10-01,กฟส.,กฟน.1,เชียงราย,กฟส.ดอยตุง,กฟส.ดอยตุง,ดอยตุง,XS,N,114,,
,2568-10-01,2568-10-01,กฟส.,กฟน.1,เชียงราย,กฟส.ดอยหลวง,กฟส.ดอยหลวง,ดอยหลวง,XS,N,114,,
,2568-10-01,2568-10-01,กฟส.,กฟน.1,เชียงราย,กฟส.นำงแล,กฟส.นำงแล,นางแล,S,N,113,,
,2568-10-01,2568-10-01,กฟส.,กฟน.1,เชียงราย,กฟส.บ้านเทอดไทย,กฟส.บ้านเทอดไทย,บ้านเทอดไทย,XS,N,114,,
,2568-10-01,2568-10-01,กฟส.,กฟน.1,เชียงราย,กฟส.ป่าแดด,กฟส.ป่าแดด,ป่าแดด,XS,N,114,,
,2568-10-01,2568-10-01,กฟส.,กฟน.1,เชียงราย,กฟส.พญำเม็งรำย,กฟส.พญำเม็งรำย,พญาเม็งราย,XS,N,114,,
,2568-10-01,2568-10-01,กฟส.,กฟน.1,เชียงราย,กฟส.พำน,กฟส.พำน,พาน,M,N,112,,
,2568-10-01,2568-10-01,กฟส.,กฟน.1,เชียงราย,กฟส.ห้วยสัก,กฟส.ห้วยสัก,ห้วยสัก,XS,N,114,,
,2568-10-01,2568-10-01,กฟส.,กฟน.1,เชียงราย,กฟส.เชียงของ,กฟส.เชียงของ,เชียงของ,S,N,113,,
,2568-10-01,2568-10-01,กฟส.,กฟน.1,เชียงราย,กฟส.เชียงแสน,กฟส.เชียงแสน,เชียงแสน,S,N,113,,
,2568-10-01,2568-10-01,กฟส.,กฟน.1,เชียงราย,กฟส.เทิง,กฟส.เทิง,เทิง,M,N,112,,
,2568-10-01,2568-10-01,กฟส.,กฟน.1,เชียงราย,กฟส.เมืองเชียงรำย,กฟส.เมืองเชียงรำย,เมืองเชียงราย,L,N,111,,
,2568-10-01,2568-10-01,กฟส.,กฟน.1,เชียงราย,กฟส.เวียงชัย,กฟส.เวียงชัย,เวียงชัย,S,N,113,,
,2568-10-01,2568-10-01,กฟส.,กฟน.1,เชียงราย,กฟส.เวียงป่าเป้า,กฟส.เวียงป่าเป้า,เวียงป่าเป้า,S,N,113,,
,2568-10-01,2568-10-01,กฟส.,กฟน.1,เชียงราย,กฟส.เวียงเชียงรุ้ง,กฟส.เวียงเชียงรุ้ง,เวียงเชียงรุ้ง,XS,N,114,,
,2568-10-01,2568-10-01,กฟส.,กฟน.1,เชียงราย,กฟส.เวียงแก่น,กฟส.เวียงแก่น,เวียงแก่น,XS,N,114,,
,2568-10-01,2568-10-01,กฟส.,กฟน.1,เชียงราย,กฟส.แม่จัน,กฟส.แม่จัน,แม่จัน,S,N,113,,
,2568-10-01,2568-10-01,กฟส.,กฟน.1,เชียงราย,กฟส.แม่ฟ้าหลวง,กฟส.แม่ฟ้าหลวง,แม่ฟ้าหลวง,S,N,113,,
,2568-10-01,2568-10-01,กฟส.,กฟน.1,เชียงราย,กฟส.แม่ลาว,กฟส.แม่ลาว,แม่ลาว,S,N,113,,
,2568-10-01,2568-10-01,กฟส.,กฟน.1,เชียงราย,กฟส.แม่สรวย,กฟส.แม่สรวย,แม่สรวย,S,N,113,,
,2568-10-01,2568-10-01,กฟส.,กฟน.1,เชียงราย,กฟส.แม่สลองนอก,กฟส.แม่สลองนอก,แม่สลองนอก,XS,N,114,,
,2568-10-01,2568-10-01,กฟส.,กฟน.1,เชียงราย,กฟส.แม่สาย,กฟส.แม่สาย,แม่สาย,M,N,112,,
,2568-10-01,2568-10-01,กฟจ.,กฟน.1,เชียงใหม่,กฟจ.เชียงใหม่,กฟจ.เชียงใหม่,เชียงใหม่,L,Y,104,,
,2568-10-01,2568-10-01,กฟส.,กฟน.1,เชียงใหม่,กฟส.จอมทอง,กฟส.จอมทอง,จอมทอง,M,N,112,,
,2568-10-01,2568-10-01,กฟส.,กฟน.1,เชียงใหม่,กฟส.ดอยสะเก็ด,กฟส.ดอยสะเก็ด,ดอยสะเก็ด,S,N,113,,
,2568-10-01,2568-10-01,กฟส.,กฟน.1,เชียงใหม่,กฟส.ดอยหล่อ,กฟส.ดอยหล่อ,ดอยหล่อ,XS,N,114,,
,2568-10-01,2568-10-01,กฟส.,กฟน.1,เชียงใหม่,กฟส.ดอยเต่า,กฟส.ดอยเต่า,ดอยเต่า,XS,N,114,,
,2568-10-01,2568-10-01,กฟส.,กฟน.1,เชียงใหม่,กฟส.บ่อหลวง,กฟส.บ่อหลวง,บ่อหลวง,XS,N,114,,
,2568-10-01,2568-10-01,กฟส.,กฟน.1,เชียงใหม่,กฟส.ป่าแป๋,กฟส.ป่าแป๋,ป่าแป๋,XS,N,114,,
,2568-10-01,2568-10-01,กฟส.,กฟน.1,เชียงใหม่,กฟส.ฝำง,กฟส.ฝำง,ฝาง,M,N,112,,
,2568-10-01,2568-10-01,กฟส.,กฟน.1,เชียงใหม่,กฟส.พร้าว,กฟส.พร้าว,พร้าว,S,N,113,,
,2568-10-01,2568-10-01,กฟส.,กฟน.1,เชียงใหม่,กฟส.สะเมิง,กฟส.สะเมิง,สะเมิง,XS,N,114,,
,2568-10-01,2568-10-01,กฟส.,กฟน.1,เชียงใหม่,กฟส.สันกำแพง,กฟส.สันกำแพง,สันกาแพง,M,N,112,,
,2568-10-01,2568-10-01,กฟส.,กฟน.1,เชียงใหม่,กฟส.สันทรำย,กฟส.สันทรำย,สันทราย,L,N,111,,
,2568-10-01,2568-10-01,กฟส.,กฟน.1,เชียงใหม่,กฟส.สันป่าตอง,กฟส.สันป่าตอง,สันป่าตอง,M,N,112,,
,2568-10-01,2568-10-01,กฟส.,กฟน.1,เชียงใหม่,กฟส.สำรภี,กฟส.สำรภี,สารภี,S,N,113,,
,2568-10-01,2568-10-01,กฟส.,กฟน.1,เชียงใหม่,กฟส.หำงดง,กฟส.หำงดง,หางดง,M,N,112,,
,2568-10-01,2568-10-01,กฟส.,กฟน.1,เชียงใหม่,กฟส.อมก๋อย,กฟส.อมก๋อย,อมก๋อย,XS,N,114,,
,2568-10-01,2568-10-01,กฟส.,กฟน.1,เชียงใหม่,กฟส.ฮอด,กฟส.ฮอด,ฮอด,S,N,113,,
,2568-10-01,2568-10-01,กฟส.,กฟน.1,เชียงใหม่,กฟส.เชียงดำว,กฟส.เชียงดำว,เชียงดาว,S,N,113,,
,2568-10-01,2568-10-01,กฟส.,กฟน.1,เชียงใหม่,กฟส.เมืองเชียงใหม่2,กฟส.เมืองเชียงใหม่2,เมืองเชียงใหม่2,L,N,111,,
,2568-10-01,2568-10-01,กฟส.,กฟน.1,เชียงใหม่,กฟส.เวียงแหง,กฟส.เวียงแหง,เวียงแหง,XS,N,114,,
,2568-10-01,2568-10-01,กฟส.,กฟน.1,เชียงใหม่,กฟส.แม่ริม,กฟส.แม่ริม,แม่ริม,M,N,112,,
,2568-10-01,2568-10-01,กฟส.,กฟน.1,เชียงใหม่,กฟส.แม่วาง,กฟส.แม่วาง,แม่วาง,XS,N,114,,
,2568-10-01,2568-10-01,กฟส.,กฟน.1,เชียงใหม่,กฟส.แม่ออน,กฟส.แม่ออน,แม่ออน,XS,N,114,,
,2568-10-01,2568-10-01,กฟส.,กฟน.1,เชียงใหม่,กฟส.แม่อาย,กฟส.แม่อาย,แม่อาย,S,N,113,,
,2568-10-01,2568-10-01,กฟส.,กฟน.1,เชียงใหม่,กฟส.แม่แจ่ม,กฟส.แม่แจ่ม,แม่แจ่ม,XS,N,114,,
,2568-10-01,2568-10-01,กฟส.,กฟน.1,เชียงใหม่,กฟส.แม่แตง,กฟส.แม่แตง,แม่แตง,S,N,113,,
,2568-10-01,2568-10-01,กฟส.,กฟน.1,เชียงใหม่,กฟส.ไชยปรำกำร,กฟส.ไชยปรำกำร,ไชยปราการ,XS,N,114,,
,2568-10-01,2568-10-01,กฟจ.,กฟน.1,แม่ฮ่องสอน,กฟจ.แม่ฮ่องสอน,กฟจ.แม่ฮ่องสอน,แม่ฮ่องสอน,S,Y,105,,
,2568-10-01,2568-10-01,กฟส.,กฟน.1,แม่ฮ่องสอน,กฟส.กัลยำณิวัฒนำ,กฟส.กัลยำณิวัฒนำ,กัลยาณิวัฒนา,XS,N,114,,
,2568-10-01,2568-10-01,กฟส.,กฟน.1,แม่ฮ่องสอน,กฟส.ขุนยวม,กฟส.ขุนยวม,ขุนยวม,XS,N,114,,
,2568-10-01,2568-10-01,กฟส.,กฟน.1,แม่ฮ่องสอน,กฟส.ปางมะผ้า,กฟส.ปางมะผ้า,ปางมะผ้า,XS,N,114,,
,2568-10-01,2568-10-01,กฟส.,กฟน.1,แม่ฮ่องสอน,กฟส.ปำย,กฟส.ปำย,ปาย,S,N,113,,
,2568-10-01,2568-10-01,กฟส.,กฟน.1,แม่ฮ่องสอน,กฟส.สบเมย,กฟส.สบเมย,สบเมย,XS,N,114,,
,2568-10-01,2568-10-01,กฟส.,กฟน.1,แม่ฮ่องสอน,กฟส.แม่ลาน้อย,กฟส.แม่ลาน้อย,แม่ลาน้อย,XS,N,114,,
,2568-10-01,2568-10-01,กฟส.,กฟน.1,แม่ฮ่องสอน,กฟส.แม่สะเรียง,กฟส.แม่สะเรียง,แม่สะเรียง,S,N,113,,
,2568-10-01,2568-10-01,กฟส.,กฟน.2,กำแพงเพชร,กฟส.ขำณุวรลักษบุรี,กฟส.ขำณุวรลักษบุรี,ขาณุวรลักษบุรี,M,N,112,,
,2568-10-01,2568-10-01,กฟส.,กฟน.2,กำแพงเพชร,กฟส.คลองขลุง,กฟส.คลองขลุง,คลองขลุง,S,N,113,,
,2568-10-01,2568-10-01,กฟส.,กฟน.2,กำแพงเพชร,กฟส.คลองลำน,กฟส.คลองลำน,คลองลาน,S,N,113,,
,2568-10-01,2568-10-01,กฟส.,กฟน.2,กำแพงเพชร,กฟส.ทรำยทองวัฒนำ,กฟส.ทรำยทองวัฒนำ,ทรายทองวัฒนา,XS,N,114,,
,2568-10-01,2568-10-01,กฟส.,กฟน.2,กำแพงเพชร,กฟส.บึงสำมัคคี,กฟส.บึงสำมัคคี,บึงสามัคคี,XS,N,114,,
,2568-10-01,2568-10-01,กฟส.,กฟน.2,กำแพงเพชร,กฟส.ปำงศิลำทอง,กฟส.ปำงศิลำทอง,ปางศิลาทอง,XS,N,114,,
,2568-10-01,2568-10-01,กฟส.,กฟน.2,กำแพงเพชร,กฟส.พรานกระต่าย,กฟส.พรานกระต่าย,พรานกระต่าย,S,N,113,,
,2568-10-01,2568-10-01,กฟส.,กฟน.2,กำแพงเพชร,กฟส.ลำนกระบือ,กฟส.ลำนกระบือ,ลานกระบือ,S,N,113,,
,2568-10-01,2568-10-01,กฟส.,กฟน.2,กำแพงเพชร,กฟส.เมืองกำแพงเพชร,กฟส.เมืองกำแพงเพชร,เมืองกาแพงเพชร,L,N,111,,
,2568-10-01,2568-10-01,กฟส.,กฟน.2,กำแพงเพชร,กฟส.โกสัมพีนคร,กฟส.โกสัมพีนคร,โกสัมพีนคร,XS,N,114,,
,2568-10-01,2568-10-01,กฟส.,กฟน.2,กำแพงเพชร,กฟส.ไทรงำม,กฟส.ไทรงำม,ไทรงาม,XS,N,114,,
,2568-10-01,2568-10-01,กฟส.,กฟน.2,ตาก,กฟส.ท่าสองยาง,กฟส.ท่าสองยาง,ท่าสองยาง,XS,N,114,,
,2568-10-01,2568-10-01,กฟส.,กฟน.2,ตาก,กฟส.บ้านตาก,กฟส.บ้านตาก,บ้านตาก,S,N,113,,
,2568-10-01,2568-10-01,กฟส.,กฟน.2,ตาก,กฟส.พบพระ,กฟส.พบพระ,พบพระ,XS,N,114,,
,2568-10-01,2568-10-01,กฟส.,กฟน.2,ตาก,กฟส.วังประจบ,กฟส.วังประจบ,วังประจบ,XS,N,114,,
,2568-10-01,2568-10-01,กฟส.,กฟน.2,ตาก,กฟส.วังเจ้า,กฟส.วังเจ้า,วังเจ้า,XS,N,114,,
,2568-10-01,2568-10-01,กฟส.,กฟน.2,ตาก,กฟส.สำมเงำ,กฟส.สำมเงำ,สามเงา,XS,N,114,,
,2568-10-01,2568-10-01,กฟส.,กฟน.2,ตาก,กฟส.อุ้มผาง,กฟส.อุ้มผาง,อุ้มผาง,XS,N,114,,
,2568-10-01,2568-10-01,กฟส.,กฟน.2,ตาก,กฟส.เมืองตำก,กฟส.เมืองตำก,เมืองตาก,M,N,112,,
,2568-10-01,2568-10-01,กฟส.,กฟน.2,ตาก,กฟส.แม่ระมาด,กฟส.แม่ระมาด,แม่ระมาด,XS,N,114,,
,2568-10-01,2568-10-01,กฟส.,กฟน.2,ตาก,กฟส.แม่สอด,กฟส.แม่สอด,แม่สอด,L,N,111,,
,2568-10-01,2568-10-01,กฟส.,กฟน.2,น่าน,กฟส.ทุ่งช้าง,กฟส.ทุ่งช้าง,ทุ่งช้าง,XS,N,114,,
,2568-10-01,2568-10-01,กฟส.,กฟน.2,น่าน,กฟส.ท่าวังผา,กฟส.ท่าวังผา,ท่าวังผา,XS,N,114,,
,2568-10-01,2568-10-01,กฟส.,กฟน.2,น่าน,กฟส.นาน้อย,กฟส.นาน้อย,นาน้อย,XS,N,114,,
,2568-10-01,2568-10-01,กฟส.,กฟน.2,น่าน,กฟส.นำหมื่น,กฟส.นำหมื่น,นาหมื่น,XS,N,114,,
,2568-10-01,2568-10-01,กฟส.,กฟน.2,น่าน,กฟส.บ่อเกลือ,กฟส.บ่อเกลือ,บ่อเกลือ,XS,N,114,,
,2568-10-01,2568-10-01,กฟส.,กฟน.2,น่าน,กฟส.บ้านหลวง,กฟส.บ้านหลวง,บ้านหลวง,XS,N,114,,
,2568-10-01,2568-10-01,กฟส.,กฟน.2,น่าน,กฟส.ปัว,กฟส.ปัว,ปัว,S,N,113,,
,2568-10-01,2568-10-01,กฟส.,กฟน.2,น่าน,กฟส.สองแคว,กฟส.สองแคว,สองแคว,XS,N,114,,
,2568-10-01,2568-10-01,กฟส.,กฟน.2,น่าน,กฟส.สันติสุข,กฟส.สันติสุข,สันติสุข,XS,N,114,,
,2568-10-01,2568-10-01,กฟส.,กฟน.2,น่าน,กฟส.เฉลิมพระเกียรติ,กฟส.เฉลิมพระเกียรติ,เฉลิมพระเกียรติ,XS,N,114,,
,2568-10-01,2568-10-01,กฟส.,กฟน.2,น่าน,กฟส.เชียงกลำง,กฟส.เชียงกลำง,เชียงกลาง,XS,N,114,,
,2568-10-01,2568-10-01,กฟส.,กฟน.2,น่าน,กฟส.เมืองน่าน,กฟส.เมืองน่าน,เมืองน่าน,L,N,111,,
,2568-10-01,2568-10-01,กฟส.,กฟน.2,น่าน,กฟส.เวียงสำ,กฟส.เวียงสำ,เวียงสา,S,N,113,,
,2568-10-01,2568-10-01,กฟส.,กฟน.2,น่าน,กฟส.แม่จริม,กฟส.แม่จริม,แม่จริม,XS,N,114,,
,2568-10-01,2568-10-01,กฟส.,กฟน.2,พิจิตร,กฟส.ดงเจริญ,กฟส.ดงเจริญ,ดงเจริญ,XS,N,114,,
,2568-10-01,2568-10-01,กฟส.,กฟน.2,พิจิตร,กฟส.ตะพำนหิน,กฟส.ตะพำนหิน,ตะพานหิน,M,N,112,,
,2568-10-01,2568-10-01,กฟส.,กฟน.2,พิจิตร,กฟส.ทับคล้อ,กฟส.ทับคล้อ,ทับคล้อ,S,N,113,,
,2568-10-01,2568-10-01,กฟส.,กฟน.2,พิจิตร,กฟส.บำงมูลนำก,กฟส.บำงมูลนำก,บางมูลนาก,S,N,113,,
,2568-10-01,2568-10-01,กฟส.,กฟน.2,พิจิตร,กฟส.บึงนำรำง,กฟส.บึงนำรำง,บึงนาราง,XS,N,114,,
,2568-10-01,2568-10-01,กฟส.,กฟน.2,พิจิตร,กฟส.วชิรบำรมี,กฟส.วชิรบำรมี,วชิรบารมี,S,N,113,,
,2568-10-01,2568-10-01,กฟส.,กฟน.2,พิจิตร,กฟส.วังทรำยพูน,กฟส.วังทรำยพูน,วังทรายพูน,XS,N,114,,
,2568-10-01,2568-10-01,กฟส.,กฟน.2,พิจิตร,กฟส.สำกเหล็ก,กฟส.สำกเหล็ก,สากเหล็ก,XS,N,114,,
,2568-10-01,2568-10-01,กฟส.,กฟน.2,พิจิตร,กฟส.เมืองพิจิตร,กฟส.เมืองพิจิตร,เมืองพิจิตร,M,N,112,,
,2568-10-01,2568-10-01,กฟส.,กฟน.2,พิจิตร,กฟส.โพทะเล,กฟส.โพทะเล,โพทะเล,S,N,113,,
,2568-10-01,2568-10-01,กฟส.,กฟน.2,พิจิตร,กฟส.โพธิ์ประทับช้าง,กฟส.โพธิ์ประทับช้าง,โพธิ์ประทับช้าง,XS,N,114,,
,2568-10-01,2568-10-01,กฟส.,กฟน.2,พิษณุโลก,กฟส.นครไทย,กฟส.นครไทย,นครไทย,S,N,113,,
,2568-10-01,2568-10-01,กฟส.,กฟน.2,พิษณุโลก,กฟส.บางกระทุ่ม,กฟส.บางกระทุ่ม,บางกระทุ่ม,S,N,113,,
,2568-10-01,2568-10-01,กฟส.,กฟน.2,พิษณุโลก,กฟส.บำงระกำ,กฟส.บำงระกำ,บางระกา,S,N,113,,
,2568-10-01,2568-10-01,กฟส.,กฟน.2,พิษณุโลก,กฟส.พรหมพิรำม,กฟส.พรหมพิรำม,พรหมพิราม,S,N,113,,
,2568-10-01,2568-10-01,กฟส.,กฟน.2,พิษณุโลก,กฟส.วังทอง,กฟส.วังทอง,วังทอง,S,N,113,,
,2568-10-01,2568-10-01,กฟส.,กฟน.2,พิษณุโลก,กฟส.วัดโบสถ์,กฟส.วัดโบสถ์,วัดโบสถ์,S,N,113,,
,2568-10-01,2568-10-01,กฟส.,กฟน.2,พิษณุโลก,กฟส.เมืองพิษณุโลก,กฟส.เมืองพิษณุโลก,เมืองพิษณุโลก,L,N,111,,
,2568-10-01,2568-10-01,กฟส.,กฟน.2,สุโขทัย,กฟส.กงไกรลำศ,กฟส.กงไกรลำศ,กงไกรลาศ,S,N,113,,
,2568-10-01,2568-10-01,กฟส.,กฟน.2,สุโขทัย,กฟส.คีรีมำศ,กฟส.คีรีมำศ,คีรีมาศ,XS,N,114,,
,2568-10-01,2568-10-01,กฟส.,กฟน.2,สุโขทัย,กฟส.ทุ่งเสลี่ยม,กฟส.ทุ่งเสลี่ยม,ทุ่งเสลี่ยม,S,N,113,,
,2568-10-01,2568-10-01,กฟส.,กฟน.2,สุโขทัย,กฟส.บ้านด่านลานหอย,กฟส.บ้านด่านลานหอย,บ้านด่านลานหอย,XS,N,114,,
,2568-10-01,2568-10-01,กฟส.,กฟน.2,สุโขทัย,กฟส.ศรีนคร,กฟส.ศรีนคร,ศรีนคร,XS,N,114,,
,2568-10-01,2568-10-01,กฟส.,กฟน.2,สุโขทัย,กฟส.ศรีสัชนำลัย,กฟส.ศรีสัชนำลัย,ศรีสัชนาลัย,S,N,113,,
,2568-10-01,2568-10-01,กฟส.,กฟน.2,สุโขทัย,กฟส.ศรีสำโรง,กฟส.ศรีสำโรง,ศรีสาโรง,S,N,113,,
,2568-10-01,2568-10-01,กฟส.,กฟน.2,สุโขทัย,กฟส.สวรรคโลก,กฟส.สวรรคโลก,สวรรคโลก,M,N,112,,
,2568-10-01,2568-10-01,กฟส.,กฟน.2,สุโขทัย,กฟส.เมืองสุโขทัย,กฟส.เมืองสุโขทัย,เมืองสุโขทัย,M,N,112,,
,2568-10-01,2568-10-01,กฟส.,กฟน.2,อุตรดิตถ์,กฟส.ตรอน,กฟส.ตรอน,ตรอน,XS,N,114,,
,2568-10-01,2568-10-01,กฟส.,กฟน.2,อุตรดิตถ์,กฟส.ทองแสนขัน,กฟส.ทองแสนขัน,ทองแสนขัน,XS,N,114,,
,2568-10-01,2568-10-01,กฟส.,กฟน.2,อุตรดิตถ์,กฟส.ท่าปลา,กฟส.ท่าปลา,ท่าปลา,XS,N,114,,
,2568-10-01,2568-10-01,กฟส.,กฟน.2,อุตรดิตถ์,กฟส.น้ำปำด,กฟส.น้ำปำด,น้าปาด,S,N,113,,
,2568-10-01,2568-10-01,กฟส.,กฟน.2,อุตรดิตถ์,กฟส.บ้านโคก,กฟส.บ้านโคก,บ้านโคก,XS,N,114,,
,2568-10-01,2568-10-01,กฟส.,กฟน.2,อุตรดิตถ์,กฟส.พิชัย,กฟส.พิชัย,พิชัย,S,N,113,,
,2568-10-01,2568-10-01,กฟส.,กฟน.2,อุตรดิตถ์,กฟส.ฟากท่า,กฟส.ฟากท่า,ฟากท่า,XS,N,114,,
,2568-10-01,2568-10-01,กฟส.,กฟน.2,อุตรดิตถ์,กฟส.ลับแล,กฟส.ลับแล,ลับแล,XS,N,114,,
,2568-10-01,2568-10-01,กฟส.,กฟน.2,อุตรดิตถ์,กฟส.เมืองอุตรดิตถ์,กฟส.เมืองอุตรดิตถ์,เมืองอุตรดิตถ์,L,N,111,,
,2568-10-01,2568-10-01,กฟส.,กฟน.2,แพร่,กฟส.ร้องกวาง,กฟส.ร้องกวาง,ร้องกวาง,S,N,113,,
,2568-10-01,2568-10-01,กฟส.,กฟน.2,แพร่,กฟส.ลอง,กฟส.ลอง,ลอง,S,N,113,,
,2568-10-01,2568-10-01,กฟส.,กฟน.2,แพร่,กฟส.วังชิ้น,กฟส.วังชิ้น,วังชิ้น,S,N,113,,
,2568-10-01,2568-10-01,กฟส.,กฟน.2,แพร่,กฟส.สอง,กฟส.สอง,สอง,S,N,113,,
,2568-10-01,2568-10-01,กฟส.,กฟน.2,แพร่,กฟส.สูงเม่น,กฟส.สูงเม่น,สูงเม่น,S,N,113,,
,2568-10-01,2568-10-01,กฟส.,กฟน.2,แพร่,กฟส.หนองม่วงไข่,กฟส.หนองม่วงไข่,หนองม่วงไข่,S,N,113,,
,2568-10-01,2568-10-01,กฟส.,กฟน.2,แพร่,กฟส.เด่นชัย,กฟส.เด่นชัย,เด่นชัย,S,N,113,,
,2568-10-01,2568-10-01,กฟส.,กฟน.2,แพร่,กฟส.เมืองแพร่,กฟส.เมืองแพร่,เมืองแพร่,L,N,111,,
,2568-10-01,2568-10-01,กฟส.,กฟน.3,ชัยนาท,กฟส.มโนรมย์,กฟส.มโนรมย์,มโนรมย์,S,N,113,,
,2568-10-01,2568-10-01,กฟส.,กฟน.3,ชัยนาท,กฟส.วัดสิงห์,กฟส.วัดสิงห์,วัดสิงห์,S,N,113,,
,2568-10-01,2568-10-01,กฟส.,กฟน.3,ชัยนาท,กฟส.สรรคบุรี,กฟส.สรรคบุรี,สรรคบุรี,S,N,113,,
,2568-10-01,2568-10-01,กฟส.,กฟน.3,ชัยนาท,กฟส.สรรพยำ,กฟส.สรรพยำ,สรรพยา,XS,N,114,,
,2568-10-01,2568-10-01,กฟส.,กฟน.3,ชัยนาท,กฟส.หนองมะโมง,กฟส.หนองมะโมง,หนองมะโมง,XS,N,114,,
,2568-10-01,2568-10-01,กฟส.,กฟน.3,ชัยนาท,กฟส.หันคำ,กฟส.หันคำ,หันคา,S,N,113,,
,2568-10-01,2568-10-01,กฟส.,กฟน.3,ชัยนาท,กฟส.เนินขำม,กฟส.เนินขำม,เนินขาม,XS,N,114,,
,2568-10-01,2568-10-01,กฟส.,กฟน.3,ชัยนาท,กฟส.เมืองชัยนำท,กฟส.เมืองชัยนำท,เมืองชัยนาท,M,N,112,,
,2568-10-01,2568-10-01,กฟส.,กฟน.3,นครสวรรค์,กฟส.ชุมตำบง,กฟส.ชุมตำบง,ชุมตาบง,XS,N,114,,
,2568-10-01,2568-10-01,กฟส.,กฟน.3,นครสวรรค์,กฟส.ชุมแสง,กฟส.ชุมแสง,ชุมแสง,S,N,113,,
,2568-10-01,2568-10-01,กฟส.,กฟน.3,นครสวรรค์,กฟส.ช่องแค,กฟส.ช่องแค,ช่องแค,XS,N,114,,
,2568-10-01,2568-10-01,กฟส.,กฟน.3,นครสวรรค์,กฟส.ตากฟ้า,กฟส.ตากฟ้า,ตากฟ้า,S,N,113,,
,2568-10-01,2568-10-01,กฟส.,กฟน.3,นครสวรรค์,กฟส.ตำคลี,กฟส.ตำคลี,ตาคลี,M,N,112,,
,2568-10-01,2568-10-01,กฟส.,กฟน.3,นครสวรรค์,กฟส.ท่าตะโก,กฟส.ท่าตะโก,ท่าตะโก,S,N,113,,
,2568-10-01,2568-10-01,กฟส.,กฟน.3,นครสวรรค์,กฟส.บรรพตพิสัย,กฟส.บรรพตพิสัย,บรรพตพิสัย,S,N,113,,
,2568-10-01,2568-10-01,กฟส.,กฟน.3,นครสวรรค์,กฟส.บ้านหนองเบน,กฟส.บ้านหนองเบน,บ้านหนองเบน,XS,N,114,,
,2568-10-01,2568-10-01,กฟส.,กฟน.3,นครสวรรค์,กฟส.พยุหะคีรี,กฟส.พยุหะคีรี,พยุหะคีรี,S,N,113,,
,2568-10-01,2568-10-01,กฟส.,กฟน.3,นครสวรรค์,กฟส.ลำดยำว,กฟส.ลำดยำว,ลาดยาว,M,N,112,,
,2568-10-01,2568-10-01,กฟส.,กฟน.3,นครสวรรค์,กฟส.หนองบัว,กฟส.หนองบัว,หนองบัว,S,N,113,,
,2568-10-01,2568-10-01,กฟส.,กฟน.3,นครสวรรค์,กฟส.หัวหวำย,กฟส.หัวหวำย,หัวหวาย,XS,N,114,,
,2568-10-01,2568-10-01,กฟส.,กฟน.3,นครสวรรค์,กฟส.เก้าเลี้ยว,กฟส.เก้าเลี้ยว,เก้าเลี้ยว,XS,N,114,,
,2568-10-01,2568-10-01,กฟส.,กฟน.3,นครสวรรค์,กฟส.เมืองนครสวรรค์,กฟส.เมืองนครสวรรค์,เมืองนครสวรรค์,L,N,111,,
,2568-10-01,2568-10-01,กฟส.,กฟน.3,นครสวรรค์,กฟส.แม่วงก์,กฟส.แม่วงก์,แม่วงก์,XS,N,114,,
,2568-10-01,2568-10-01,กฟส.,กฟน.3,นครสวรรค์,กฟส.แม่เปิน,กฟส.แม่เปิน,แม่เปิน,XS,N,114,,
,2568-10-01,2568-10-01,กฟส.,กฟน.3,นครสวรรค์,กฟส.โกรกพระ,กฟส.โกรกพระ,โกรกพระ,XS,N,114,,
,2568-10-01,2568-10-01,กฟส.,กฟน.3,นครสวรรค์,กฟส.ไพศำลี,กฟส.ไพศำลี,ไพศาลี,S,N,113,,
,2568-10-01,2568-10-01,กฟส.,กฟน.3,ลพบุรี,กฟส.ชัยบำดำล,กฟส.ชัยบำดำล,ชัยบาดาล,M,N,112,,
,2568-10-01,2568-10-01,กฟส.,กฟน.3,ลพบุรี,กฟส.ท่าวุ้ง,กฟส.ท่าวุ้ง,ท่าวุ้ง,S,N,113,,
,2568-10-01,2568-10-01,กฟส.,กฟน.3,ลพบุรี,กฟส.ท่าหลวง,กฟส.ท่าหลวง,ท่าหลวง,S,N,113,,
,2568-10-01,2568-10-01,กฟส.,กฟน.3,ลพบุรี,กฟส.บ้านหมี่,กฟส.บ้านหมี่,บ้านหมี่,S,N,113,,
,2568-10-01,2568-10-01,กฟส.,กฟน.3,ลพบุรี,กฟส.บ้านแก่งเสือเต้น,กฟส.บ้านแก่งเสือเต้น,บ้านแก่งเสือเต้น,XS,N,114,,
,2568-10-01,2568-10-01,กฟส.,กฟน.3,ลพบุรี,กฟส.พัฒนำนิคม,กฟส.พัฒนำนิคม,พัฒนานิคม,M,N,112,,
,2568-10-01,2568-10-01,กฟส.,กฟน.3,ลพบุรี,กฟส.ลำสนธิ,กฟส.ลำสนธิ,ลาสนธิ,XS,N,114,,
,2568-10-01,2568-10-01,กฟส.,กฟน.3,ลพบุรี,กฟส.สระโบสถ์,กฟส.สระโบสถ์,สระโบสถ์,XS,N,114,,
,2568-10-01,2568-10-01,กฟส.,กฟน.3,ลพบุรี,กฟส.หนองม่วง,กฟส.หนองม่วง,หนองม่วง,S,N,113,,
,2568-10-01,2568-10-01,กฟส.,กฟน.3,ลพบุรี,กฟส.เมืองลพบุรี,กฟส.เมืองลพบุรี,เมืองลพบุรี,L,N,111,,
,2568-10-01,2568-10-01,กฟส.,กฟน.3,ลพบุรี,กฟส.โคกสำโรง,กฟส.โคกสำโรง,โคกสาโรง,M,N,112,,
,2568-10-01,2568-10-01,กฟส.,กฟน.3,ลพบุรี,กฟส.โคกเจริญ,กฟส.โคกเจริญ,โคกเจริญ,XS,N,114,,
,2568-10-01,2568-10-01,กฟส.,กฟน.3,สิงห์บุรี,กฟส.ค่ายบางระจัน,กฟส.ค่ายบางระจัน,ค่ายบางระจัน,S,N,113,,
,2568-10-01,2568-10-01,กฟส.,กฟน.3,สิงห์บุรี,กฟส.ท่าช้าง,กฟส.ท่าช้าง,ท่าช้าง,XS,N,114,,
,2568-10-01,2568-10-01,กฟส.,กฟน.3,สิงห์บุรี,กฟส.บำงระจัน,กฟส.บำงระจัน,บางระจัน,XS,N,114,,
,2568-10-01,2568-10-01,กฟส.,กฟน.3,สิงห์บุรี,กฟส.พรหมบุรี,กฟส.พรหมบุรี,พรหมบุรี,S,N,113,,
,2568-10-01,2568-10-01,กฟส.,กฟน.3,สิงห์บุรี,กฟส.อินทร์บุรี,กฟส.อินทร์บุรี,อินทร์บุรี,S,N,113,,
,2568-10-01,2568-10-01,กฟส.,กฟน.3,สิงห์บุรี,กฟส.เมืองสิงห์บุรี,กฟส.เมืองสิงห์บุรี,เมืองสิงห์บุรี,M,N,112,,
,2568-10-01,2568-10-01,กฟส.,กฟน.3,อุทัยธานี,กฟส.ทัพทัน,กฟส.ทัพทัน,ทัพทัน,XS,N,114,,
,2568-10-01,2568-10-01,กฟส.,กฟน.3,อุทัยธานี,กฟส.บ้านไร่,กฟส.บ้านไร่,บ้านไร่,S,N,113,,
,2568-10-01,2568-10-01,กฟส.,กฟน.3,อุทัยธานี,กฟส.ลำนสัก,กฟส.ลำนสัก,ลานสัก,S,N,113,,
,2568-10-01,2568-10-01,กฟส.,กฟน.3,อุทัยธานี,กฟส.สว่างอารมณ์,กฟส.สว่างอารมณ์,สว่างอารมณ์,XS,N,114,,
,2568-10-01,2568-10-01,กฟส.,กฟน.3,อุทัยธานี,กฟส.หนองขาหย่าง,กฟส.หนองขาหย่าง,หนองขาหย่าง,XS,N,114,,
,2568-10-01,2568-10-01,กฟส.,กฟน.3,อุทัยธานี,กฟส.หนองฉำง,กฟส.หนองฉำง,หนองฉาง,S,N,113,,
,2568-10-01,2568-10-01,กฟส.,กฟน.3,อุทัยธานี,กฟส.ห้วยคต,กฟส.ห้วยคต,ห้วยคต,XS,N,114,,
,2568-10-01,2568-10-01,กฟส.,กฟน.3,อุทัยธานี,กฟส.เมืองการุ้ง,กฟส.เมืองการุ้ง,เมืองการุ้ง,XS,N,114,,
,2568-10-01,2568-10-01,กฟส.,กฟน.3,อุทัยธานี,กฟส.เมืองอุทัยธำนี,กฟส.เมืองอุทัยธำนี,เมืองอุทัยธานี,M,N,112,,
,2568-10-01,2568-10-01,กฟส.,กฟน.3,เพชรบูรณ์,กฟส.ชนแดน,กฟส.ชนแดน,ชนแดน,S,N,113,,
,2568-10-01,2568-10-01,กฟส.,กฟน.3,เพชรบูรณ์,กฟส.ตำดกลอย,กฟส.ตำดกลอย,ตาดกลอย,XS,N,114,,
,2568-10-01,2568-10-01,กฟส.,กฟน.3,เพชรบูรณ์,กฟส.น้ำหนำว,กฟส.น้ำหนำว,น้าหนาว,XS,N,114,,
,2568-10-01,2568-10-01,กฟส.,กฟน.3,เพชรบูรณ์,กฟส.บึงสำมพัน,กฟส.บึงสำมพัน,บึงสามพัน,M,N,112,,
,2568-10-01,2568-10-01,กฟส.,กฟน.3,เพชรบูรณ์,กฟส.บ้านกลาง,กฟส.บ้านกลาง,บ้านกลาง,XS,N,114,,
,2568-10-01,2568-10-01,กฟส.,กฟน.3,เพชรบูรณ์,กฟส.พุเตย,กฟส.พุเตย,พุเตย,XS,N,114,,
,2568-10-01,2568-10-01,กฟส.,กฟน.3,เพชรบูรณ์,กฟส.วังชมภู,กฟส.วังชมภู,วังชมภู,XS,N,114,,
,2568-10-01,2568-10-01,กฟส.,กฟน.3,เพชรบูรณ์,กฟส.วังโป่ง,กฟส.วังโป่ง,วังโป่ง,XS,N,114,,
,2568-10-01,2568-10-01,กฟส.,กฟน.3,เพชรบูรณ์,กฟส.วิเชียรบุรี,กฟส.วิเชียรบุรี,วิเชียรบุรี,S,N,113,,
,2568-10-01,2568-10-01,กฟส.,กฟน.3,เพชรบูรณ์,กฟส.ศรีเทพ,กฟส.ศรีเทพ,ศรีเทพ,S,N,113,,
,2568-10-01,2568-10-01,กฟส.,กฟน.3,เพชรบูรณ์,กฟส.หนองไผ่,กฟส.หนองไผ่,หนองไผ่,M,N,112,,
,2568-10-01,2568-10-01,กฟส.,กฟน.3,เพชรบูรณ์,กฟส.หล่มสัก,กฟส.หล่มสัก,หล่มสัก,M,N,112,,
,2568-10-01,2568-10-01,กฟส.,กฟน.3,เพชรบูรณ์,กฟส.หล่มเก่า,กฟส.หล่มเก่า,หล่มเก่า,S,N,113,,
,2568-10-01,2568-10-01,กฟส.,กฟน.3,เพชรบูรณ์,กฟส.เขาค้อ,กฟส.เขาค้อ,เขาค้อ,XS,N,114,,
,2568-10-01,2568-10-01,กฟส.,กฟน.3,เพชรบูรณ์,กฟส.เมืองเพชรบูรณ์,กฟส.เมืองเพชรบูรณ์,เมืองเพชรบูรณ์,L,N,111,,
,2568-10-01,2568-10-01,กฟส.,กฟน.3,เพชรบูรณ์,กฟส.แคมป์สน,กฟส.แคมป์สน,แคมป์สน,XS,N,114,,
,2569-01-01,2569-01-01,กฟจ.,กฟก.1,นครนายก,กฟจ.นครนายก,กฟจ.นครนำยก,นครนายก,S,Y,105,,ยกระดับจาก กฟส.เมืองนครนำยก (ขนาดเดิม M)
,2569-01-01,2569-01-01,กฟส.,กฟก.1,นครนายก,กฟส.บ้านนา,กฟส.บ้านนา,บ้านนา,M,N,112,,
,2569-01-01,2569-01-01,กฟส.,กฟก.1,นครนายก,กฟส.ปำกพลี,กฟส.ปำกพลี,ปากพลี,XS,N,114,,
,2569-01-01,2569-01-01,กฟส.,กฟก.1,นครนายก,กฟส.องครักษ์,กฟส.องครักษ์,องครักษ์,M,N,112,,
,2569-01-01,2569-01-01,กฟจ.,กฟก.1,ปทุมธานี,กฟจ.ปทุมธานี,กฟจ.ปทุมธำนี,ปทุมธานี,L,Y,104,,ยกระดับจาก กฟส.เมืองปทุมธำนี (ขนาดเดิม L)
,2569-01-01,2569-01-01,กฟส.,กฟก.1,ปทุมธานี,กฟส.คลองหลวง,กฟส.คลองหลวง,คลองหลวง,L,N,111,,
,2569-01-01,2569-01-01,กฟส.,กฟก.1,ปทุมธานี,กฟส.ธัญบุรี,กฟส.ธัญบุรี,ธัญบุรี,L,N,111,,
,2569-01-01,2569-01-01,กฟส.,กฟก.1,ปทุมธานี,กฟส.รังสิต,กฟส.รังสิต,รังสิต,L,N,111,,
,2569-01-01,2569-01-01,กฟส.,กฟก.1,ปทุมธานี,กฟส.ลาดหลุมแก้ว,กฟส.ลาดหลุมแก้ว,ลาดหลุมแก้ว,L,N,111,,
,2569-01-01,2569-01-01,กฟส.,กฟก.1,ปทุมธานี,กฟส.ลำลูกกำ,กฟส.ลำลูกกำ,ลาลูกกา,L,N,111,,
,2569-01-01,2569-01-01,กฟส.,กฟก.1,ปทุมธานี,กฟส.สำมโคก,กฟส.สำมโคก,สามโคก,S,N,113,,
,2569-01-01,2569-01-01,กฟส.,กฟก.1,ปทุมธานี,กฟส.หนองเสือ,กฟส.หนองเสือ,หนองเสือ,M,N,112,,
,2569-01-01,2569-01-01,กฟส.,กฟก.1,ปทุมธานี,กฟส.เมืองปทุมธำนี2,กฟส.เมืองปทุมธำนี2,เมืองปทุมธานี2,L,N,111,,
,2569-01-01,2569-01-01,กฟจ.,กฟก.1,ปราจีนบุรี,กฟจ.ปราจีนบุรี,กฟจ.ปรำจีนบุรี,ปราจีนบุรี,S,Y,105,,ยกระดับจาก กฟส.เมืองปรำจีนบุรี (ขนาดเดิม M)
,2569-01-01,2569-01-01,กฟส.,กฟก.1,ปราจีนบุรี,กฟส.กบินทร์บุรี,กฟส.กบินทร์บุรี,กบินทร์บุรี,M,N,112,,
,2569-01-01,2569-01-01,กฟส.,กฟก.1,ปราจีนบุรี,กฟส.ท่าตูม,กฟส.ท่าตูม,ท่าตูม,XS,N,114,,
,2569-01-01,2569-01-01,กฟส.,กฟก.1,ปราจีนบุรี,กฟส.นำดี,กฟส.นำดี,นาดี,M,N,112,,
,2569-01-01,2569-01-01,กฟส.,กฟก.1,ปราจีนบุรี,กฟส.บ้านสร้าง,กฟส.บ้านสร้าง,บ้านสร้าง,S,N,113,,
,2569-01-01,2569-01-01,กฟส.,กฟก.1,ปราจีนบุรี,กฟส.ประจันตคำม,กฟส.ประจันตคำม,ประจันตคาม,S,N,113,,
,2569-01-01,2569-01-01,กฟส.,กฟก.1,ปราจีนบุรี,กฟส.วังตะเคียน,กฟส.วังตะเคียน,วังตะเคียน,XS,N,114,,
,2569-01-01,2569-01-01,กฟส.,กฟก.1,ปราจีนบุรี,กฟส.ศรีมหำโพธิ,กฟส.ศรีมหำโพธิ,ศรีมหาโพธิ,L,N,111,,
,2569-01-01,2569-01-01,กฟส.,กฟก.1,ปราจีนบุรี,กฟส.ศรีมโหสถ,กฟส.ศรีมโหสถ,ศรีมโหสถ,XS,N,114,,
,2569-01-01,2569-01-01,กฟจ.,กฟก.1,พระนครศรีอยุธยา,กฟจ.พระนครศรีอยุธยา,กฟจ.พระนครศรีอยุธยำ,พระนครศรีอยุธยา,L,Y,104,,
,2569-01-01,2569-01-01,กฟส.,กฟก.1,พระนครศรีอยุธยา,กฟส.ดอนพุด,กฟส.ดอนพุด,ดอนพุด,XS,N,114,,
,2569-01-01,2569-01-01,กฟส.,กฟก.1,พระนครศรีอยุธยา,กฟส.ท่าเรือ,กฟส.ท่าเรือ,ท่าเรือ,M,N,112,,
,2569-01-01,2569-01-01,กฟส.,กฟก.1,พระนครศรีอยุธยา,กฟส.นครหลวง,กฟส.นครหลวง,นครหลวง,S,N,113,,
,2569-01-01,2569-01-01,กฟส.,กฟก.1,พระนครศรีอยุธยา,กฟส.บางซ้าย,กฟส.บางซ้าย,บางซ้าย,XS,N,114,,
,2569-01-01,2569-01-01,กฟส.,กฟก.1,พระนครศรีอยุธยา,กฟส.บำงบำล,กฟส.บำงบำล,บางบาล,XS,N,114,,
,2569-01-01,2569-01-01,กฟส.,กฟก.1,พระนครศรีอยุธยา,กฟส.บำงปะหัน,กฟส.บำงปะหัน,บางปะหัน,S,N,113,,
,2569-01-01,2569-01-01,กฟส.,กฟก.1,พระนครศรีอยุธยา,กฟส.บำงปะอิน,กฟส.บำงปะอิน,บางปะอิน,L,N,111,,
,2569-01-01,2569-01-01,กฟส.,กฟก.1,พระนครศรีอยุธยา,กฟส.บำงไทร,กฟส.บำงไทร,บางไทร,XS,N,114,,
,2569-01-01,2569-01-01,กฟส.,กฟก.1,พระนครศรีอยุธยา,กฟส.บ้านหมอ,กฟส.บ้านหมอ,บ้านหมอ,XS,N,114,,
,2569-01-01,2569-01-01,กฟส.,กฟก.1,พระนครศรีอยุธยา,กฟส.บ้านแพรก,กฟส.บ้านแพรก,บ้านแพรก,XS,N,114,,
,2569-01-01,2569-01-01,กฟส.,กฟก.1,พระนครศรีอยุธยา,กฟส.ประตูน้ำพระอินทร,กฟส.ประตูน้ำพระอินทร,ประตูน้าพระอินทร,M,N,112,,
,2569-01-01,2569-01-01,กฟส.,กฟก.1,พระนครศรีอยุธยา,กฟส.ผักไห่,กฟส.ผักไห่,ผักไห่,S,N,113,,
,2569-01-01,2569-01-01,กฟส.,กฟก.1,พระนครศรีอยุธยา,กฟส.ภำชี,กฟส.ภำชี,ภาชี,XS,N,114,,
,2569-01-01,2569-01-01,กฟส.,กฟก.1,พระนครศรีอยุธยา,กฟส.มหำรำช,กฟส.มหำรำช,มหาราช,XS,N,114,,
,2569-01-01,2569-01-01,กฟส.,กฟก.1,พระนครศรีอยุธยา,กฟส.ลำดบัวหลวง,กฟส.ลำดบัวหลวง,ลาดบัวหลวง,S,N,113,,
,2569-01-01,2569-01-01,กฟส.,กฟก.1,พระนครศรีอยุธยา,กฟส.วังน้อย,กฟส.วังน้อย,วังน้อย,M,N,112,,
,2569-01-01,2569-01-01,กฟส.,กฟก.1,พระนครศรีอยุธยา,กฟส.อุทัย,กฟส.อุทัย,อุทัย,M,N,112,,
,2569-01-01,2569-01-01,กฟส.,กฟก.1,พระนครศรีอยุธยา,กฟส.เสนำ,กฟส.เสนำ,เสนา,M,N,112,,
,2569-01-01,2569-01-01,กฟจ.,กฟก.1,สระบุรี,กฟจ.สระบุรี,กฟจ.สระบุรี,สระบุรี,L,Y,104,,ยกระดับจาก กฟส.เมืองสระบุรี (ขนาดเดิม L)
,2569-01-01,2569-01-01,กฟส.,กฟก.1,สระบุรี,กฟส.ซับสนุ่น,กฟส.ซับสนุ่น,ซับสนุ่น,XS,N,114,,
,2569-01-01,2569-01-01,กฟส.,กฟก.1,สระบุรี,กฟส.บ้านหินกอง,กฟส.บ้านหินกอง,บ้านหินกอง,M,N,112,,
,2569-01-01,2569-01-01,กฟส.,กฟก.1,สระบุรี,กฟส.พระพุทธบำท,กฟส.พระพุทธบำท,พระพุทธบาท,M,N,112,,
,2569-01-01,2569-01-01,กฟส.,กฟก.1,สระบุรี,กฟส.มวกเหล็ก,กฟส.มวกเหล็ก,มวกเหล็ก,M,N,112,,
,2569-01-01,2569-01-01,กฟส.,กฟก.1,สระบุรี,กฟส.วังม่วง,กฟส.วังม่วง,วังม่วง,XS,N,114,,
,2569-01-01,2569-01-01,กฟส.,กฟก.1,สระบุรี,กฟส.วิหำรแดง,กฟส.วิหำรแดง,วิหารแดง,S,N,113,,
,2569-01-01,2569-01-01,กฟส.,กฟก.1,สระบุรี,กฟส.หนองแค,กฟส.หนองแค,หนองแค,M,N,112,,
,2569-01-01,2569-01-01,กฟส.,กฟก.1,สระบุรี,กฟส.หนองแซง,กฟส.หนองแซง,หนองแซง,XS,N,114,,
,2569-01-01,2569-01-01,กฟส.,กฟก.1,สระบุรี,กฟส.หนองโดน,กฟส.หนองโดน,หนองโดน,XS,N,114,,
,2569-01-01,2569-01-01,กฟส.,กฟก.1,สระบุรี,กฟส.เสาไห้,กฟส.เสาไห้,เสาไห้,XS,N,114,,
,2569-01-01,2569-01-01,กฟส.,กฟก.1,สระบุรี,กฟส.แก่งคอย,กฟส.แก่งคอย,แก่งคอย,L,N,111,,
,2569-01-01,2569-01-01,กฟจ.,กฟก.1,สระแก้ว,กฟจ.สระแก้ว,กฟจ.สระแก้ว,สระแก้ว,S,Y,105,,ยกระดับจาก กฟส.เมืองสระแก้ว (ขนาดเดิม M)
,2569-01-01,2569-01-01,กฟส.,กฟก.1,สระแก้ว,กฟส.คลองหำด,กฟส.คลองหำด,คลองหาด,XS,N,114,,
,2569-01-01,2569-01-01,กฟส.,กฟก.1,สระแก้ว,กฟส.ตำพระยำ,กฟส.ตำพระยำ,ตาพระยา,XS,N,114,,
,2569-01-01,2569-01-01,กฟส.,กฟก.1,สระแก้ว,กฟส.วังน้ำเย็น,กฟส.วังน้ำเย็น,วังน้าเย็น,S,N,113,,
,2569-01-01,2569-01-01,กฟส.,กฟก.1,สระแก้ว,กฟส.วังสมบูรณ์,กฟส.วังสมบูรณ์,วังสมบูรณ์,XS,N,114,,
,2569-01-01,2569-01-01,กฟส.,กฟก.1,สระแก้ว,กฟส.วัฒนำนคร,กฟส.วัฒนำนคร,วัฒนานคร,S,N,113,,
,2569-01-01,2569-01-01,กฟส.,กฟก.1,สระแก้ว,กฟส.อรัญประเทศ,กฟส.อรัญประเทศ,อรัญประเทศ,M,N,112,,
,2569-01-01,2569-01-01,กฟส.,กฟก.1,สระแก้ว,กฟส.เขาฉกรรจ์,กฟส.เขาฉกรรจ์,เขาฉกรรจ์,XS,N,114,,
,2569-01-01,2569-01-01,กฟส.,กฟก.1,สระแก้ว,กฟส.โคกสูง,กฟส.โคกสูง,โคกสูง,XS,N,114,,
,2569-01-01,2569-01-01,กฟจ.,กฟก.1,อ่างทอง,กฟจ.อ่างทอง,กฟจ.อ่างทอง,อ่างทอง,S,Y,105,,ยกระดับจาก กฟส.เมืองอ่างทอง (ขนาดเดิม M)
,2569-01-01,2569-01-01,กฟส.,กฟก.1,อ่างทอง,กฟส.ป่าโมก,กฟส.ป่าโมก,ป่าโมก,S,N,113,,
,2569-01-01,2569-01-01,กฟส.,กฟก.1,อ่างทอง,กฟส.วิเศษชัยชำญ,กฟส.วิเศษชัยชำญ,วิเศษชัยชาญ,S,N,113,,
,2569-01-01,2569-01-01,กฟส.,กฟก.1,อ่างทอง,กฟส.สามโก้,กฟส.สามโก้,สามโก้,XS,N,114,,
,2569-01-01,2569-01-01,กฟส.,กฟก.1,อ่างทอง,กฟส.แสวงหำ,กฟส.แสวงหำ,แสวงหา,XS,N,114,,
,2569-01-01,2569-01-01,กฟส.,กฟก.1,อ่างทอง,กฟส.โพธิทอง,กฟส.โพธิทอง,โพธิทอง,S,N,113,,
,2569-01-01,2569-01-01,กฟส.,กฟก.1,อ่างทอง,กฟส.ไชโย,กฟส.ไชโย,ไชโย,XS,N,114,,
,2569-01-01,2569-01-01,กฟจ.,กฟก.2,จันทบุรี,กฟจ.จันทบุรี,กฟจ.จันทบุรี,จันทบุรี,S,Y,105,,ยกระดับจาก กฟส.เมืองจันทบุรี (ขนาดเดิม L)
,2569-01-01,2569-01-01,กฟส.,กฟก.2,จันทบุรี,กฟส.ขลุง,กฟส.ขลุง,ขลุง,S,N,113,,
,2569-01-01,2569-01-01,กฟส.,กฟก.2,จันทบุรี,กฟส.ท่าใหม่,กฟส.ท่าใหม่,ท่าใหม่,S,N,113,,
,2569-01-01,2569-01-01,กฟส.,กฟก.2,จันทบุรี,กฟส.นำยำยอำม,กฟส.นำยำยอำม,นายายอาม,M,N,112,,
,2569-01-01,2569-01-01,กฟส.,กฟก.2,จันทบุรี,กฟส.บ่อเวฬุ,กฟส.บ่อเวฬุ,บ่อเวฬุ,XS,N,114,,
,2569-01-01,2569-01-01,กฟส.,กฟก.2,จันทบุรี,กฟส.มะขำม,กฟส.มะขำม,มะขาม,XS,N,114,,
,2569-01-01,2569-01-01,กฟส.,กฟก.2,จันทบุรี,กฟส.สอยดำว,กฟส.สอยดำว,สอยดาว,M,N,112,,
,2569-01-01,2569-01-01,กฟส.,กฟก.2,จันทบุรี,กฟส.หนองคล้า,กฟส.หนองคล้า,หนองคล้า,XS,N,114,,
,2569-01-01,2569-01-01,กฟส.,กฟก.2,จันทบุรี,กฟส.เขำคิชฌกูฏ,กฟส.เขำคิชฌกูฏ,เขาคิชฌกูฏ,XS,N,114,,
,2569-01-01,2569-01-01,กฟส.,กฟก.2,จันทบุรี,กฟส.เตาหม้อ,กฟส.เตาหม้อ,เตาหม้อ,XS,N,114,,
,2569-01-01,2569-01-01,กฟส.,กฟก.2,จันทบุรี,กฟส.แก่งหางแมว,กฟส.แก่งหางแมว,แก่งหางแมว,XS,N,114,,
,2569-01-01,2569-01-01,กฟส.,กฟก.2,จันทบุรี,กฟส.แหลมสิงห์,กฟส.แหลมสิงห์,แหลมสิงห์,S,N,113,,
,2569-01-01,2569-01-01,กฟส.,กฟก.2,จันทบุรี,กฟส.โป่งน้ำร้อน,กฟส.โป่งน้ำร้อน,โป่งน้าร้อน,XS,N,114,,
,2569-01-01,2569-01-01,กฟจ.,กฟก.2,ฉะเชิงเทรา,กฟจ.ฉะเชิงเทรา,กฟจ.ฉะเชิงเทรำ,ฉะเชิงเทรา,L,Y,104,,ยกระดับจาก กฟส.เมืองฉะเชิงเทรำ (ขนาดเดิม L)
,2569-01-01,2569-01-01,กฟส.,กฟก.2,ฉะเชิงเทรา,กฟส.คลองเขื่อน,กฟส.คลองเขื่อน,คลองเขื่อน,XS,N,114,,
,2569-01-01,2569-01-01,กฟส.,กฟก.2,ฉะเชิงเทรา,กฟส.ดอนฉิมพลี,กฟส.ดอนฉิมพลี,ดอนฉิมพลี,XS,N,114,,
,2569-01-01,2569-01-01,กฟส.,กฟก.2,ฉะเชิงเทรา,กฟส.ท่าตะเกียบ,กฟส.ท่าตะเกียบ,ท่าตะเกียบ,XS,N,114,,
,2569-01-01,2569-01-01,กฟส.,กฟก.2,ฉะเชิงเทรา,กฟส.บางคล้า,กฟส.บางคล้า,บางคล้า,S,N,113,,
,2569-01-01,2569-01-01,กฟส.,กฟก.2,ฉะเชิงเทรา,กฟส.บำงน้ำเปรี้ยว,กฟส.บำงน้ำเปรี้ยว,บางน้าเปรี้ยว,S,N,113,,
,2569-01-01,2569-01-01,กฟส.,กฟก.2,ฉะเชิงเทรา,กฟส.บำงปะกง,กฟส.บำงปะกง,บางปะกง,L,N,111,,
,2569-01-01,2569-01-01,กฟส.,กฟก.2,ฉะเชิงเทรา,กฟส.บ้านคลองเจ้า,กฟส.บ้านคลองเจ้า,บ้านคลองเจ้า,M,N,112,,
,2569-01-01,2569-01-01,กฟส.,กฟก.2,ฉะเชิงเทรา,กฟส.บ้านโพธิ์,กฟส.บ้านโพธิ์,บ้านโพธิ์,XS,N,114,,
,2569-01-01,2569-01-01,กฟส.,กฟก.2,ฉะเชิงเทรา,กฟส.พนมสำรคำม,กฟส.พนมสำรคำม,พนมสารคาม,M,N,112,,
,2569-01-01,2569-01-01,กฟส.,กฟก.2,ฉะเชิงเทรา,กฟส.ราชสาสน,กฟส.ราชสาสน,ราชสาสน,XS,N,114,,
,2569-01-01,2569-01-01,กฟส.,กฟก.2,ฉะเชิงเทรา,กฟส.สนำมชัยเขต,กฟส.สนำมชัยเขต,สนามชัยเขต,S,N,113,,
,2569-01-01,2569-01-01,กฟส.,กฟก.2,ฉะเชิงเทรา,กฟส.เทพรำช,กฟส.เทพรำช,เทพราช,XS,N,114,,
,2569-01-01,2569-01-01,กฟส.,กฟก.2,ฉะเชิงเทรา,กฟส.แปลงยำว,กฟส.แปลงยำว,แปลงยาว,S,N,113,,
,2569-01-01,2569-01-01,กฟจ.,กฟก.2,ชลบุรี,กฟจ.ชลบุรี,กฟจ.ชลบุรี,ชลบุรี,L,Y,104,,ยกระดับจาก กฟส.เมืองชลบุรี (ขนาดเดิม L)
,2569-01-01,2569-01-01,กฟส.,กฟก.2,ชลบุรี,กฟส.จอมเทียน,กฟส.จอมเทียน,จอมเทียน,L,N,111,,
,2569-01-01,2569-01-01,กฟส.,กฟก.2,ชลบุรี,กฟส.บำงแสน,กฟส.บำงแสน,บางแสน,L,N,111,,
,2569-01-01,2569-01-01,กฟส.,กฟก.2,ชลบุรี,กฟส.บึง,กฟส.บึง,บึง,L,N,111,,
,2569-01-01,2569-01-01,กฟส.,กฟก.2,ชลบุรี,กฟส.บ่อทอง,กฟส.บ่อทอง,บ่อทอง,S,N,113,,
,2569-01-01,2569-01-01,กฟส.,กฟก.2,ชลบุรี,กฟส.บ้านบึง,กฟส.บ้านบึง,บ้านบึง,L,N,111,,
,2569-01-01,2569-01-01,กฟส.,กฟก.2,ชลบุรี,กฟส.บ้านเกาะล้าน,กฟส.บ้านเกาะล้าน,บ้านเกาะล้าน,XS,N,114,,
,2569-01-01,2569-01-01,กฟส.,กฟก.2,ชลบุรี,กฟส.พนัสนิคม,กฟส.พนัสนิคม,พนัสนิคม,M,N,112,,
,2569-01-01,2569-01-01,กฟส.,กฟก.2,ชลบุรี,กฟส.พำนทอง,กฟส.พำนทอง,พานทอง,L,N,111,,
,2569-01-01,2569-01-01,กฟส.,กฟก.2,ชลบุรี,กฟส.ศรีรำชำ,กฟส.ศรีรำชำ,ศรีราชา,L,N,111,,
,2569-01-01,2569-01-01,กฟส.,กฟก.2,ชลบุรี,กฟส.หนองใหญ่,กฟส.หนองใหญ่,หนองใหญ่,S,N,113,,
,2569-01-01,2569-01-01,กฟส.,กฟก.2,ชลบุรี,กฟส.เกาะจันทร์,กฟส.เกาะจันทร์,เกาะจันทร์,S,N,113,,
,2569-01-01,2569-01-01,กฟส.,กฟก.2,ชลบุรี,กฟส.เกำะสีชัง,กฟส.เกำะสีชัง,เกาะสีชัง,XS,N,114,,
,2569-01-01,2569-01-01,กฟส.,กฟก.2,ชลบุรี,กฟส.เมืองพัทยำ,กฟส.เมืองพัทยำ,เมืองพัทยา,L,N,111,,
,2569-01-01,2569-01-01,กฟส.,กฟก.2,ชลบุรี,กฟส.แหลมฉบัง,กฟส.แหลมฉบัง,แหลมฉบัง,L,N,111,,
,2569-01-01,2569-01-01,กฟจ.,กฟก.2,ตราด,กฟจ.ตราด,กฟจ.ตรำด,ตราด,S,Y,105,,ยกระดับจาก กฟส.เมืองตรำด (ขนาดเดิม L)
,2569-01-01,2569-01-01,กฟส.,กฟก.2,ตราด,กฟส.คลองใหญ่,กฟส.คลองใหญ่,คลองใหญ่,S,N,113,,
,2569-01-01,2569-01-01,กฟส.,กฟก.2,ตราด,กฟส.บ่อไร่,กฟส.บ่อไร่,บ่อไร่,XS,N,114,,
,2569-01-01,2569-01-01,กฟส.,กฟก.2,ตราด,กฟส.เกำะกูด,กฟส.เกำะกูด,เกาะกูด,XS,N,114,,
,2569-01-01,2569-01-01,กฟส.,กฟก.2,ตราด,กฟส.เกาะช้าง,กฟส.เกาะช้าง,เกาะช้าง,S,N,113,,
,2569-01-01,2569-01-01,กฟส.,กฟก.2,ตราด,กฟส.เกำะหมำก,กฟส.เกำะหมำก,เกาะหมาก,XS,N,114,,
,2569-01-01,2569-01-01,กฟส.,กฟก.2,ตราด,กฟส.เขำสมิง,กฟส.เขำสมิง,เขาสมิง,M,N,112,,
,2569-01-01,2569-01-01,กฟส.,กฟก.2,ตราด,กฟส.แหลมงอบ,กฟส.แหลมงอบ,แหลมงอบ,XS,N,114,,
,2569-01-01,2569-01-01,กฟจ.,กฟก.2,ระยอง,กฟจ.ระยอง,กฟจ.ระยอง,ระยอง,L,Y,104,,ยกระดับจาก กฟส.เมืองระยอง (ขนาดเดิม L)
,2569-01-01,2569-01-01,กฟส.,กฟก.2,ระยอง,กฟส.กร่ำ,กฟส.กร่ำ,กร่า,XS,N,114,,
,2569-01-01,2569-01-01,กฟส.,กฟก.2,ระยอง,กฟส.นิคมพัฒนำ,กฟส.นิคมพัฒนำ,นิคมพัฒนา,S,N,113,,
,2569-01-01,2569-01-01,กฟส.,กฟก.2,ระยอง,กฟส.บ้านค่าย,กฟส.บ้านค่าย,บ้านค่าย,M,N,112,,
,2569-01-01,2569-01-01,กฟส.,กฟก.2,ระยอง,กฟส.บ้านฉาง,กฟส.บ้านฉาง,บ้านฉาง,M,N,112,,
,2569-01-01,2569-01-01,กฟส.,กฟก.2,ระยอง,กฟส.ปลวกแดง,กฟส.ปลวกแดง,ปลวกแดง,L,N,111,,
,2569-01-01,2569-01-01,กฟส.,กฟก.2,ระยอง,กฟส.มำบตำพุด,กฟส.มำบตำพุด,มาบตาพุด,L,N,111,,
,2569-01-01,2569-01-01,กฟส.,กฟก.2,ระยอง,กฟส.วังจันทร์,กฟส.วังจันทร์,วังจันทร์,XS,N,114,,
,2569-01-01,2569-01-01,กฟส.,กฟก.2,ระยอง,กฟส.เกำะเสม็ด,กฟส.เกำะเสม็ด,เกาะเสม็ด,XS,N,114,,
,2569-01-01,2569-01-01,กฟส.,กฟก.2,ระยอง,กฟส.เขำชะเมำ,กฟส.เขำชะเมำ,เขาชะเมา,XS,N,114,,
,2569-01-01,2569-01-01,กฟส.,กฟก.2,ระยอง,กฟส.เพ,กฟส.เพ,เพ,S,N,113,,
,2569-01-01,2569-01-01,กฟส.,กฟก.2,ระยอง,กฟส.แกลง,กฟส.แกลง,แกลง,L,N,111,,
,2569-01-01,2569-01-01,กฟจ.,กฟก.3,กาญจนบุรี,กฟจ.กาญจนบุรี,กฟจ.กำญจนบุรี,กาญจนบุรี,L,Y,104,,ยกระดับจาก กฟส.เมืองกำญจนบุรี (ขนาดเดิม L)
,2569-01-01,2569-01-01,กฟส.,กฟก.3,กาญจนบุรี,กฟส.ด่านมะขามเตี้ย,กฟส.ด่านมะขามเตี้ย,ด่านมะขามเตี้ย,S,N,113,,
,2569-01-01,2569-01-01,กฟส.,กฟก.3,กาญจนบุรี,กฟส.ทองผำภูมิ,กฟส.ทองผำภูมิ,ทองผาภูมิ,S,N,113,,
,2569-01-01,2569-01-01,กฟส.,กฟก.3,กาญจนบุรี,กฟส.ท่ากระดาน,กฟส.ท่ากระดาน,ท่ากระดาน,XS,N,114,,
,2569-01-01,2569-01-01,กฟส.,กฟก.3,กาญจนบุรี,กฟส.ท่ามะกา,กฟส.ท่ามะกา,ท่ามะกา,M,N,112,,
,2569-01-01,2569-01-01,กฟส.,กฟก.3,กาญจนบุรี,กฟส.ท่าม่วง,กฟส.ท่าม่วง,ท่าม่วง,S,N,113,,
,2569-01-01,2569-01-01,กฟส.,กฟก.3,กาญจนบุรี,กฟส.ท่าเรือ,กฟส.ท่าเรือ,ท่าเรือ,S,N,113,,
,2569-01-01,2569-01-01,กฟส.,กฟก.3,กาญจนบุรี,กฟส.บ่อพลอย,กฟส.บ่อพลอย,บ่อพลอย,M,N,112,,
,2569-01-01,2569-01-01,กฟส.,กฟก.3,กาญจนบุรี,กฟส.บ้านตลาดสำรอง,กฟส.บ้านตลาดสำรอง,บ้านตลาดสารอง,XS,N,114,,
,2569-01-01,2569-01-01,กฟส.,กฟก.3,กาญจนบุรี,กฟส.พนมทวน,กฟส.พนมทวน,พนมทวน,S,N,113,,
,2569-01-01,2569-01-01,กฟส.,กฟก.3,กาญจนบุรี,กฟส.ลาดหญ้า,กฟส.ลาดหญ้า,ลาดหญ้า,S,N,113,,
,2569-01-01,2569-01-01,กฟส.,กฟก.3,กาญจนบุรี,กฟส.ศรีสวัสดิ,กฟส.ศรีสวัสดิ,ศรีสวัสดิ,XS,N,114,,
,2569-01-01,2569-01-01,กฟส.,กฟก.3,กาญจนบุรี,กฟส.สังขละบุรี,กฟส.สังขละบุรี,สังขละบุรี,XS,N,114,,
,2569-01-01,2569-01-01,กฟส.,กฟก.3,กาญจนบุรี,กฟส.หนองปรือ,กฟส.หนองปรือ,หนองปรือ,XS,N,114,,
,2569-01-01,2569-01-01,กฟส.,กฟก.3,กาญจนบุรี,กฟส.ห้วยกระเจา,กฟส.ห้วยกระเจา,ห้วยกระเจา,XS,N,114,,
,2569-01-01,2569-01-01,กฟส.,กฟก.3,กาญจนบุรี,กฟส.เลำขวัญ,กฟส.เลำขวัญ,เลาขวัญ,S,N,113,,
,2569-01-01,2569-01-01,กฟส.,กฟก.3,กาญจนบุรี,กฟส.ไทรโยค,กฟส.ไทรโยค,ไทรโยค,S,N,113,,
,2569-01-01,2569-01-01,กฟจ.,กฟก.3,นครปฐม,กฟจ.นครปฐม,กฟจ.นครปฐม,นครปฐม,L,Y,104,,ยกระดับจาก กฟส.เมืองนครปฐม (ขนาดเดิม L)
,2569-01-01,2569-01-01,กฟส.,กฟก.3,นครปฐม,กฟส.กำแพงแสน,กฟส.กำแพงแสน,กาแพงแสน,L,N,111,,
,2569-01-01,2569-01-01,กฟส.,กฟก.3,นครปฐม,กฟส.ดอนตูม,กฟส.ดอนตูม,ดอนตูม,S,N,113,,
,2569-01-01,2569-01-01,กฟส.,กฟก.3,นครปฐม,กฟส.นครชัยศรี,กฟส.นครชัยศรี,นครชัยศรี,M,N,112,,
,2569-01-01,2569-01-01,กฟส.,กฟก.3,นครปฐม,กฟส.บำงหลวง,กฟส.บำงหลวง,บางหลวง,XS,N,114,,
,2569-01-01,2569-01-01,กฟส.,กฟก.3,นครปฐม,กฟส.บำงเลน,กฟส.บำงเลน,บางเลน,L,N,111,,
,2569-01-01,2569-01-01,กฟส.,กฟก.3,นครปฐม,กฟส.พุทธมณฑล,กฟส.พุทธมณฑล,พุทธมณฑล,M,N,112,,
,2569-01-01,2569-01-01,กฟส.,กฟก.3,นครปฐม,กฟส.สำมพรำน,กฟส.สำมพรำน,สามพราน,L,N,111,,
,2569-01-01,2569-01-01,กฟจ.,กฟก.3,สมุทรสาคร,กฟจ.สมุทรสาคร,กฟจ.สมุทรสำคร,สมุทรสาคร,L,Y,104,,
,2569-01-01,2569-01-01,กฟส.,กฟก.3,สมุทรสาคร,กฟส.กระทุ่มแบน,กฟส.กระทุ่มแบน,กระทุ่มแบน,L,N,111,,
,2569-01-01,2569-01-01,กฟส.,กฟก.3,สมุทรสาคร,กฟส.กำหลง,กฟส.กำหลง,กาหลง,XS,N,114,,
,2569-01-01,2569-01-01,กฟส.,กฟก.3,สมุทรสาคร,กฟส.คลองตัน,กฟส.คลองตัน,คลองตัน,XS,N,114,,
,2569-01-01,2569-01-01,กฟส.,กฟก.3,สมุทรสาคร,กฟส.บำงน้ำจืด,กฟส.บำงน้ำจืด,บางน้าจืด,S,N,113,,
,2569-01-01,2569-01-01,กฟส.,กฟก.3,สมุทรสาคร,กฟส.อ้อมน้อย,กฟส.อ้อมน้อย,อ้อมน้อย,L,N,111,,
,2569-01-01,2569-01-01,กฟส.,กฟก.3,สมุทรสาคร,กฟส.เมืองสมุทรสำคร2(บ้านแพ้ว),กฟส.เมืองสมุทรสำคร2(บ้านแพ้ว),เมืองสมุทรสาคร2(บ้านแพ้ว),M,N,112,,
,2569-01-01,2569-01-01,กฟส.,กฟก.3,สมุทรสาคร,กฟส.โคกขำม,กฟส.โคกขำม,โคกขาม,L,N,111,,
,2569-01-01,2569-01-01,กฟจ.,กฟก.3,สุพรรณบุรี,กฟจ.สุพรรณบุรี,กฟจ.สุพรรณบุรี,สุพรรณบุรี,S,Y,105,,ยกระดับจาก กฟส.เมืองสุพรรณบุรี (ขนาดเดิม L)
,2569-01-01,2569-01-01,กฟส.,กฟก.3,สุพรรณบุรี,กฟส.ดอนเจดีย์,กฟส.ดอนเจดีย์,ดอนเจดีย์,S,N,113,,
,2569-01-01,2569-01-01,กฟส.,กฟก.3,สุพรรณบุรี,กฟส.ด่านช้าง,กฟส.ด่านช้าง,ด่านช้าง,S,N,113,,
,2569-01-01,2569-01-01,กฟส.,กฟก.3,สุพรรณบุรี,กฟส.ทุ่งคอก,กฟส.ทุ่งคอก,ทุ่งคอก,XS,N,114,,
,2569-01-01,2569-01-01,กฟส.,กฟก.3,สุพรรณบุรี,กฟส.บางปลาม้า,กฟส.บางปลาม้า,บางปลาม้า,S,N,113,,
,2569-01-01,2569-01-01,กฟส.,กฟก.3,สุพรรณบุรี,กฟส.มะขามล้ม,กฟส.มะขามล้ม,มะขามล้ม,XS,N,114,,
,2569-01-01,2569-01-01,กฟส.,กฟก.3,สุพรรณบุรี,กฟส.ศรีประจันต์,กฟส.ศรีประจันต์,ศรีประจันต์,S,N,113,,
,2569-01-01,2569-01-01,กฟส.,กฟก.3,สุพรรณบุรี,กฟส.สวนแตง,กฟส.สวนแตง,สวนแตง,XS,N,114,,
,2569-01-01,2569-01-01,กฟส.,กฟก.3,สุพรรณบุรี,กฟส.สองพี่น้อง,กฟส.สองพี่น้อง,สองพี่น้อง,S,N,113,,
,2569-01-01,2569-01-01,กฟส.,กฟก.3,สุพรรณบุรี,กฟส.สำมชุก,กฟส.สำมชุก,สามชุก,S,N,113,,
,2569-01-01,2569-01-01,กฟส.,กฟก.3,สุพรรณบุรี,กฟส.หนองหญ้าไซ,กฟส.หนองหญ้าไซ,หนองหญ้าไซ,S,N,113,,
,2569-01-01,2569-01-01,กฟส.,กฟก.3,สุพรรณบุรี,กฟส.อู่ทอง,กฟส.อู่ทอง,อู่ทอง,M,N,112,,
,2569-01-01,2569-01-01,กฟส.,กฟก.3,สุพรรณบุรี,กฟส.เดิมบำงนำงบวช,กฟส.เดิมบำงนำงบวช,เดิมบางนางบวช,M,N,112,,
,2569-01-01,2569-01-01,กฟจ.,กฟฉ.1,ขอนแก่น,กฟจ.ขอนแก่น,กฟจ.ขอนแก่น,ขอนแก่น,L,Y,104,,ยกระดับจาก กฟส.เมืองขอนแก่น (ขนาดเดิม L)
,2569-01-01,2569-01-01,กฟส.,กฟฉ.1,ขอนแก่น,กฟส.กระนวน,กฟส.กระนวน,กระนวน,S,N,113,,
,2569-01-01,2569-01-01,กฟส.,กฟฉ.1,ขอนแก่น,กฟส.ชนบท,กฟส.ชนบท,ชนบท,XS,N,114,,
,2569-01-01,2569-01-01,กฟส.,กฟฉ.1,ขอนแก่น,กฟส.ชุมแพ,กฟส.ชุมแพ,ชุมแพ,M,N,112,,
,2569-01-01,2569-01-01,กฟส.,กฟฉ.1,ขอนแก่น,กฟส.ซำสูง,กฟส.ซำสูง,ซาสูง,XS,N,114,,
,2569-01-01,2569-01-01,กฟส.,กฟฉ.1,ขอนแก่น,กฟส.ท่าพระ,กฟส.ท่าพระ,ท่าพระ,XS,N,114,,
,2569-01-01,2569-01-01,กฟส.,กฟฉ.1,ขอนแก่น,กฟส.น้ำพอง,กฟส.น้ำพอง,น้าพอง,S,N,113,,
,2569-01-01,2569-01-01,กฟส.,กฟฉ.1,ขอนแก่น,กฟส.บ้านฝาง,กฟส.บ้านฝาง,บ้านฝาง,S,N,113,,
,2569-01-01,2569-01-01,กฟส.,กฟฉ.1,ขอนแก่น,กฟส.บ้านแฮด,กฟส.บ้านแฮด,บ้านแฮด,XS,N,114,,
,2569-01-01,2569-01-01,กฟส.,กฟฉ.1,ขอนแก่น,กฟส.บ้านไผ่,กฟส.บ้านไผ่,บ้านไผ่,M,N,112,,
,2569-01-01,2569-01-01,กฟส.,กฟฉ.1,ขอนแก่น,กฟส.พระยืน,กฟส.พระยืน,พระยืน,XS,N,114,,
,2569-01-01,2569-01-01,กฟส.,กฟฉ.1,ขอนแก่น,กฟส.พล,กฟส.พล,พล,S,N,113,,
,2569-01-01,2569-01-01,กฟส.,กฟฉ.1,ขอนแก่น,กฟส.ภูผาม่าน,กฟส.ภูผาม่าน,ภูผาม่าน,XS,N,114,,
,2569-01-01,2569-01-01,กฟส.,กฟฉ.1,ขอนแก่น,กฟส.ภูเวียง,กฟส.ภูเวียง,ภูเวียง,S,N,113,,
,2569-01-01,2569-01-01,กฟส.,กฟฉ.1,ขอนแก่น,กฟส.มัญจำคีรี,กฟส.มัญจำคีรี,มัญจาคีรี,S,N,113,,
,2569-01-01,2569-01-01,กฟส.,กฟฉ.1,ขอนแก่น,กฟส.สีชมพู,กฟส.สีชมพู,สีชมพู,XS,N,114,,
,2569-01-01,2569-01-01,กฟส.,กฟฉ.1,ขอนแก่น,กฟส.หนองนำคำ,กฟส.หนองนำคำ,หนองนาคา,XS,N,114,,
,2569-01-01,2569-01-01,กฟส.,กฟฉ.1,ขอนแก่น,กฟส.หนองสองห้อง,กฟส.หนองสองห้อง,หนองสองห้อง,S,N,113,,
,2569-01-01,2569-01-01,กฟส.,กฟฉ.1,ขอนแก่น,กฟส.หนองเรือ,กฟส.หนองเรือ,หนองเรือ,S,N,113,,
,2569-01-01,2569-01-01,กฟส.,กฟฉ.1,ขอนแก่น,กฟส.อุบลรัตน์,กฟส.อุบลรัตน์,อุบลรัตน์,XS,N,114,,
,2569-01-01,2569-01-01,กฟส.,กฟฉ.1,ขอนแก่น,กฟส.เขำสวนกวำง,กฟส.เขำสวนกวำง,เขาสวนกวาง,XS,N,114,,
,2569-01-01,2569-01-01,กฟส.,กฟฉ.1,ขอนแก่น,กฟส.เปือยน้อย,กฟส.เปือยน้อย,เปือยน้อย,XS,N,114,,
,2569-01-01,2569-01-01,กฟส.,กฟฉ.1,ขอนแก่น,กฟส.เมืองขอนแก่น2,กฟส.เมืองขอนแก่น2,เมืองขอนแก่น2,L,N,111,,
,2569-01-01,2569-01-01,กฟส.,กฟฉ.1,ขอนแก่น,กฟส.เวียงเก่า,กฟส.เวียงเก่า,เวียงเก่า,XS,N,114,,
,2569-01-01,2569-01-01,กฟส.,กฟฉ.1,ขอนแก่น,กฟส.แวงน้อย,กฟส.แวงน้อย,แวงน้อย,XS,N,114,,
,2569-01-01,2569-01-01,กฟส.,กฟฉ.1,ขอนแก่น,กฟส.แวงใหญ่,กฟส.แวงใหญ่,แวงใหญ่,XS,N,114,,
,2569-01-01,2569-01-01,กฟส.,กฟฉ.1,ขอนแก่น,กฟส.โคกโพธิไชย,กฟส.โคกโพธิไชย,โคกโพธิไชย,XS,N,114,,
,2569-01-01,2569-01-01,กฟส.,กฟฉ.1,ขอนแก่น,กฟส.โนนศิลำ,กฟส.โนนศิลำ,โนนศิลา,XS,N,114,,
,2569-01-01,2569-01-01,กฟจ.,กฟฉ.1,นครพนม,กฟจ.นครพนม,กฟจ.นครพนม,นครพนม,S,Y,105,,ยกระดับจาก กฟส.เมืองนครพนม (ขนาดเดิม L)
,2569-01-01,2569-01-01,กฟส.,กฟฉ.1,นครพนม,กฟส.ท่าอุเทน,กฟส.ท่าอุเทน,ท่าอุเทน,XS,N,114,,
,2569-01-01,2569-01-01,กฟส.,กฟฉ.1,นครพนม,กฟส.ธำตุพนม,กฟส.ธำตุพนม,ธาตุพนม,S,N,113,,
,2569-01-01,2569-01-01,กฟส.,กฟฉ.1,นครพนม,กฟส.นำทม,กฟส.นำทม,นาทม,XS,N,114,,
,2569-01-01,2569-01-01,กฟส.,กฟฉ.1,นครพนม,กฟส.นาหว้า,กฟส.นาหว้า,นาหว้า,XS,N,114,,
,2569-01-01,2569-01-01,กฟส.,กฟฉ.1,นครพนม,กฟส.นำแก,กฟส.นำแก,นาแก,S,N,113,,
,2569-01-01,2569-01-01,กฟส.,กฟฉ.1,นครพนม,กฟส.บ้านแพง,กฟส.บ้านแพง,บ้านแพง,S,N,113,,
,2569-01-01,2569-01-01,กฟส.,กฟฉ.1,นครพนม,กฟส.ปลำปำก,กฟส.ปลำปำก,ปลาปาก,XS,N,114,,
,2569-01-01,2569-01-01,กฟส.,กฟฉ.1,นครพนม,กฟส.วังยำง,กฟส.วังยำง,วังยาง,XS,N,114,,
,2569-01-01,2569-01-01,กฟส.,กฟฉ.1,นครพนม,กฟส.ศรีสงครำม,กฟส.ศรีสงครำม,ศรีสงคราม,XS,N,114,,
,2569-01-01,2569-01-01,กฟส.,กฟฉ.1,นครพนม,กฟส.เรณูนคร,กฟส.เรณูนคร,เรณูนคร,XS,N,114,,
,2569-01-01,2569-01-01,กฟส.,กฟฉ.1,นครพนม,กฟส.โพนสวรรค์,กฟส.โพนสวรรค์,โพนสวรรค์,XS,N,114,,
,2569-01-01,2569-01-01,กฟจ.,กฟฉ.1,บึงกาฬ,กฟจ.บึงกาฬ,กฟจ.บึงกำฬ,บึงกาฬ,S,Y,105,,ยกระดับจาก กฟส.เมืองบึงกำฬ (ขนาดเดิม M)
,2569-01-01,2569-01-01,กฟส.,กฟฉ.1,บึงกาฬ,กฟส.บึงโขงหลง,กฟส.บึงโขงหลง,บึงโขงหลง,XS,N,114,,
,2569-01-01,2569-01-01,กฟส.,กฟฉ.1,บึงกาฬ,กฟส.บุ่งคล้า,กฟส.บุ่งคล้า,บุ่งคล้า,XS,N,114,,
,2569-01-01,2569-01-01,กฟส.,กฟฉ.1,บึงกาฬ,กฟส.ปำกคำด,กฟส.ปำกคำด,ปากคาด,XS,N,114,,
,2569-01-01,2569-01-01,กฟส.,กฟฉ.1,บึงกาฬ,กฟส.พรเจริญ,กฟส.พรเจริญ,พรเจริญ,XS,N,114,,
,2569-01-01,2569-01-01,กฟส.,กฟฉ.1,บึงกาฬ,กฟส.ศรีวิไล,กฟส.ศรีวิไล,ศรีวิไล,XS,N,114,,
,2569-01-01,2569-01-01,กฟส.,กฟฉ.1,บึงกาฬ,กฟส.เซกำ,กฟส.เซกำ,เซกา,S,N,113,,
,2569-01-01,2569-01-01,กฟส.,กฟฉ.1,บึงกาฬ,กฟส.โซ่พิสัย,กฟส.โซ่พิสัย,โซ่พิสัย,XS,N,114,,
,2569-01-01,2569-01-01,กฟจ.,กฟฉ.1,สกลนคร,กฟจ.สกลนคร,กฟจ.สกลนคร,สกลนคร,S,Y,105,,ยกระดับจาก กฟส.เมืองสกลนคร (ขนาดเดิม L)
,2569-01-01,2569-01-01,กฟส.,กฟฉ.1,สกลนคร,กฟส.กุดบำก,กฟส.กุดบำก,กุดบาก,XS,N,114,,
,2569-01-01,2569-01-01,กฟส.,กฟฉ.1,สกลนคร,กฟส.กุสุมาลย์,กฟส.กุสุมาลย์,กุสุมาลย์,XS,N,114,,
,2569-01-01,2569-01-01,กฟส.,กฟฉ.1,สกลนคร,กฟส.คำตากล้า,กฟส.คำตากล้า,คาตากล้า,XS,N,114,,
,2569-01-01,2569-01-01,กฟส.,กฟฉ.1,สกลนคร,กฟส.นิคมน้ำอูน,กฟส.นิคมน้ำอูน,นิคมน้าอูน,XS,N,114,,
,2569-01-01,2569-01-01,กฟส.,กฟฉ.1,สกลนคร,กฟส.บ้านม่วง,กฟส.บ้านม่วง,บ้านม่วง,XS,N,114,,
,2569-01-01,2569-01-01,กฟส.,กฟฉ.1,สกลนคร,กฟส.พรรณำนิคม,กฟส.พรรณำนิคม,พรรณานิคม,S,N,113,,
,2569-01-01,2569-01-01,กฟส.,กฟฉ.1,สกลนคร,กฟส.พังโคน,กฟส.พังโคน,พังโคน,M,N,112,,
,2569-01-01,2569-01-01,กฟส.,กฟฉ.1,สกลนคร,กฟส.ภูพำน,กฟส.ภูพำน,ภูพาน,XS,N,114,,
,2569-01-01,2569-01-01,กฟส.,กฟฉ.1,สกลนคร,กฟส.วำนรนิวำส,กฟส.วำนรนิวำส,วานรนิวาส,S,N,113,,
,2569-01-01,2569-01-01,กฟส.,กฟฉ.1,สกลนคร,กฟส.วำริชภูมิ,กฟส.วำริชภูมิ,วาริชภูมิ,XS,N,114,,
,2569-01-01,2569-01-01,กฟส.,กฟฉ.1,สกลนคร,กฟส.สว่างแดนดิน,กฟส.สว่างแดนดิน,สว่างแดนดิน,M,N,112,,
,2569-01-01,2569-01-01,กฟส.,กฟฉ.1,สกลนคร,กฟส.ส่องดาว,กฟส.ส่องดาว,ส่องดาว,XS,N,114,,
,2569-01-01,2569-01-01,กฟส.,กฟฉ.1,สกลนคร,กฟส.อำกำศอำนวย,กฟส.อำกำศอำนวย,อากาศอานวย,S,N,113,,
,2569-01-01,2569-01-01,กฟส.,กฟฉ.1,สกลนคร,กฟส.เจริญศิลป์,กฟส.เจริญศิลป์,เจริญศิลป์,XS,N,114,,
,2569-01-01,2569-01-01,กฟส.,กฟฉ.1,สกลนคร,กฟส.เต่างอย,กฟส.เต่างอย,เต่างอย,XS,N,114,,
,2569-01-01,2569-01-01,กฟส.,กฟฉ.1,สกลนคร,กฟส.โคกศรีสุพรรณ,กฟส.โคกศรีสุพรรณ,โคกศรีสุพรรณ,XS,N,114,,
,2569-01-01,2569-01-01,กฟส.,กฟฉ.1,สกลนคร,กฟส.โพนนาแก้ว,กฟส.โพนนาแก้ว,โพนนาแก้ว,XS,N,114,,
,2569-01-01,2569-01-01,กฟจ.,กฟฉ.1,หนองคาย,กฟจ.หนองคาย,กฟจ.หนองคำย,หนองคาย,S,Y,105,,ยกระดับจาก กฟส.เมืองหนองคำย (ขนาดเดิม L)
,2569-01-01,2569-01-01,กฟส.,กฟฉ.1,หนองคาย,กฟส.ท่าบ่อ,กฟส.ท่าบ่อ,ท่าบ่อ,S,N,113,,
,2569-01-01,2569-01-01,กฟส.,กฟฉ.1,หนองคาย,กฟส.รัตนวาปี,กฟส.รัตนวาปี,รัตนวาปี,XS,N,114,,
,2569-01-01,2569-01-01,กฟส.,กฟฉ.1,หนองคาย,กฟส.ศรีเชียงใหม่,กฟส.ศรีเชียงใหม่,ศรีเชียงใหม่,XS,N,114,,
,2569-01-01,2569-01-01,กฟส.,กฟฉ.1,หนองคาย,กฟส.สระใคร,กฟส.สระใคร,สระใคร,XS,N,114,,
,2569-01-01,2569-01-01,กฟส.,กฟฉ.1,หนองคาย,กฟส.สังคม,กฟส.สังคม,สังคม,XS,N,114,,
,2569-01-01,2569-01-01,กฟส.,กฟฉ.1,หนองคาย,กฟส.เฝ้าไร่,กฟส.เฝ้าไร่,เฝ้าไร่,XS,N,114,,
,2569-01-01,2569-01-01,กฟส.,กฟฉ.1,หนองคาย,กฟส.โพธิตำก,กฟส.โพธิตำก,โพธิตาก,XS,N,114,,
,2569-01-01,2569-01-01,กฟส.,กฟฉ.1,หนองคาย,กฟส.โพนพิสัย,กฟส.โพนพิสัย,โพนพิสัย,S,N,113,,
,2569-01-01,2569-01-01,กฟจ.,กฟฉ.1,หนองบัวลำภู,กฟจ.หนองบัวลำภู,กฟจ.หนองบัวลำภู,หนองบัวลาภู,S,Y,105,,ยกระดับจาก กฟส.เมืองหนองบัวลำภู (ขนาดเดิม M)
,2569-01-01,2569-01-01,กฟส.,กฟฉ.1,หนองบัวลำภู,กฟส.นำกลำง,กฟส.นำกลำง,นากลาง,S,N,113,,
,2569-01-01,2569-01-01,กฟส.,กฟฉ.1,หนองบัวลำภู,กฟส.นำวัง,กฟส.นำวัง,นาวัง,XS,N,114,,
,2569-01-01,2569-01-01,กฟส.,กฟฉ.1,หนองบัวลำภู,กฟส.ศรีบุญเรือง,กฟส.ศรีบุญเรือง,ศรีบุญเรือง,S,N,113,,
,2569-01-01,2569-01-01,กฟส.,กฟฉ.1,หนองบัวลำภู,กฟส.สุวรรณคูหำ,กฟส.สุวรรณคูหำ,สุวรรณคูหา,XS,N,114,,
,2569-01-01,2569-01-01,กฟส.,กฟฉ.1,หนองบัวลำภู,กฟส.โนนสัง,กฟส.โนนสัง,โนนสัง,XS,N,114,,
,2569-01-01,2569-01-01,กฟจ.,กฟฉ.1,อุดรธานี,กฟจ.อุดรธานี,กฟจ.อุดรธำนี,อุดรธานี,L,Y,104,,ยกระดับจาก กฟส.เมืองอุดรธำนี (ขนาดเดิม L)
,2569-01-01,2569-01-01,กฟส.,กฟฉ.1,อุดรธานี,กฟส.กุดจับ,กฟส.กุดจับ,กุดจับ,S,N,113,,
,2569-01-01,2569-01-01,กฟส.,กฟฉ.1,อุดรธานี,กฟส.กุมภวำปี,กฟส.กุมภวำปี,กุมภวาปี,M,N,112,,
,2569-01-01,2569-01-01,กฟส.,กฟฉ.1,อุดรธานี,กฟส.กู่แก้ว,กฟส.กู่แก้ว,กู่แก้ว,XS,N,114,,
,2569-01-01,2569-01-01,กฟส.,กฟฉ.1,อุดรธานี,กฟส.ทุ่งฝน,กฟส.ทุ่งฝน,ทุ่งฝน,XS,N,114,,
,2569-01-01,2569-01-01,กฟส.,กฟฉ.1,อุดรธานี,กฟส.นำยูง,กฟส.นำยูง,นายูง,XS,N,114,,
,2569-01-01,2569-01-01,กฟส.,กฟฉ.1,อุดรธานี,กฟส.น้ำโสม,กฟส.น้ำโสม,น้าโสม,XS,N,114,,
,2569-01-01,2569-01-01,กฟส.,กฟฉ.1,อุดรธานี,กฟส.บ้านดุง,กฟส.บ้านดุง,บ้านดุง,S,N,113,,
,2569-01-01,2569-01-01,กฟส.,กฟฉ.1,อุดรธานี,กฟส.บ้านผือ,กฟส.บ้านผือ,บ้านผือ,S,N,113,,
,2569-01-01,2569-01-01,กฟส.,กฟฉ.1,อุดรธานี,กฟส.ประจักษ์ศิลปำคม,กฟส.ประจักษ์ศิลปำคม,ประจักษ์ศิลปาคม,XS,N,114,,
,2569-01-01,2569-01-01,กฟส.,กฟฉ.1,อุดรธานี,กฟส.พิบูลย์รักษ์,กฟส.พิบูลย์รักษ์,พิบูลย์รักษ์,XS,N,114,,
,2569-01-01,2569-01-01,กฟส.,กฟฉ.1,อุดรธานี,กฟส.วังสำมหมอ,กฟส.วังสำมหมอ,วังสามหมอ,XS,N,114,,
,2569-01-01,2569-01-01,กฟส.,กฟฉ.1,อุดรธานี,กฟส.ศรีธำตุ,กฟส.ศรีธำตุ,ศรีธาตุ,XS,N,114,,
,2569-01-01,2569-01-01,กฟส.,กฟฉ.1,อุดรธานี,กฟส.สร้างคอม,กฟส.สร้างคอม,สร้างคอม,XS,N,114,,
,2569-01-01,2569-01-01,กฟส.,กฟฉ.1,อุดรธานี,กฟส.หนองวัวซอ,กฟส.หนองวัวซอ,หนองวัวซอ,S,N,113,,
,2569-01-01,2569-01-01,กฟส.,กฟฉ.1,อุดรธานี,กฟส.หนองหำน,กฟส.หนองหำน,หนองหาน,M,N,112,,
,2569-01-01,2569-01-01,กฟส.,กฟฉ.1,อุดรธานี,กฟส.หนองแสง,กฟส.หนองแสง,หนองแสง,XS,N,114,,
,2569-01-01,2569-01-01,กฟส.,กฟฉ.1,อุดรธานี,กฟส.เพ็ญ,กฟส.เพ็ญ,เพ็ญ,S,N,113,,
,2569-01-01,2569-01-01,กฟส.,กฟฉ.1,อุดรธานี,กฟส.เมืองอุดรธำนี2,กฟส.เมืองอุดรธำนี2,เมืองอุดรธานี2,L,N,111,,
,2569-01-01,2569-01-01,กฟส.,กฟฉ.1,อุดรธานี,กฟส.โนนสะอำด,กฟส.โนนสะอำด,โนนสะอาด,XS,N,114,,
,2569-01-01,2569-01-01,กฟส.,กฟฉ.1,อุดรธานี,กฟส.ไชยวำน,กฟส.ไชยวำน,ไชยวาน,XS,N,114,,
,2569-01-01,2569-01-01,กฟจ.,กฟฉ.1,เลย,กฟจ.เลย,กฟจ.เลย,เลย,S,Y,105,,ยกระดับจาก กฟส.เมืองเลย (ขนาดเดิม M)
,2569-01-01,2569-01-01,กฟส.,กฟฉ.1,เลย,กฟส.ด่านซ้าย,กฟส.ด่านซ้าย,ด่านซ้าย,S,N,113,,
,2569-01-01,2569-01-01,กฟส.,กฟฉ.1,เลย,กฟส.ท่าลี่,กฟส.ท่าลี่,ท่าลี่,XS,N,114,,
,2569-01-01,2569-01-01,กฟส.,กฟฉ.1,เลย,กฟส.นาด้วง,กฟส.นาด้วง,นาด้วง,XS,N,114,,
,2569-01-01,2569-01-01,กฟส.,กฟฉ.1,เลย,กฟส.นาแห้ว,กฟส.นาแห้ว,นาแห้ว,XS,N,114,,
,2569-01-01,2569-01-01,กฟส.,กฟฉ.1,เลย,กฟส.ปำกชม,กฟส.ปำกชม,ปากชม,XS,N,114,,
,2569-01-01,2569-01-01,กฟส.,กฟฉ.1,เลย,กฟส.ผำขำว,กฟส.ผำขำว,ผาขาว,XS,N,114,,
,2569-01-01,2569-01-01,กฟส.,กฟฉ.1,เลย,กฟส.ภูกระดึง,กฟส.ภูกระดึง,ภูกระดึง,XS,N,114,,
,2569-01-01,2569-01-01,กฟส.,กฟฉ.1,เลย,กฟส.ภูหลวง,กฟส.ภูหลวง,ภูหลวง,XS,N,114,,
,2569-01-01,2569-01-01,กฟส.,กฟฉ.1,เลย,กฟส.ภูเรือ,กฟส.ภูเรือ,ภูเรือ,XS,N,114,,
,2569-01-01,2569-01-01,กฟส.,กฟฉ.1,เลย,กฟส.วังสะพุง,กฟส.วังสะพุง,วังสะพุง,M,N,112,,
,2569-01-01,2569-01-01,กฟส.,กฟฉ.1,เลย,กฟส.หนองหิน,กฟส.หนองหิน,หนองหิน,XS,N,114,,
,2569-01-01,2569-01-01,กฟส.,กฟฉ.1,เลย,กฟส.เชียงคำน,กฟส.เชียงคำน,เชียงคาน,S,N,113,,
,2569-01-01,2569-01-01,กฟส.,กฟฉ.1,เลย,กฟส.เอรำวัณ,กฟส.เอรำวัณ,เอราวัณ,XS,N,114,,
,2569-01-01,2569-01-01,กฟจ.,กฟฉ.2,กาฬสินธุ์,กฟจ.กาฬสินธุ์,กฟจ.กาฬสินธุ์,กาฬสินธุ์,S,Y,105,,ยกระดับจาก กฟส.เมืองกาฬสินธุ์ (ขนาดเดิม L)
,2569-01-01,2569-01-01,กฟส.,กฟฉ.2,กาฬสินธุ์,กฟส.กมลำไสย,กฟส.กมลำไสย,กมลาไสย,XS,N,114,,
,2569-01-01,2569-01-01,กฟส.,กฟฉ.2,กาฬสินธุ์,กฟส.กุฉินำรำยณ,กฟส.กุฉินำรำยณ,กุฉินารายณ,S,N,113,,
,2569-01-01,2569-01-01,กฟส.,กฟฉ.2,กาฬสินธุ์,กฟส.คำม่วง,กฟส.คำม่วง,คาม่วง,XS,N,114,,
,2569-01-01,2569-01-01,กฟส.,กฟฉ.2,กาฬสินธุ์,กฟส.ฆ้องชัย,กฟส.ฆ้องชัย,ฆ้องชัย,XS,N,114,,
,2569-01-01,2569-01-01,กฟส.,กฟฉ.2,กาฬสินธุ์,กฟส.ดอนจำน,กฟส.ดอนจำน,ดอนจาน,XS,N,114,,
,2569-01-01,2569-01-01,กฟส.,กฟฉ.2,กาฬสินธุ์,กฟส.ท่าคันโท,กฟส.ท่าคันโท,ท่าคันโท,XS,N,114,,
,2569-01-01,2569-01-01,กฟส.,กฟฉ.2,กาฬสินธุ์,กฟส.นำคู,กฟส.นำคู,นาคู,XS,N,114,,
,2569-01-01,2569-01-01,กฟส.,กฟฉ.2,กาฬสินธุ์,กฟส.นำมน,กฟส.นำมน,นามน,XS,N,114,,
,2569-01-01,2569-01-01,กฟส.,กฟฉ.2,กาฬสินธุ์,กฟส.ยำงตลำด,กฟส.ยำงตลำด,ยางตลาด,S,N,113,,
,2569-01-01,2569-01-01,กฟส.,กฟฉ.2,กาฬสินธุ์,กฟส.ร่องคำ,กฟส.ร่องคำ,ร่องคา,XS,N,114,,
,2569-01-01,2569-01-01,กฟส.,กฟฉ.2,กาฬสินธุ์,กฟส.สมเด็จ,กฟส.สมเด็จ,สมเด็จ,M,N,112,,
,2569-01-01,2569-01-01,กฟส.,กฟฉ.2,กาฬสินธุ์,กฟส.สหัสขันธ์,กฟส.สหัสขันธ์,สหัสขันธ์,XS,N,114,,
,2569-01-01,2569-01-01,กฟส.,กฟฉ.2,กาฬสินธุ์,กฟส.สำมชัย,กฟส.สำมชัย,สามชัย,XS,N,114,,
,2569-01-01,2569-01-01,กฟส.,กฟฉ.2,กาฬสินธุ์,กฟส.หนองกุงศรี,กฟส.หนองกุงศรี,หนองกุงศรี,S,N,113,,
,2569-01-01,2569-01-01,กฟส.,กฟฉ.2,กาฬสินธุ์,กฟส.ห้วยผึ้ง,กฟส.ห้วยผึ้ง,ห้วยผึ้ง,XS,N,114,,
,2569-01-01,2569-01-01,กฟส.,กฟฉ.2,กาฬสินธุ์,กฟส.ห้วยเม็ก,กฟส.ห้วยเม็ก,ห้วยเม็ก,XS,N,114,,
,2569-01-01,2569-01-01,กฟส.,กฟฉ.2,กาฬสินธุ์,กฟส.เขำวง,กฟส.เขำวง,เขาวง,XS,N,114,,
,2569-01-01,2569-01-01,กฟจ.,กฟฉ.2,มหาสารคาม,กฟจ.มหาสารคาม,กฟจ.มหำสำรคำม,มหาสารคาม,S,Y,105,,ยกระดับจาก กฟส.เมืองมหำสำรคำม (ขนาดเดิม L)
,2569-01-01,2569-01-01,กฟส.,กฟฉ.2,มหาสารคาม,กฟส.กันทรวิชัย,กฟส.กันทรวิชัย,กันทรวิชัย,M,N,112,,
,2569-01-01,2569-01-01,กฟส.,กฟฉ.2,มหาสารคาม,กฟส.กุดรัง,กฟส.กุดรัง,กุดรัง,XS,N,114,,
,2569-01-01,2569-01-01,กฟส.,กฟฉ.2,มหาสารคาม,กฟส.ชื่นชม,กฟส.ชื่นชม,ชื่นชม,XS,N,114,,
,2569-01-01,2569-01-01,กฟส.,กฟฉ.2,มหาสารคาม,กฟส.นำดูน,กฟส.นำดูน,นาดูน,XS,N,114,,
,2569-01-01,2569-01-01,กฟส.,กฟฉ.2,มหาสารคาม,กฟส.นำเชือก,กฟส.นำเชือก,นาเชือก,XS,N,114,,
,2569-01-01,2569-01-01,กฟส.,กฟฉ.2,มหาสารคาม,กฟส.บรบือ,กฟส.บรบือ,บรบือ,S,N,113,,
,2569-01-01,2569-01-01,กฟส.,กฟฉ.2,มหาสารคาม,กฟส.พยัคฆภูมิพิสัย,กฟส.พยัคฆภูมิพิสัย,พยัคฆภูมิพิสัย,S,N,113,,
,2569-01-01,2569-01-01,กฟส.,กฟฉ.2,มหาสารคาม,กฟส.ยำงสีสุรำช,กฟส.ยำงสีสุรำช,ยางสีสุราช,XS,N,114,,
,2569-01-01,2569-01-01,กฟส.,กฟฉ.2,มหาสารคาม,กฟส.วาปีปทุม,กฟส.วาปีปทุม,วาปีปทุม,S,N,113,,
,2569-01-01,2569-01-01,กฟส.,กฟฉ.2,มหาสารคาม,กฟส.เชียงยืน,กฟส.เชียงยืน,เชียงยืน,S,N,113,,
,2569-01-01,2569-01-01,กฟส.,กฟฉ.2,มหาสารคาม,กฟส.แกดำ,กฟส.แกดำ,แกดา,XS,N,114,,
,2569-01-01,2569-01-01,กฟส.,กฟฉ.2,มหาสารคาม,กฟส.โกสุมพิสัย,กฟส.โกสุมพิสัย,โกสุมพิสัย,S,N,113,,
,2569-01-01,2569-01-01,กฟจ.,กฟฉ.2,มุกดาหาร,กฟจ.มุกดาหาร,กฟจ.มุกดำหำร,มุกดาหาร,S,Y,105,,ยกระดับจาก กฟส.เมืองมุกดำหำร (ขนาดเดิม M)
,2569-01-01,2569-01-01,กฟส.,กฟฉ.2,มุกดาหาร,กฟส.กกตูม,กฟส.กกตูม,กกตูม,XS,N,114,,
,2569-01-01,2569-01-01,กฟส.,กฟฉ.2,มุกดาหาร,กฟส.คำชะอี,กฟส.คำชะอี,คาชะอี,S,N,113,,
,2569-01-01,2569-01-01,กฟส.,กฟฉ.2,มุกดาหาร,กฟส.ดงหลวง,กฟส.ดงหลวง,ดงหลวง,XS,N,114,,
,2569-01-01,2569-01-01,กฟส.,กฟฉ.2,มุกดาหาร,กฟส.ดอนตำล,กฟส.ดอนตำล,ดอนตาล,XS,N,114,,
,2569-01-01,2569-01-01,กฟส.,กฟฉ.2,มุกดาหาร,กฟส.นิคมคำสร้อย,กฟส.นิคมคำสร้อย,นิคมคาสร้อย,XS,N,114,,
,2569-01-01,2569-01-01,กฟส.,กฟฉ.2,มุกดาหาร,กฟส.หนองสูง,กฟส.หนองสูง,หนองสูง,XS,N,114,,
,2569-01-01,2569-01-01,กฟส.,กฟฉ.2,มุกดาหาร,กฟส.หว้านใหญ่,กฟส.หว้านใหญ่,หว้านใหญ่,XS,N,114,,
,2569-01-01,2569-01-01,กฟจ.,กฟฉ.2,ยโสธร,กฟจ.ยโสธร,กฟจ.ยโสธร,ยโสธร,S,Y,105,,ยกระดับจาก กฟส.เมืองยโสธร (ขนาดเดิม M)
,2569-01-01,2569-01-01,กฟส.,กฟฉ.2,ยโสธร,กฟส.กุดชุม,กฟส.กุดชุม,กุดชุม,XS,N,114,,
,2569-01-01,2569-01-01,กฟส.,กฟฉ.2,ยโสธร,กฟส.คำเขื่อนแก้ว,กฟส.คำเขื่อนแก้ว,คาเขื่อนแก้ว,XS,N,114,,
,2569-01-01,2569-01-01,กฟส.,กฟฉ.2,ยโสธร,กฟส.ค้อวัง,กฟส.ค้อวัง,ค้อวัง,XS,N,114,,
,2569-01-01,2569-01-01,กฟส.,กฟฉ.2,ยโสธร,กฟส.ทรำยมูล,กฟส.ทรำยมูล,ทรายมูล,XS,N,114,,
,2569-01-01,2569-01-01,กฟส.,กฟฉ.2,ยโสธร,กฟส.ป่าติ้ว,กฟส.ป่าติ้ว,ป่าติ้ว,XS,N,114,,
,2569-01-01,2569-01-01,กฟส.,กฟฉ.2,ยโสธร,กฟส.พนมไพร,กฟส.พนมไพร,พนมไพร,S,N,113,,
,2569-01-01,2569-01-01,กฟส.,กฟฉ.2,ยโสธร,กฟส.มหำชนะชัย,กฟส.มหำชนะชัย,มหาชนะชัย,S,N,113,,
,2569-01-01,2569-01-01,กฟส.,กฟฉ.2,ยโสธร,กฟส.หนองฮี,กฟส.หนองฮี,หนองฮี,XS,N,114,,
,2569-01-01,2569-01-01,กฟส.,กฟฉ.2,ยโสธร,กฟส.ไทยเจริญ,กฟส.ไทยเจริญ,ไทยเจริญ,XS,N,114,,
,2569-01-01,2569-01-01,กฟจ.,กฟฉ.2,ร้อยเอ็ด,กฟจ.ร้อยเอ็ด,กฟจ.ร้อยเอ็ด,ร้อยเอ็ด,S,Y,105,,ยกระดับจาก กฟส.เมืองร้อยเอ็ด (ขนาดเดิม L)
,2569-01-01,2569-01-01,กฟส.,กฟฉ.2,ร้อยเอ็ด,กฟส.จตุรพักตรพิมำน,กฟส.จตุรพักตรพิมำน,จตุรพักตรพิมาน,XS,N,114,,
,2569-01-01,2569-01-01,กฟส.,กฟฉ.2,ร้อยเอ็ด,กฟส.จังหำร,กฟส.จังหำร,จังหาร,XS,N,114,,
,2569-01-01,2569-01-01,กฟส.,กฟฉ.2,ร้อยเอ็ด,กฟส.ทุ่งเขาหลวง,กฟส.ทุ่งเขาหลวง,ทุ่งเขาหลวง,XS,N,114,,
,2569-01-01,2569-01-01,กฟส.,กฟฉ.2,ร้อยเอ็ด,กฟส.ธงธำนี,กฟส.ธงธำนี,ธงธานี,XS,N,114,,
,2569-01-01,2569-01-01,กฟส.,กฟฉ.2,ร้อยเอ็ด,กฟส.ธวัชบุรี,กฟส.ธวัชบุรี,ธวัชบุรี,XS,N,114,,
,2569-01-01,2569-01-01,กฟส.,กฟฉ.2,ร้อยเอ็ด,กฟส.ปทุมรัตต,กฟส.ปทุมรัตต,ปทุมรัตต,XS,N,114,,
,2569-01-01,2569-01-01,กฟส.,กฟฉ.2,ร้อยเอ็ด,กฟส.ศรีสมเด็จ,กฟส.ศรีสมเด็จ,ศรีสมเด็จ,XS,N,114,,
,2569-01-01,2569-01-01,กฟส.,กฟฉ.2,ร้อยเอ็ด,กฟส.สุวรรณภูมิ,กฟส.สุวรรณภูมิ,สุวรรณภูมิ,S,N,113,,
,2569-01-01,2569-01-01,กฟส.,กฟฉ.2,ร้อยเอ็ด,กฟส.หนองพอก,กฟส.หนองพอก,หนองพอก,XS,N,114,,
,2569-01-01,2569-01-01,กฟส.,กฟฉ.2,ร้อยเอ็ด,กฟส.อำจสำมำรถ,กฟส.อำจสำมำรถ,อาจสามารถ,S,N,113,,
,2569-01-01,2569-01-01,กฟส.,กฟฉ.2,ร้อยเอ็ด,กฟส.เกษตรวิสัย,กฟส.เกษตรวิสัย,เกษตรวิสัย,S,N,113,,
,2569-01-01,2569-01-01,กฟส.,กฟฉ.2,ร้อยเอ็ด,กฟส.เชียงขวัญ,กฟส.เชียงขวัญ,เชียงขวัญ,XS,N,114,,
,2569-01-01,2569-01-01,กฟส.,กฟฉ.2,ร้อยเอ็ด,กฟส.เมยวดี,กฟส.เมยวดี,เมยวดี,XS,N,114,,
,2569-01-01,2569-01-01,กฟส.,กฟฉ.2,ร้อยเอ็ด,กฟส.เมืองสรวง,กฟส.เมืองสรวง,เมืองสรวง,XS,N,114,,
,2569-01-01,2569-01-01,กฟส.,กฟฉ.2,ร้อยเอ็ด,กฟส.เสลภูมิ,กฟส.เสลภูมิ,เสลภูมิ,M,N,112,,
,2569-01-01,2569-01-01,กฟส.,กฟฉ.2,ร้อยเอ็ด,กฟส.โพธิชัย,กฟส.โพธิชัย,โพธิชัย,XS,N,114,,
,2569-01-01,2569-01-01,กฟส.,กฟฉ.2,ร้อยเอ็ด,กฟส.โพนทรำย,กฟส.โพนทรำย,โพนทราย,XS,N,114,,
,2569-01-01,2569-01-01,กฟส.,กฟฉ.2,ร้อยเอ็ด,กฟส.โพนทอง,กฟส.โพนทอง,โพนทอง,S,N,113,,
,2569-01-01,2569-01-01,กฟจ.,กฟฉ.2,ศรีสะเกษ,กฟจ.ศรีสะเกษ,กฟจ.ศรีสะเกษ,ศรีสะเกษ,S,Y,105,,ยกระดับจาก กฟส.เมืองศรีสะเกษ (ขนาดเดิม L)
,2569-01-01,2569-01-01,กฟส.,กฟฉ.2,ศรีสะเกษ,กฟส.กันทรลักษ,กฟส.กันทรลักษ,กันทรลักษ,L,N,111,,
,2569-01-01,2569-01-01,กฟส.,กฟฉ.2,ศรีสะเกษ,กฟส.กันทรารมย์,กฟส.กันทรารมย์,กันทรารมย์,M,N,112,,
,2569-01-01,2569-01-01,กฟส.,กฟฉ.2,ศรีสะเกษ,กฟส.ขุขันธ,กฟส.ขุขันธ,ขุขันธ,S,N,113,,
,2569-01-01,2569-01-01,กฟส.,กฟฉ.2,ศรีสะเกษ,กฟส.ขุนหำญ,กฟส.ขุนหำญ,ขุนหาญ,S,N,113,,
,2569-01-01,2569-01-01,กฟส.,กฟฉ.2,ศรีสะเกษ,กฟส.น้ำเกลี้ยง,กฟส.น้ำเกลี้ยง,น้าเกลี้ยง,XS,N,114,,
,2569-01-01,2569-01-01,กฟส.,กฟฉ.2,ศรีสะเกษ,กฟส.บึงบูรพ์,กฟส.บึงบูรพ์,บึงบูรพ์,XS,N,114,,
,2569-01-01,2569-01-01,กฟส.,กฟฉ.2,ศรีสะเกษ,กฟส.ปรางค์กู่,กฟส.ปรางค์กู่,ปรางค์กู่,XS,N,114,,
,2569-01-01,2569-01-01,กฟส.,กฟฉ.2,ศรีสะเกษ,กฟส.พยุห,กฟส.พยุห,พยุห,XS,N,114,,
,2569-01-01,2569-01-01,กฟส.,กฟฉ.2,ศรีสะเกษ,กฟส.ภูสิงห์,กฟส.ภูสิงห์,ภูสิงห์,XS,N,114,,
,2569-01-01,2569-01-01,กฟส.,กฟฉ.2,ศรีสะเกษ,กฟส.ยางชุมน้อย,กฟส.ยางชุมน้อย,ยางชุมน้อย,XS,N,114,,
,2569-01-01,2569-01-01,กฟส.,กฟฉ.2,ศรีสะเกษ,กฟส.รำษีไศล,กฟส.รำษีไศล,ราษีไศล,S,N,113,,
,2569-01-01,2569-01-01,กฟส.,กฟฉ.2,ศรีสะเกษ,กฟส.วังหิน,กฟส.วังหิน,วังหิน,XS,N,114,,
,2569-01-01,2569-01-01,กฟส.,กฟฉ.2,ศรีสะเกษ,กฟส.ศรีรัตนะ,กฟส.ศรีรัตนะ,ศรีรัตนะ,XS,N,114,,
,2569-01-01,2569-01-01,กฟส.,กฟฉ.2,ศรีสะเกษ,กฟส.ห้วยทับทัน,กฟส.ห้วยทับทัน,ห้วยทับทัน,XS,N,114,,
,2569-01-01,2569-01-01,กฟส.,กฟฉ.2,ศรีสะเกษ,กฟส.อุทุมพรพิสัย,กฟส.อุทุมพรพิสัย,อุทุมพรพิสัย,S,N,113,,
,2569-01-01,2569-01-01,กฟส.,กฟฉ.2,ศรีสะเกษ,กฟส.เบญจลักษ,กฟส.เบญจลักษ,เบญจลักษ,XS,N,114,,
,2569-01-01,2569-01-01,กฟส.,กฟฉ.2,ศรีสะเกษ,กฟส.โนนคูณ,กฟส.โนนคูณ,โนนคูณ,XS,N,114,,
,2569-01-01,2569-01-01,กฟส.,กฟฉ.2,ศรีสะเกษ,กฟส.ไพรบึง,กฟส.ไพรบึง,ไพรบึง,XS,N,114,,
,2569-01-01,2569-01-01,กฟจ.,กฟฉ.2,อำนาจเจริญ,กฟจ.อำนาจเจริญ,กฟจ.อำนำจเจริญ,อานาจเจริญ,S,Y,105,,ยกระดับจาก กฟส.เมืองอำนำจเจริญ (ขนาดเดิม M)
,2569-01-01,2569-01-01,กฟส.,กฟฉ.2,อำนาจเจริญ,กฟส.ชำนุมำน,กฟส.ชำนุมำน,ชานุมาน,XS,N,114,,
,2569-01-01,2569-01-01,กฟส.,กฟฉ.2,อำนาจเจริญ,กฟส.ปทุมรำชวงศำ,กฟส.ปทุมรำชวงศำ,ปทุมราชวงศา,XS,N,114,,
,2569-01-01,2569-01-01,กฟส.,กฟฉ.2,อำนาจเจริญ,กฟส.พนำ,กฟส.พนำ,พนา,XS,N,114,,
,2569-01-01,2569-01-01,กฟส.,กฟฉ.2,อำนาจเจริญ,กฟส.ลืออำนำจ,กฟส.ลืออำนำจ,ลืออานาจ,XS,N,114,,
,2569-01-01,2569-01-01,กฟส.,กฟฉ.2,อำนาจเจริญ,กฟส.หัวตะพำน,กฟส.หัวตะพำน,หัวตะพาน,XS,N,114,,
,2569-01-01,2569-01-01,กฟส.,กฟฉ.2,อำนาจเจริญ,กฟส.เลิงนกทำ,กฟส.เลิงนกทำ,เลิงนกทา,S,N,113,,
,2569-01-01,2569-01-01,กฟส.,กฟฉ.2,อำนาจเจริญ,กฟส.เสนำงคนิคม,กฟส.เสนำงคนิคม,เสนางคนิคม,XS,N,114,,
,2569-01-01,2569-01-01,กฟจ.,กฟฉ.2,อุบลราชธานี,กฟจ.อุบลราชธานี,กฟจ.อุบลรำชธำนี,อุบลราชธานี,L,Y,104,,ยกระดับจาก กฟส.เมืองอุบลรำชธำนี (ขนาดเดิม L)
,2569-01-01,2569-01-01,กฟส.,กฟฉ.2,อุบลราชธานี,กฟส.กุดข้าวปุ้น,กฟส.กุดข้าวปุ้น,กุดข้าวปุ้น,XS,N,114,,
,2569-01-01,2569-01-01,กฟส.,กฟฉ.2,อุบลราชธานี,กฟส.ตระกำรพืชผล,กฟส.ตระกำรพืชผล,ตระการพืชผล,M,N,112,,
,2569-01-01,2569-01-01,กฟส.,กฟฉ.2,อุบลราชธานี,กฟส.ตำลสุม,กฟส.ตำลสุม,ตาลสุม,XS,N,114,,
,2569-01-01,2569-01-01,กฟส.,กฟฉ.2,อุบลราชธานี,กฟส.ทุ่งศรีอุดม,กฟส.ทุ่งศรีอุดม,ทุ่งศรีอุดม,XS,N,114,,
,2569-01-01,2569-01-01,กฟส.,กฟฉ.2,อุบลราชธานี,กฟส.นำจะหลวย,กฟส.นำจะหลวย,นาจะหลวย,XS,N,114,,
,2569-01-01,2569-01-01,กฟส.,กฟฉ.2,อุบลราชธานี,กฟส.นำเยีย,กฟส.นำเยีย,นาเยีย,XS,N,114,,
,2569-01-01,2569-01-01,กฟส.,กฟฉ.2,อุบลราชธานี,กฟส.น้ำขุ่น,กฟส.น้ำขุ่น,น้าขุ่น,XS,N,114,,
,2569-01-01,2569-01-01,กฟส.,กฟฉ.2,อุบลราชธานี,กฟส.น้ำยืน,กฟส.น้ำยืน,น้ายืน,S,N,113,,
,2569-01-01,2569-01-01,กฟส.,กฟฉ.2,อุบลราชธานี,กฟส.บุณฑริก,กฟส.บุณฑริก,บุณฑริก,S,N,113,,
,2569-01-01,2569-01-01,กฟส.,กฟฉ.2,อุบลราชธานี,กฟส.บ้านกอก,กฟส.บ้านกอก,บ้านกอก,XS,N,114,,
,2569-01-01,2569-01-01,กฟส.,กฟฉ.2,อุบลราชธานี,กฟส.พิบูลมังสำหำร,กฟส.พิบูลมังสำหำร,พิบูลมังสาหาร,S,N,113,,
,2569-01-01,2569-01-01,กฟส.,กฟฉ.2,อุบลราชธานี,กฟส.ม่วงสามสิบ,กฟส.ม่วงสามสิบ,ม่วงสามสิบ,S,N,113,,
,2569-01-01,2569-01-01,กฟส.,กฟฉ.2,อุบลราชธานี,กฟส.วำรินชำรำบ,กฟส.วำรินชำรำบ,วารินชาราบ,M,N,112,,
,2569-01-01,2569-01-01,กฟส.,กฟฉ.2,อุบลราชธานี,กฟส.ศรีเมืองใหม่,กฟส.ศรีเมืองใหม่,ศรีเมืองใหม่,XS,N,114,,
,2569-01-01,2569-01-01,กฟส.,กฟฉ.2,อุบลราชธานี,กฟส.สว่างวีระวงศ์,กฟส.สว่างวีระวงศ์,สว่างวีระวงศ์,XS,N,114,,
,2569-01-01,2569-01-01,กฟส.,กฟฉ.2,อุบลราชธานี,กฟส.สำโรง,กฟส.สำโรง,สาโรง,XS,N,114,,
,2569-01-01,2569-01-01,กฟส.,กฟฉ.2,อุบลราชธานี,กฟส.สิรินธร,กฟส.สิรินธร,สิรินธร,XS,N,114,,
,2569-01-01,2569-01-01,กฟส.,กฟฉ.2,อุบลราชธานี,กฟส.ห้วยขะยุง,กฟส.ห้วยขะยุง,ห้วยขะยุง,XS,N,114,,
,2569-01-01,2569-01-01,กฟส.,กฟฉ.2,อุบลราชธานี,กฟส.เขมรำฐ,กฟส.เขมรำฐ,เขมราฐ,S,N,113,,
,2569-01-01,2569-01-01,กฟส.,กฟฉ.2,อุบลราชธานี,กฟส.เขื่องใน,กฟส.เขื่องใน,เขื่องใน,S,N,113,,
,2569-01-01,2569-01-01,กฟส.,กฟฉ.2,อุบลราชธานี,กฟส.เดชอุดม,กฟส.เดชอุดม,เดชอุดม,L,N,111,,
,2569-01-01,2569-01-01,กฟส.,กฟฉ.2,อุบลราชธานี,กฟส.โขงเจียม,กฟส.โขงเจียม,โขงเจียม,XS,N,114,,
,2569-01-01,2569-01-01,กฟส.,กฟฉ.2,อุบลราชธานี,กฟส.โพธิไทร,กฟส.โพธิไทร,โพธิไทร,XS,N,114,,
,2569-01-01,2569-01-01,กฟจ.,กฟฉ.3,ชัยภูมิ,กฟจ.ชัยภูมิ,กฟจ.ชัยภูมิ,ชัยภูมิ,S,Y,105,,ยกระดับจาก กฟส.เมืองชัยภูมิ (ขนาดเดิม L)
,2569-01-01,2569-01-01,กฟส.,กฟฉ.3,ชัยภูมิ,กฟส.คอนสวรรค์,กฟส.คอนสวรรค์,คอนสวรรค์,XS,N,114,,
,2569-01-01,2569-01-01,กฟส.,กฟฉ.3,ชัยภูมิ,กฟส.คอนสำร,กฟส.คอนสำร,คอนสาร,XS,N,114,,
,2569-01-01,2569-01-01,กฟส.,กฟฉ.3,ชัยภูมิ,กฟส.จัตุรัส,กฟส.จัตุรัส,จัตุรัส,S,N,113,,
,2569-01-01,2569-01-01,กฟส.,กฟฉ.3,ชัยภูมิ,กฟส.บำเหน็จณรงค์,กฟส.บำเหน็จณรงค์,บาเหน็จณรงค์,S,N,113,,
,2569-01-01,2569-01-01,กฟส.,กฟฉ.3,ชัยภูมิ,กฟส.บ้านเขว้า,กฟส.บ้านเขว้า,บ้านเขว้า,XS,N,114,,
,2569-01-01,2569-01-01,กฟส.,กฟฉ.3,ชัยภูมิ,กฟส.บ้านแท่น,กฟส.บ้านแท่น,บ้านแท่น,XS,N,114,,
,2569-01-01,2569-01-01,กฟส.,กฟฉ.3,ชัยภูมิ,กฟส.ภักดีชุมพล,กฟส.ภักดีชุมพล,ภักดีชุมพล,XS,N,114,,
,2569-01-01,2569-01-01,กฟส.,กฟฉ.3,ชัยภูมิ,กฟส.ภูเขียว,กฟส.ภูเขียว,ภูเขียว,M,N,112,,
,2569-01-01,2569-01-01,กฟส.,กฟฉ.3,ชัยภูมิ,กฟส.หนองบัวระเหว,กฟส.หนองบัวระเหว,หนองบัวระเหว,XS,N,114,,
,2569-01-01,2569-01-01,กฟส.,กฟฉ.3,ชัยภูมิ,กฟส.หนองบัวแดง,กฟส.หนองบัวแดง,หนองบัวแดง,S,N,113,,
,2569-01-01,2569-01-01,กฟส.,กฟฉ.3,ชัยภูมิ,กฟส.เกษตรสมบูรณ์,กฟส.เกษตรสมบูรณ์,เกษตรสมบูรณ์,S,N,113,,
,2569-01-01,2569-01-01,กฟส.,กฟฉ.3,ชัยภูมิ,กฟส.เทพสถิต,กฟส.เทพสถิต,เทพสถิต,XS,N,114,,
,2569-01-01,2569-01-01,กฟส.,กฟฉ.3,ชัยภูมิ,กฟส.เนินสง่า,กฟส.เนินสง่า,เนินสง่า,XS,N,114,,
,2569-01-01,2569-01-01,กฟส.,กฟฉ.3,ชัยภูมิ,กฟส.แก้งคร้อ,กฟส.แก้งคร้อ,แก้งคร้อ,S,N,113,,
,2569-01-01,2569-01-01,กฟจ.,กฟฉ.3,นครราชสีมา,กฟจ.นครราชสีมา,กฟจ.นครรำชสีมำ,นครราชสีมา,L,Y,104,,ยกระดับจาก กฟส.เมืองนครรำชสีมำ (ขนาดเดิม L)
,2569-01-01,2569-01-01,กฟส.,กฟฉ.3,นครราชสีมา,กฟส.กลำงดง,กฟส.กลำงดง,กลางดง,XS,N,114,,
,2569-01-01,2569-01-01,กฟส.,กฟฉ.3,นครราชสีมา,กฟส.ขำมทะเลสอ,กฟส.ขำมทะเลสอ,ขามทะเลสอ,XS,N,114,,
,2569-01-01,2569-01-01,กฟส.,กฟฉ.3,นครราชสีมา,กฟส.ขำมสะแกแสง,กฟส.ขำมสะแกแสง,ขามสะแกแสง,XS,N,114,,
,2569-01-01,2569-01-01,กฟส.,กฟฉ.3,นครราชสีมา,กฟส.คง,กฟส.คง,คง,S,N,113,,
,2569-01-01,2569-01-01,กฟส.,กฟฉ.3,นครราชสีมา,กฟส.ครบุรี,กฟส.ครบุรี,ครบุรี,S,N,113,,
,2569-01-01,2569-01-01,กฟส.,กฟฉ.3,นครราชสีมา,กฟส.คลองม่วง,กฟส.คลองม่วง,คลองม่วง,XS,N,114,,
,2569-01-01,2569-01-01,กฟส.,กฟฉ.3,นครราชสีมา,กฟส.จอหอ,กฟส.จอหอ,จอหอ,S,N,113,,
,2569-01-01,2569-01-01,กฟส.,กฟฉ.3,นครราชสีมา,กฟส.จักรำช,กฟส.จักรำช,จักราช,S,N,113,,
,2569-01-01,2569-01-01,กฟส.,กฟฉ.3,นครราชสีมา,กฟส.ชุมพวง,กฟส.ชุมพวง,ชุมพวง,S,N,113,,
,2569-01-01,2569-01-01,กฟส.,กฟฉ.3,นครราชสีมา,กฟส.ด่านขุนทด,กฟส.ด่านขุนทด,ด่านขุนทด,S,N,113,,
,2569-01-01,2569-01-01,กฟส.,กฟฉ.3,นครราชสีมา,กฟส.บัวลำย,กฟส.บัวลำย,บัวลาย,XS,N,114,,
,2569-01-01,2569-01-01,กฟส.,กฟฉ.3,นครราชสีมา,กฟส.บัวใหญ่,กฟส.บัวใหญ่,บัวใหญ่,M,N,112,,
,2569-01-01,2569-01-01,กฟส.,กฟฉ.3,นครราชสีมา,กฟส.บ้านเหลื่อม,กฟส.บ้านเหลื่อม,บ้านเหลื่อม,XS,N,114,,
,2569-01-01,2569-01-01,กฟส.,กฟฉ.3,นครราชสีมา,กฟส.ประทำย,กฟส.ประทำย,ประทาย,S,N,113,,
,2569-01-01,2569-01-01,กฟส.,กฟฉ.3,นครราชสีมา,กฟส.ปักธงชัย,กฟส.ปักธงชัย,ปักธงชัย,M,N,112,,
,2569-01-01,2569-01-01,กฟส.,กฟฉ.3,นครราชสีมา,กฟส.ปากช่อง,กฟส.ปากช่อง,ปากช่อง,L,N,111,,
,2569-01-01,2569-01-01,กฟส.,กฟฉ.3,นครราชสีมา,กฟส.พระทองคำ,กฟส.พระทองคำ,พระทองคา,XS,N,114,,
,2569-01-01,2569-01-01,กฟส.,กฟฉ.3,นครราชสีมา,กฟส.พิมำย,กฟส.พิมำย,พิมาย,M,N,112,,
,2569-01-01,2569-01-01,กฟส.,กฟฉ.3,นครราชสีมา,กฟส.วังน้ำเขียว,กฟส.วังน้ำเขียว,วังน้าเขียว,S,N,113,,
,2569-01-01,2569-01-01,กฟส.,กฟฉ.3,นครราชสีมา,กฟส.สีคิ้ว,กฟส.สีคิ้ว,สีคิ้ว,M,N,112,,
,2569-01-01,2569-01-01,กฟส.,กฟฉ.3,นครราชสีมา,กฟส.สูงเนิน,กฟส.สูงเนิน,สูงเนิน,S,N,113,,
,2569-01-01,2569-01-01,กฟส.,กฟฉ.3,นครราชสีมา,กฟส.หนองบุญมำก,กฟส.หนองบุญมำก,หนองบุญมาก,S,N,113,,
,2569-01-01,2569-01-01,กฟส.,กฟฉ.3,นครราชสีมา,กฟส.หมูสี,กฟส.หมูสี,หมูสี,S,N,113,,
,2569-01-01,2569-01-01,กฟส.,กฟฉ.3,นครราชสีมา,กฟส.ห้วยบง,กฟส.ห้วยบง,ห้วยบง,XS,N,114,,
,2569-01-01,2569-01-01,กฟส.,กฟฉ.3,นครราชสีมา,กฟส.ห้วยแถลง,กฟส.ห้วยแถลง,ห้วยแถลง,XS,N,114,,
,2569-01-01,2569-01-01,กฟส.,กฟฉ.3,นครราชสีมา,กฟส.เฉลิมพระเกียรติ,กฟส.เฉลิมพระเกียรติ,เฉลิมพระเกียรติ,XS,N,114,,
,2569-01-01,2569-01-01,กฟส.,กฟฉ.3,นครราชสีมา,กฟส.เทพารักษ์,กฟส.เทพารักษ์,เทพารักษ์,XS,N,114,,
,2569-01-01,2569-01-01,กฟส.,กฟฉ.3,นครราชสีมา,กฟส.เมืองนครรำชสีมำ2(หัวทะเล),กฟส.เมืองนครรำชสีมำ2(หัวทะเล),เมืองนครราชสีมา2(หัวทะเล),M,N,112,,
,2569-01-01,2569-01-01,กฟส.,กฟฉ.3,นครราชสีมา,กฟส.เมืองนครรำชสีมำ3(สุรนำรี),กฟส.เมืองนครรำชสีมำ3(สุรนำรี),เมืองนครราชสีมา3(สุรนารี),M,N,112,,
,2569-01-01,2569-01-01,กฟส.,กฟฉ.3,นครราชสีมา,กฟส.เมืองยำง,กฟส.เมืองยำง,เมืองยาง,XS,N,114,,
,2569-01-01,2569-01-01,กฟส.,กฟฉ.3,นครราชสีมา,กฟส.เสิงสำง,กฟส.เสิงสำง,เสิงสาง,S,N,113,,
,2569-01-01,2569-01-01,กฟส.,กฟฉ.3,นครราชสีมา,กฟส.แก้งสนามนำง,กฟส.แก้งสนามนำง,แก้งสนามนาง,XS,N,114,,
,2569-01-01,2569-01-01,กฟส.,กฟฉ.3,นครราชสีมา,กฟส.โชคชัย,กฟส.โชคชัย,โชคชัย,M,N,112,,
,2569-01-01,2569-01-01,กฟส.,กฟฉ.3,นครราชสีมา,กฟส.โนนสูง,กฟส.โนนสูง,โนนสูง,S,N,113,,
,2569-01-01,2569-01-01,กฟส.,กฟฉ.3,นครราชสีมา,กฟส.โนนแดง,กฟส.โนนแดง,โนนแดง,XS,N,114,,
,2569-01-01,2569-01-01,กฟส.,กฟฉ.3,นครราชสีมา,กฟส.โนนไทย,กฟส.โนนไทย,โนนไทย,S,N,113,,
,2569-01-01,2569-01-01,กฟจ.,กฟฉ.3,บุรีรัมย์,กฟจ.บุรีรัมย์,กฟจ.บุรีรัมย์,บุรีรัมย์,S,Y,105,,ยกระดับจาก กฟส.เมืองบุรีรัมย์ (ขนาดเดิม L)
,2569-01-01,2569-01-01,กฟส.,กฟฉ.3,บุรีรัมย์,กฟส.กระสัง,กฟส.กระสัง,กระสัง,S,N,113,,
,2569-01-01,2569-01-01,กฟส.,กฟฉ.3,บุรีรัมย์,กฟส.คูเมือง,กฟส.คูเมือง,คูเมือง,S,N,113,,
,2569-01-01,2569-01-01,กฟส.,กฟฉ.3,บุรีรัมย์,กฟส.นำงรอง,กฟส.นำงรอง,นางรอง,L,N,111,,
,2569-01-01,2569-01-01,กฟส.,กฟฉ.3,บุรีรัมย์,กฟส.นำโพธิ,กฟส.นำโพธิ,นาโพธิ,XS,N,114,,
,2569-01-01,2569-01-01,กฟส.,กฟฉ.3,บุรีรัมย์,กฟส.บ้านกรวด,กฟส.บ้านกรวด,บ้านกรวด,S,N,113,,
,2569-01-01,2569-01-01,กฟส.,กฟฉ.3,บุรีรัมย์,กฟส.บ้านใหม่ไชยพจน์,กฟส.บ้านใหม่ไชยพจน์,บ้านใหม่ไชยพจน์,XS,N,114,,
,2569-01-01,2569-01-01,กฟส.,กฟฉ.3,บุรีรัมย์,กฟส.ประโคนชัย,กฟส.ประโคนชัย,ประโคนชัย,S,N,113,,
,2569-01-01,2569-01-01,กฟส.,กฟฉ.3,บุรีรัมย์,กฟส.ปะคำ,กฟส.ปะคำ,ปะคา,XS,N,114,,
,2569-01-01,2569-01-01,กฟส.,กฟฉ.3,บุรีรัมย์,กฟส.พลับพลำชัย,กฟส.พลับพลำชัย,พลับพลาชัย,XS,N,114,,
,2569-01-01,2569-01-01,กฟส.,กฟฉ.3,บุรีรัมย์,กฟส.พุทไธสง,กฟส.พุทไธสง,พุทไธสง,S,N,113,,
,2569-01-01,2569-01-01,กฟส.,กฟฉ.3,บุรีรัมย์,กฟส.ละหำนทรำย,กฟส.ละหำนทรำย,ละหานทราย,S,N,113,,
,2569-01-01,2569-01-01,กฟส.,กฟฉ.3,บุรีรัมย์,กฟส.ลำปลำยมำศ,กฟส.ลำปลำยมำศ,ลาปลายมาศ,S,N,113,,
,2569-01-01,2569-01-01,กฟส.,กฟฉ.3,บุรีรัมย์,กฟส.สตึก,กฟส.สตึก,สตึก,S,N,113,,
,2569-01-01,2569-01-01,กฟส.,กฟฉ.3,บุรีรัมย์,กฟส.หนองกี่,กฟส.หนองกี่,หนองกี่,S,N,113,,
,2569-01-01,2569-01-01,กฟส.,กฟฉ.3,บุรีรัมย์,กฟส.หนองหงส์,กฟส.หนองหงส์,หนองหงส์,XS,N,114,,
,2569-01-01,2569-01-01,กฟส.,กฟฉ.3,บุรีรัมย์,กฟส.แคนดง,กฟส.แคนดง,แคนดง,XS,N,114,,
,2569-01-01,2569-01-01,กฟส.,กฟฉ.3,บุรีรัมย์,กฟส.โนนดินแดง,กฟส.โนนดินแดง,โนนดินแดง,XS,N,114,,
,2569-01-01,2569-01-01,กฟจ.,กฟฉ.3,สุรินทร์,กฟจ.สุรินทร์,กฟจ.สุรินทร์,สุรินทร์,S,Y,105,,ยกระดับจาก กฟส.เมืองสุรินทร์ (ขนาดเดิม L)
,2569-01-01,2569-01-01,กฟส.,กฟฉ.3,สุรินทร์,กฟส.กำบเชิง,กฟส.กำบเชิง,กาบเชิง,XS,N,114,,
,2569-01-01,2569-01-01,กฟส.,กฟฉ.3,สุรินทร์,กฟส.จอมพระ,กฟส.จอมพระ,จอมพระ,XS,N,114,,
,2569-01-01,2569-01-01,กฟส.,กฟฉ.3,สุรินทร์,กฟส.ชุมพลบุรี,กฟส.ชุมพลบุรี,ชุมพลบุรี,XS,N,114,,
,2569-01-01,2569-01-01,กฟส.,กฟฉ.3,สุรินทร์,กฟส.ท่าตูม,กฟส.ท่าตูม,ท่าตูม,S,N,113,,
,2569-01-01,2569-01-01,กฟส.,กฟฉ.3,สุรินทร์,กฟส.บัวเชด,กฟส.บัวเชด,บัวเชด,XS,N,114,,
,2569-01-01,2569-01-01,กฟส.,กฟฉ.3,สุรินทร์,กฟส.ปรำสำท,กฟส.ปรำสำท,ปราสาท,M,N,112,,
,2569-01-01,2569-01-01,กฟส.,กฟฉ.3,สุรินทร์,กฟส.พนมดงรัก,กฟส.พนมดงรัก,พนมดงรัก,XS,N,114,,
,2569-01-01,2569-01-01,กฟส.,กฟฉ.3,สุรินทร์,กฟส.รัตนบุรี,กฟส.รัตนบุรี,รัตนบุรี,S,N,113,,
,2569-01-01,2569-01-01,กฟส.,กฟฉ.3,สุรินทร์,กฟส.ลำดวน,กฟส.ลำดวน,ลาดวน,XS,N,114,,
,2569-01-01,2569-01-01,กฟส.,กฟฉ.3,สุรินทร์,กฟส.ศรีณรงค์,กฟส.ศรีณรงค์,ศรีณรงค์,XS,N,114,,
,2569-01-01,2569-01-01,กฟส.,กฟฉ.3,สุรินทร์,กฟส.ศีขรภูมิ,กฟส.ศีขรภูมิ,ศีขรภูมิ,S,N,113,,
,2569-01-01,2569-01-01,กฟส.,กฟฉ.3,สุรินทร์,กฟส.สนม,กฟส.สนม,สนม,XS,N,114,,
,2569-01-01,2569-01-01,กฟส.,กฟฉ.3,สุรินทร์,กฟส.สังขะ,กฟส.สังขะ,สังขะ,S,N,113,,
,2569-01-01,2569-01-01,กฟส.,กฟฉ.3,สุรินทร์,กฟส.สำโรงทำบ,กฟส.สำโรงทำบ,สาโรงทาบ,XS,N,114,,
,2569-01-01,2569-01-01,กฟส.,กฟฉ.3,สุรินทร์,กฟส.โนนนารายณ์,กฟส.โนนนารายณ์,โนนนารายณ์,XS,N,114,,
,2569-01-01,2569-01-01,กฟจ.,กฟต.1,ชุมพร,กฟจ.ชุมพร,กฟจ.ชุมพร,ชุมพร,S,Y,105,,ยกระดับจาก กฟส.เมืองชุมพร (ขนาดเดิม L)
,2569-01-01,2569-01-01,กฟส.,กฟต.1,ชุมพร,กฟส.ดอนยำง,กฟส.ดอนยำง,ดอนยาง,XS,N,114,,
,2569-01-01,2569-01-01,กฟส.,กฟต.1,ชุมพร,กฟส.ทุ่งตะโก,กฟส.ทุ่งตะโก,ทุ่งตะโก,XS,N,114,,
,2569-01-01,2569-01-01,กฟส.,กฟต.1,ชุมพร,กฟส.ท่าแซะ,กฟส.ท่าแซะ,ท่าแซะ,M,N,112,,
,2569-01-01,2569-01-01,กฟส.,กฟต.1,ชุมพร,กฟส.ปะทิว,กฟส.ปะทิว,ปะทิว,XS,N,114,,
,2569-01-01,2569-01-01,กฟส.,กฟต.1,ชุมพร,กฟส.ปำกน้ำชุมพร,กฟส.ปำกน้ำชุมพร,ปากน้าชุมพร,S,N,113,,
,2569-01-01,2569-01-01,กฟส.,กฟต.1,ชุมพร,กฟส.ปำกน้ำหลังสวน,กฟส.ปำกน้ำหลังสวน,ปากน้าหลังสวน,XS,N,114,,
,2569-01-01,2569-01-01,กฟส.,กฟต.1,ชุมพร,กฟส.พะโต๊ะ,กฟส.พะโต๊ะ,พะโต๊ะ,XS,N,114,,
,2569-01-01,2569-01-01,กฟส.,กฟต.1,ชุมพร,กฟส.ละแม,กฟส.ละแม,ละแม,XS,N,114,,
,2569-01-01,2569-01-01,กฟส.,กฟต.1,ชุมพร,กฟส.สวี,กฟส.สวี,สวี,S,N,113,,
,2569-01-01,2569-01-01,กฟส.,กฟต.1,ชุมพร,กฟส.หลังสวน,กฟส.หลังสวน,หลังสวน,M,N,112,,
,2569-01-01,2569-01-01,กฟจ.,กฟต.1,ประจวบคีรีขันธ์,กฟจ.ประจวบคีรีขันธ์,กฟจ.ประจวบคีรีขันธ์,ประจวบคีรีขันธ์,S,Y,105,,ยกระดับจาก กฟส.เมืองประจวบคีรีขันธ์ (ขนาดเดิม M)
,2569-01-01,2569-01-01,กฟส.,กฟต.1,ประจวบคีรีขันธ์,กฟส.กุยบุรี,กฟส.กุยบุรี,กุยบุรี,S,N,113,,
,2569-01-01,2569-01-01,กฟส.,กฟต.1,ประจวบคีรีขันธ์,กฟส.ทับสะแก,กฟส.ทับสะแก,ทับสะแก,S,N,113,,
,2569-01-01,2569-01-01,กฟส.,กฟต.1,ประจวบคีรีขันธ์,กฟส.นิคมสร้างตนเองตำบลอ่าวน้อย,กฟส.นิคมสร้างตนเองตำบลอ่าวน้อย,นิคมสร้างตนเองตาบลอ่าวน้อย,XS,N,114,,
,2569-01-01,2569-01-01,กฟส.,กฟต.1,ประจวบคีรีขันธ์,กฟส.บำงสะพำน,กฟส.บำงสะพำน,บางสะพาน,M,N,112,,
,2569-01-01,2569-01-01,กฟส.,กฟต.1,ประจวบคีรีขันธ์,กฟส.บางสะพานน้อย,กฟส.บางสะพานน้อย,บางสะพานน้อย,XS,N,114,,
,2569-01-01,2569-01-01,กฟส.,กฟต.1,ประจวบคีรีขันธ์,กฟส.ปรำณบุรี,กฟส.ปรำณบุรี,ปราณบุรี,M,N,112,,
,2569-01-01,2569-01-01,กฟส.,กฟต.1,ประจวบคีรีขันธ์,กฟส.ปำกน้ำปรำณ,กฟส.ปำกน้ำปรำณ,ปากน้าปราณ,XS,N,114,,
,2569-01-01,2569-01-01,กฟส.,กฟต.1,ประจวบคีรีขันธ์,กฟส.สามร้อยยอด,กฟส.สามร้อยยอด,สามร้อยยอด,XS,N,114,,
,2569-01-01,2569-01-01,กฟส.,กฟต.1,ประจวบคีรีขันธ์,กฟส.หนองพลับ,กฟส.หนองพลับ,หนองพลับ,XS,N,114,,
,2569-01-01,2569-01-01,กฟส.,กฟต.1,ประจวบคีรีขันธ์,กฟส.หัวหิน,กฟส.หัวหิน,หัวหิน,L,N,111,,
,2569-01-01,2569-01-01,กฟจ.,กฟต.1,ระนอง,กฟจ.ระนอง,กฟจ.ระนอง,ระนอง,S,Y,105,,ยกระดับจาก กฟส.เมืองระนอง (ขนาดเดิม M)
,2569-01-01,2569-01-01,กฟส.,กฟต.1,ระนอง,กฟส.กระบุรี,กฟส.กระบุรี,กระบุรี,XS,N,114,,
,2569-01-01,2569-01-01,กฟส.,กฟต.1,ระนอง,กฟส.กะเปอร,กฟส.กะเปอร,กะเปอร,XS,N,114,,
,2569-01-01,2569-01-01,กฟส.,กฟต.1,ระนอง,กฟส.ละอุ่น,กฟส.ละอุ่น,ละอุ่น,XS,N,114,,
,2569-01-01,2569-01-01,กฟส.,กฟต.1,ระนอง,กฟส.สุขสำรำญ,กฟส.สุขสำรำญ,สุขสาราญ,XS,N,114,,
,2569-01-01,2569-01-01,กฟจ.,กฟต.1,ราชบุรี,กฟจ.ราชบุรี,กฟจ.รำชบุรี,ราชบุรี,L,Y,104,,ยกระดับจาก กฟส.เมืองรำชบุรี (ขนาดเดิม L)
,2569-01-01,2569-01-01,กฟส.,กฟต.1,ราชบุรี,กฟส.กรับใหญ่,กฟส.กรับใหญ่,กรับใหญ่,XS,N,114,,
,2569-01-01,2569-01-01,กฟส.,กฟต.1,ราชบุรี,กฟส.จอมบึง,กฟส.จอมบึง,จอมบึง,M,N,112,,
,2569-01-01,2569-01-01,กฟส.,กฟต.1,ราชบุรี,กฟส.ดอนไผ่,กฟส.ดอนไผ่,ดอนไผ่,S,N,113,,
,2569-01-01,2569-01-01,กฟส.,กฟต.1,ราชบุรี,กฟส.ดำเนินสะดวก,กฟส.ดำเนินสะดวก,ดาเนินสะดวก,S,N,113,,
,2569-01-01,2569-01-01,กฟส.,กฟต.1,ราชบุรี,กฟส.ด่านทับตะโก,กฟส.ด่านทับตะโก,ด่านทับตะโก,XS,N,114,,
,2569-01-01,2569-01-01,กฟส.,กฟต.1,ราชบุรี,กฟส.นางแก้ว,กฟส.นางแก้ว,นางแก้ว,XS,N,114,,
,2569-01-01,2569-01-01,กฟส.,กฟต.1,ราชบุรี,กฟส.บำงแพ,กฟส.บำงแพ,บางแพ,S,N,113,,
,2569-01-01,2569-01-01,กฟส.,กฟต.1,ราชบุรี,กฟส.บ้านคา,กฟส.บ้านคา,บ้านคา,XS,N,114,,
,2569-01-01,2569-01-01,กฟส.,กฟต.1,ราชบุรี,กฟส.บ้านโป่ง,กฟส.บ้านโป่ง,บ้านโป่ง,L,N,111,,
,2569-01-01,2569-01-01,กฟส.,กฟต.1,ราชบุรี,กฟส.ปากท่อ,กฟส.ปากท่อ,ปากท่อ,S,N,113,,
,2569-01-01,2569-01-01,กฟส.,กฟต.1,ราชบุรี,กฟส.วัดเพลง,กฟส.วัดเพลง,วัดเพลง,XS,N,114,,
,2569-01-01,2569-01-01,กฟส.,กฟต.1,ราชบุรี,กฟส.สวนผึ้ง,กฟส.สวนผึ้ง,สวนผึ้ง,S,N,113,,
,2569-01-01,2569-01-01,กฟส.,กฟต.1,ราชบุรี,กฟส.หนองปลำหมอ,กฟส.หนองปลำหมอ,หนองปลาหมอ,XS,N,114,,
,2569-01-01,2569-01-01,กฟส.,กฟต.1,ราชบุรี,กฟส.โพธำรำม,กฟส.โพธำรำม,โพธาราม,L,N,111,,
,2569-01-01,2569-01-01,กฟจ.,กฟต.1,สมุทรสงคราม,กฟจ.สมุทรสงคราม,กฟจ.สมุทรสงครำม,สมุทรสงคราม,S,Y,105,,ยกระดับจาก กฟส.เมืองสมุทรสงครำม (ขนาดเดิม L)
,2569-01-01,2569-01-01,กฟส.,กฟต.1,สมุทรสงคราม,กฟส.บำงคนที,กฟส.บำงคนที,บางคนที,S,N,113,,
,2569-01-01,2569-01-01,กฟส.,กฟต.1,สมุทรสงคราม,กฟส.อัมพวำ,กฟส.อัมพวำ,อัมพวา,S,N,113,,
,2569-01-01,2569-01-01,กฟจ.,กฟต.1,เพชรบุรี,กฟจ.เพชรบุรี,กฟจ.เพชรบุรี,เพชรบุรี,L,Y,104,,ยกระดับจาก กฟส.เมืองเพชรบุรี (ขนาดเดิม L)
,2569-01-01,2569-01-01,กฟส.,กฟต.1,เพชรบุรี,กฟส.ชะอำ,กฟส.ชะอำ,ชะอา,L,N,111,,
,2569-01-01,2569-01-01,กฟส.,กฟต.1,เพชรบุรี,กฟส.ท่ายาง,กฟส.ท่ายาง,ท่ายาง,S,N,113,,
,2569-01-01,2569-01-01,กฟส.,กฟต.1,เพชรบุรี,กฟส.ท่าไม้รวก,กฟส.ท่าไม้รวก,ท่าไม้รวก,XS,N,114,,
,2569-01-01,2569-01-01,กฟส.,กฟต.1,เพชรบุรี,กฟส.บำงตะบูน,กฟส.บำงตะบูน,บางตะบูน,XS,N,114,,
,2569-01-01,2569-01-01,กฟส.,กฟต.1,เพชรบุรี,กฟส.บ้านลาด,กฟส.บ้านลาด,บ้านลาด,S,N,113,,
,2569-01-01,2569-01-01,กฟส.,กฟต.1,เพชรบุรี,กฟส.บ้านแหลม,กฟส.บ้านแหลม,บ้านแหลม,S,N,113,,
,2569-01-01,2569-01-01,กฟส.,กฟต.1,เพชรบุรี,กฟส.หนองหญ้าปล้อง,กฟส.หนองหญ้าปล้อง,หนองหญ้าปล้อง,XS,N,114,,
,2569-01-01,2569-01-01,กฟส.,กฟต.1,เพชรบุรี,กฟส.เขาย้อย,กฟส.เขาย้อย,เขาย้อย,S,N,113,,
,2569-01-01,2569-01-01,กฟส.,กฟต.1,เพชรบุรี,กฟส.แก่งกระจาน,กฟส.แก่งกระจาน,แก่งกระจาน,XS,N,114,,
,2569-01-01,2569-01-01,กฟจ.,กฟต.2,กระบี่,กฟจ.กระบี่,กฟจ.กระบี่,กระบี่,S,Y,105,,ยกระดับจาก กฟส.เมืองกระบี่ (ขนาดเดิม L)
,2569-01-01,2569-01-01,กฟส.,กฟต.2,กระบี่,กฟส.คลองท่อม,กฟส.คลองท่อม,คลองท่อม,S,N,113,,
,2569-01-01,2569-01-01,กฟส.,กฟต.2,กระบี่,กฟส.บ้านเกาะพีพี,กฟส.บ้านเกาะพีพี,บ้านเกาะพีพี,XS,N,114,,
,2569-01-01,2569-01-01,กฟส.,กฟต.2,กระบี่,กฟส.ปลำยพระยำ,กฟส.ปลำยพระยำ,ปลายพระยา,XS,N,114,,
,2569-01-01,2569-01-01,กฟส.,กฟต.2,กระบี่,กฟส.ลำทับ,กฟส.ลำทับ,ลาทับ,XS,N,114,,
,2569-01-01,2569-01-01,กฟส.,กฟต.2,กระบี่,กฟส.อ่าวนาง,กฟส.อ่าวนาง,อ่าวนาง,XS,N,114,,
,2569-01-01,2569-01-01,กฟส.,กฟต.2,กระบี่,กฟส.อ่าวลึก,กฟส.อ่าวลึก,อ่าวลึก,S,N,113,,
,2569-01-01,2569-01-01,กฟส.,กฟต.2,กระบี่,กฟส.เกำะลันตำ,กฟส.เกำะลันตำ,เกาะลันตา,S,N,113,,
,2569-01-01,2569-01-01,กฟส.,กฟต.2,กระบี่,กฟส.เขำพนม,กฟส.เขำพนม,เขาพนม,S,N,113,,
,2569-01-01,2569-01-01,กฟส.,กฟต.2,กระบี่,กฟส.เหนือคลอง,กฟส.เหนือคลอง,เหนือคลอง,S,N,113,,
,2569-01-01,2569-01-01,กฟจ.,กฟต.2,ตรัง,กฟจ.ตรัง,กฟจ.ตรัง,ตรัง,S,Y,105,,ยกระดับจาก กฟส.เมืองตรัง (ขนาดเดิม L)
,2569-01-01,2569-01-01,กฟส.,กฟต.2,ตรัง,กฟส.กันตัง,กฟส.กันตัง,กันตัง,S,N,113,,
,2569-01-01,2569-01-01,กฟส.,กฟต.2,ตรัง,กฟส.นำโยง,กฟส.นำโยง,นาโยง,XS,N,114,,
,2569-01-01,2569-01-01,กฟส.,กฟต.2,ตรัง,กฟส.ปะเหลียน,กฟส.ปะเหลียน,ปะเหลียน,S,N,113,,
,2569-01-01,2569-01-01,กฟส.,กฟต.2,ตรัง,กฟส.ย่านตาขาว,กฟส.ย่านตาขาว,ย่านตาขาว,S,N,113,,
,2569-01-01,2569-01-01,กฟส.,กฟต.2,ตรัง,กฟส.รัษฎำ,กฟส.รัษฎำ,รัษฎา,XS,N,114,,
,2569-01-01,2569-01-01,กฟส.,กฟต.2,ตรัง,กฟส.วังวิเศษ,กฟส.วังวิเศษ,วังวิเศษ,XS,N,114,,
,2569-01-01,2569-01-01,กฟส.,กฟต.2,ตรัง,กฟส.สิเกำ,กฟส.สิเกำ,สิเกา,XS,N,114,,
,2569-01-01,2569-01-01,กฟส.,กฟต.2,ตรัง,กฟส.หำดสำรำญ,กฟส.หำดสำรำญ,หาดสาราญ,XS,N,114,,
,2569-01-01,2569-01-01,กฟส.,กฟต.2,ตรัง,กฟส.ห้วยยอด,กฟส.ห้วยยอด,ห้วยยอด,M,N,112,,
,2569-01-01,2569-01-01,กฟส.,กฟต.2,ตรัง,กฟส.เกาะมุกด์,กฟส.เกาะมุกด์,เกาะมุกด์,XS,N,114,,
,2569-01-01,2569-01-01,กฟส.,กฟต.2,ตรัง,กฟส.เกำะลิบง,กฟส.เกำะลิบง,เกาะลิบง,XS,N,114,,
,2569-01-01,2569-01-01,กฟส.,กฟต.2,ตรัง,กฟส.เกำะสุกร,กฟส.เกำะสุกร,เกาะสุกร,XS,N,114,,
,2569-01-01,2569-01-01,กฟจ.,กฟต.2,นครศรีธรรมราช,กฟจ.นครศรีธรรมราช,กฟจ.นครศรีธรรมรำช,นครศรีธรรมราช,L,Y,104,,ยกระดับจาก กฟส.เมืองนครศรีธรรมรำช (ขนาดเดิม L)
,2569-01-01,2569-01-01,กฟส.,กฟต.2,นครศรีธรรมราช,กฟส.ขนอม,กฟส.ขนอม,ขนอม,S,N,113,,
,2569-01-01,2569-01-01,กฟส.,กฟต.2,นครศรีธรรมราช,กฟส.จุฬาภรณ์,กฟส.จุฬาภรณ์,จุฬาภรณ์,XS,N,114,,
,2569-01-01,2569-01-01,กฟส.,กฟต.2,นครศรีธรรมราช,กฟส.ฉวำง,กฟส.ฉวำง,ฉวาง,S,N,113,,
,2569-01-01,2569-01-01,กฟส.,กฟต.2,นครศรีธรรมราช,กฟส.ชะอวด,กฟส.ชะอวด,ชะอวด,S,N,113,,
,2569-01-01,2569-01-01,กฟส.,กฟต.2,นครศรีธรรมราช,กฟส.ช้างกลาง,กฟส.ช้างกลาง,ช้างกลาง,S,N,113,,
,2569-01-01,2569-01-01,กฟส.,กฟต.2,นครศรีธรรมราช,กฟส.ถ้ำพรรณรำ,กฟส.ถ้ำพรรณรำ,ถ้าพรรณรา,XS,N,114,,
,2569-01-01,2569-01-01,กฟส.,กฟต.2,นครศรีธรรมราช,กฟส.ทุ่งสง,กฟส.ทุ่งสง,ทุ่งสง,L,N,111,,
,2569-01-01,2569-01-01,กฟส.,กฟต.2,นครศรีธรรมราช,กฟส.ทุ่งใหญ่,กฟส.ทุ่งใหญ่,ทุ่งใหญ่,S,N,113,,
,2569-01-01,2569-01-01,กฟส.,กฟต.2,นครศรีธรรมราช,กฟส.ท่าศาลา,กฟส.ท่าศาลา,ท่าศาลา,M,N,112,,
,2569-01-01,2569-01-01,กฟส.,กฟต.2,นครศรีธรรมราช,กฟส.นบพิตำ,กฟส.นบพิตำ,นบพิตา,XS,N,114,,
,2569-01-01,2569-01-01,กฟส.,กฟต.2,นครศรีธรรมราช,กฟส.นำบอน,กฟส.นำบอน,นาบอน,XS,N,114,,
,2569-01-01,2569-01-01,กฟส.,กฟต.2,นครศรีธรรมราช,กฟส.บำงขัน,กฟส.บำงขัน,บางขัน,XS,N,114,,
,2569-01-01,2569-01-01,กฟส.,กฟต.2,นครศรีธรรมราช,กฟส.ปำกพนัง,กฟส.ปำกพนัง,ปากพนัง,M,N,112,,
,2569-01-01,2569-01-01,กฟส.,กฟต.2,นครศรีธรรมราช,กฟส.พรหมคีรี,กฟส.พรหมคีรี,พรหมคีรี,XS,N,114,,
,2569-01-01,2569-01-01,กฟส.,กฟต.2,นครศรีธรรมราช,กฟส.พระพรหม,กฟส.พระพรหม,พระพรหม,XS,N,114,,
,2569-01-01,2569-01-01,กฟส.,กฟต.2,นครศรีธรรมราช,กฟส.พิปูน,กฟส.พิปูน,พิปูน,XS,N,114,,
,2569-01-01,2569-01-01,กฟส.,กฟต.2,นครศรีธรรมราช,กฟส.ร่อนพิบูลย์,กฟส.ร่อนพิบูลย์,ร่อนพิบูลย์,S,N,113,,
,2569-01-01,2569-01-01,กฟส.,กฟต.2,นครศรีธรรมราช,กฟส.ลำนสกำ,กฟส.ลำนสกำ,ลานสกา,XS,N,114,,
,2569-01-01,2569-01-01,กฟส.,กฟต.2,นครศรีธรรมราช,กฟส.สิชล,กฟส.สิชล,สิชล,S,N,113,,
,2569-01-01,2569-01-01,กฟส.,กฟต.2,นครศรีธรรมราช,กฟส.หัวไทร,กฟส.หัวไทร,หัวไทร,S,N,113,,
,2569-01-01,2569-01-01,กฟส.,กฟต.2,นครศรีธรรมราช,กฟส.เฉลิมพระเกียรติ,กฟส.เฉลิมพระเกียรติ,เฉลิมพระเกียรติ,XS,N,114,,
,2569-01-01,2569-01-01,กฟส.,กฟต.2,นครศรีธรรมราช,กฟส.เชียรใหญ่,กฟส.เชียรใหญ่,เชียรใหญ่,XS,N,114,,
,2569-01-01,2569-01-01,กฟจ.,กฟต.2,พังงา,กฟจ.พังงา,กฟจ.พังงำ,พังงา,S,Y,105,,ยกระดับจาก กฟส.เมืองพังงำ (ขนาดเดิม M)
,2569-01-01,2569-01-01,กฟส.,กฟต.2,พังงา,กฟส.กะปง,กฟส.กะปง,กะปง,XS,N,114,,
,2569-01-01,2569-01-01,กฟส.,กฟต.2,พังงา,กฟส.คุระบุรี,กฟส.คุระบุรี,คุระบุรี,XS,N,114,,
,2569-01-01,2569-01-01,กฟส.,กฟต.2,พังงา,กฟส.ตะกั่วทุ่ง,กฟส.ตะกั่วทุ่ง,ตะกั่วทุ่ง,S,N,113,,
,2569-01-01,2569-01-01,กฟส.,กฟต.2,พังงา,กฟส.ตะกั่วป่า,กฟส.ตะกั่วป่า,ตะกั่วป่า,M,N,112,,
,2569-01-01,2569-01-01,กฟส.,กฟต.2,พังงา,กฟส.ทับปุด,กฟส.ทับปุด,ทับปุด,XS,N,114,,
,2569-01-01,2569-01-01,กฟส.,กฟต.2,พังงา,กฟส.ท้ายเหมือง,กฟส.ท้ายเหมือง,ท้ายเหมือง,S,N,113,,
,2569-01-01,2569-01-01,กฟส.,กฟต.2,พังงา,กฟส.บ้านเขาหลัก,กฟส.บ้านเขาหลัก,บ้านเขาหลัก,XS,N,114,,
,2569-01-01,2569-01-01,กฟจ.,กฟต.2,ภูเก็ต,กฟจ.ภูเก็ต,กฟจ.ภูเก็ต,ภูเก็ต,L,Y,104,,ยกระดับจาก กฟส.เมืองภูเก็ต (ขนาดเดิม L)
,2569-01-01,2569-01-01,กฟส.,กฟต.2,ภูเก็ต,กฟส.ฉลอง,กฟส.ฉลอง,ฉลอง,S,N,113,,
,2569-01-01,2569-01-01,กฟส.,กฟต.2,ภูเก็ต,กฟส.ถลำง,กฟส.ถลำง,ถลาง,L,N,111,,
,2569-01-01,2569-01-01,กฟส.,กฟต.2,ภูเก็ต,กฟส.ป่าตอง,กฟส.ป่าตอง,ป่าตอง,L,N,111,,
,2569-01-01,2569-01-01,กฟส.,กฟต.2,ภูเก็ต,กฟส.เกำะยำว,กฟส.เกำะยำว,เกาะยาว,XS,N,114,,
,2569-01-01,2569-01-01,กฟจ.,กฟต.2,สุราษฎร์ธานี,กฟจ.สุราษฎร์ธานี,กฟจ.สุราษฎร์ธานี,สุราษฎร์ธานี,L,Y,104,,ยกระดับจาก กฟส.เมืองสุราษฎร์ธานี (ขนาดเดิม L)
,2569-01-01,2569-01-01,กฟส.,กฟต.2,สุราษฎร์ธานี,กฟส.กาญจนดิษฐ์,กฟส.กาญจนดิษฐ์,กาญจนดิษฐ์,M,N,112,,
,2569-01-01,2569-01-01,กฟส.,กฟต.2,สุราษฎร์ธานี,กฟส.คีรีรัฐนิคม,กฟส.คีรีรัฐนิคม,คีรีรัฐนิคม,S,N,113,,
,2569-01-01,2569-01-01,กฟส.,กฟต.2,สุราษฎร์ธานี,กฟส.ชัยบุรี,กฟส.ชัยบุรี,ชัยบุรี,XS,N,114,,
,2569-01-01,2569-01-01,กฟส.,กฟต.2,สุราษฎร์ธานี,กฟส.ดอนสัก,กฟส.ดอนสัก,ดอนสัก,XS,N,114,,
,2569-01-01,2569-01-01,กฟส.,กฟต.2,สุราษฎร์ธานี,กฟส.ท่าฉาง,กฟส.ท่าฉาง,ท่าฉาง,XS,N,114,,
,2569-01-01,2569-01-01,กฟส.,กฟต.2,สุราษฎร์ธานี,กฟส.ท่าชนะ,กฟส.ท่าชนะ,ท่าชนะ,S,N,113,,
,2569-01-01,2569-01-01,กฟส.,กฟต.2,สุราษฎร์ธานี,กฟส.บ้านตาขุน,กฟส.บ้านตาขุน,บ้านตาขุน,S,N,113,,
,2569-01-01,2569-01-01,กฟส.,กฟต.2,สุราษฎร์ธานี,กฟส.บ้านนาสาร,กฟส.บ้านนาสาร,บ้านนาสาร,S,N,113,,
,2569-01-01,2569-01-01,กฟส.,กฟต.2,สุราษฎร์ธานี,กฟส.บ้านนาเดิม,กฟส.บ้านนาเดิม,บ้านนาเดิม,XS,N,114,,
,2569-01-01,2569-01-01,กฟส.,กฟต.2,สุราษฎร์ธานี,กฟส.พนม,กฟส.พนม,พนม,XS,N,114,,
,2569-01-01,2569-01-01,กฟส.,กฟต.2,สุราษฎร์ธานี,กฟส.พระแสง,กฟส.พระแสง,พระแสง,S,N,113,,
,2569-01-01,2569-01-01,กฟส.,กฟต.2,สุราษฎร์ธานี,กฟส.พุนพิน,กฟส.พุนพิน,พุนพิน,L,N,111,,
,2569-01-01,2569-01-01,กฟส.,กฟต.2,สุราษฎร์ธานี,กฟส.วิภำวดี,กฟส.วิภำวดี,วิภาวดี,XS,N,114,,
,2569-01-01,2569-01-01,กฟส.,กฟต.2,สุราษฎร์ธานี,กฟส.เกำะพะงัน,กฟส.เกำะพะงัน,เกาะพะงัน,S,N,113,,
,2569-01-01,2569-01-01,กฟส.,กฟต.2,สุราษฎร์ธานี,กฟส.เกำะสมุย,กฟส.เกำะสมุย,เกาะสมุย,L,N,111,,
,2569-01-01,2569-01-01,กฟส.,กฟต.2,สุราษฎร์ธานี,กฟส.เกาะเต่า,กฟส.เกาะเต่า,เกาะเต่า,XS,N,114,,
,2569-01-01,2569-01-01,กฟส.,กฟต.2,สุราษฎร์ธานี,กฟส.เคียนซำ,กฟส.เคียนซำ,เคียนซา,XS,N,114,,
,2569-01-01,2569-01-01,กฟส.,กฟต.2,สุราษฎร์ธานี,กฟส.เวียงสระ,กฟส.เวียงสระ,เวียงสระ,M,N,112,,
,2569-01-01,2569-01-01,กฟส.,กฟต.2,สุราษฎร์ธานี,กฟส.ไชยำ,กฟส.ไชยำ,ไชยา,S,N,113,,
,2569-01-01,2569-01-01,กฟจ.,กฟต.3,นราธิวาส,กฟจ.นราธิวาส,กฟจ.นรำธิวำส,นราธิวาส,S,Y,105,,ยกระดับจาก กฟส.เมืองนรำธิวำส (ขนาดเดิม M)
,2569-01-01,2569-01-01,กฟส.,กฟต.3,นราธิวาส,กฟส.จะแนะ,กฟส.จะแนะ,จะแนะ,XS,N,114,,
,2569-01-01,2569-01-01,กฟส.,กฟต.3,นราธิวาส,กฟส.ตำกใบ,กฟส.ตำกใบ,ตากใบ,S,N,113,,
,2569-01-01,2569-01-01,กฟส.,กฟต.3,นราธิวาส,กฟส.บำเจำะ,กฟส.บำเจำะ,บาเจาะ,XS,N,114,,
,2569-01-01,2569-01-01,กฟส.,กฟต.3,นราธิวาส,กฟส.ยี่งอ,กฟส.ยี่งอ,ยี่งอ,XS,N,114,,
,2569-01-01,2569-01-01,กฟส.,กฟต.3,นราธิวาส,กฟส.ระแงะ,กฟส.ระแงะ,ระแงะ,S,N,113,,
,2569-01-01,2569-01-01,กฟส.,กฟต.3,นราธิวาส,กฟส.รือเสำะ,กฟส.รือเสำะ,รือเสาะ,S,N,113,,
,2569-01-01,2569-01-01,กฟส.,กฟต.3,นราธิวาส,กฟส.ศรีสำคร,กฟส.ศรีสำคร,ศรีสาคร,XS,N,114,,
,2569-01-01,2569-01-01,กฟส.,กฟต.3,นราธิวาส,กฟส.สุคิริน,กฟส.สุคิริน,สุคิริน,XS,N,114,,
,2569-01-01,2569-01-01,กฟส.,กฟต.3,นราธิวาส,กฟส.สุไหงปำดี,กฟส.สุไหงปำดี,สุไหงปาดี,XS,N,114,,
,2569-01-01,2569-01-01,กฟส.,กฟต.3,นราธิวาส,กฟส.สุไหงโก-ลก,กฟส.สุไหงโก-ลก,สุไหงโก-ลก,M,N,112,,
,2569-01-01,2569-01-01,กฟส.,กฟต.3,นราธิวาส,กฟส.เจาะไอร้อง,กฟส.เจาะไอร้อง,เจาะไอร้อง,XS,N,114,,
,2569-01-01,2569-01-01,กฟส.,กฟต.3,นราธิวาส,กฟส.แว้ง,กฟส.แว้ง,แว้ง,XS,N,114,,
,2569-01-01,2569-01-01,กฟจ.,กฟต.3,ปัตตานี,กฟจ.ปัตตานี,กฟจ.ปัตตานี,ปัตตานี,S,Y,105,,ยกระดับจาก กฟส.เมืองปัตตานี (ขนาดเดิม M)
,2569-01-01,2569-01-01,กฟส.,กฟต.3,ปัตตานี,กฟส.กะพ้อ,กฟส.กะพ้อ,กะพ้อ,XS,N,114,,
,2569-01-01,2569-01-01,กฟส.,กฟต.3,ปัตตานี,กฟส.ทุ่งยางแดง,กฟส.ทุ่งยางแดง,ทุ่งยางแดง,XS,N,114,,
,2569-01-01,2569-01-01,กฟส.,กฟต.3,ปัตตานี,กฟส.ปะนำเระ,กฟส.ปะนำเระ,ปะนาเระ,XS,N,114,,
,2569-01-01,2569-01-01,กฟส.,กฟต.3,ปัตตานี,กฟส.มำยอ,กฟส.มำยอ,มายอ,S,N,113,,
,2569-01-01,2569-01-01,กฟส.,กฟต.3,ปัตตานี,กฟส.ยะรัง,กฟส.ยะรัง,ยะรัง,XS,N,114,,
,2569-01-01,2569-01-01,กฟส.,กฟต.3,ปัตตานี,กฟส.ยะหริ่ง,กฟส.ยะหริ่ง,ยะหริ่ง,XS,N,114,,
,2569-01-01,2569-01-01,กฟส.,กฟต.3,ปัตตานี,กฟส.สำยบุรี,กฟส.สำยบุรี,สายบุรี,M,N,112,,
,2569-01-01,2569-01-01,กฟส.,กฟต.3,ปัตตานี,กฟส.หนองจิก,กฟส.หนองจิก,หนองจิก,S,N,113,,
,2569-01-01,2569-01-01,กฟส.,กฟต.3,ปัตตานี,กฟส.แม่ลาน,กฟส.แม่ลาน,แม่ลาน,XS,N,114,,
,2569-01-01,2569-01-01,กฟส.,กฟต.3,ปัตตานี,กฟส.โคกโพธิ,กฟส.โคกโพธิ,โคกโพธิ,S,N,113,,
,2569-01-01,2569-01-01,กฟส.,กฟต.3,ปัตตานี,กฟส.ไม้แก่น,กฟส.ไม้แก่น,ไม้แก่น,XS,N,114,,
,2569-01-01,2569-01-01,กฟจ.,กฟต.3,พัทลุง,กฟจ.พัทลุง,กฟจ.พัทลุง,พัทลุง,S,Y,105,,ยกระดับจาก กฟส.เมืองพัทลุง (ขนาดเดิม L)
,2569-01-01,2569-01-01,กฟส.,กฟต.3,พัทลุง,กฟส.กงหรำ,กฟส.กงหรำ,กงหรา,XS,N,114,,
,2569-01-01,2569-01-01,กฟส.,กฟต.3,พัทลุง,กฟส.ควนขนุน,กฟส.ควนขนุน,ควนขนุน,S,N,113,,
,2569-01-01,2569-01-01,กฟส.,กฟต.3,พัทลุง,กฟส.ตะโหมด,กฟส.ตะโหมด,ตะโหมด,S,N,113,,
,2569-01-01,2569-01-01,กฟส.,กฟต.3,พัทลุง,กฟส.บางแก้ว,กฟส.บางแก้ว,บางแก้ว,XS,N,114,,
,2569-01-01,2569-01-01,กฟส.,กฟต.3,พัทลุง,กฟส.ปำกพะยูน,กฟส.ปำกพะยูน,ปากพะยูน,S,N,113,,
,2569-01-01,2569-01-01,กฟส.,กฟต.3,พัทลุง,กฟส.ป่าบอน,กฟส.ป่าบอน,ป่าบอน,XS,N,114,,
,2569-01-01,2569-01-01,กฟส.,กฟต.3,พัทลุง,กฟส.ป่าพะยอม,กฟส.ป่าพะยอม,ป่าพะยอม,XS,N,114,,
,2569-01-01,2569-01-01,กฟส.,กฟต.3,พัทลุง,กฟส.ศรีบรรพต,กฟส.ศรีบรรพต,ศรีบรรพต,XS,N,114,,
,2569-01-01,2569-01-01,กฟส.,กฟต.3,พัทลุง,กฟส.เขำชัยสน,กฟส.เขำชัยสน,เขาชัยสน,XS,N,114,,
,2569-01-01,2569-01-01,กฟจ.,กฟต.3,ยะลา,กฟจ.ยะลา,กฟจ.ยะลำ,ยะลา,S,Y,105,,
,2569-01-01,2569-01-01,กฟอ.,กฟต.3,ยะลา,กฟอ.เบตง,กฟอ.เบตง,เบตง,M,N,,Y,ไม่มี resource_code ทางการสำหรับ กฟอ. ขนาด M
,2569-01-01,2569-01-01,กฟส.,กฟต.3,ยะลา,กฟส.กรงปินัง,กฟส.กรงปินัง,กรงปินัง,XS,N,114,,
,2569-01-01,2569-01-01,กฟส.,กฟต.3,ยะลา,กฟส.กำบัง,กฟส.กำบัง,กาบัง,XS,N,114,,
,2569-01-01,2569-01-01,กฟส.,กฟต.3,ยะลา,กฟส.ธำรโต,กฟส.ธำรโต,ธารโต,XS,N,114,,
,2569-01-01,2569-01-01,กฟส.,กฟต.3,ยะลา,กฟส.บันนังสตำ,กฟส.บันนังสตำ,บันนังสตา,S,N,113,,
,2569-01-01,2569-01-01,กฟส.,กฟต.3,ยะลา,กฟส.ยะหำ,กฟส.ยะหำ,ยะหา,XS,N,114,,
,2569-01-01,2569-01-01,กฟส.,กฟต.3,ยะลา,กฟส.รำมัน,กฟส.รำมัน,รามัน,S,N,113,,
,2569-01-01,2569-01-01,กฟจ.,กฟต.3,สงขลา,กฟจ.สงขลา,กฟจ.สงขลำ,สงขลา,L,Y,104,,ยกระดับจาก กฟส.เมืองสงขลำ (ขนาดเดิม L)
,2569-01-01,2569-01-01,กฟส.,กฟต.3,สงขลา,กฟส.กระแสสินธุ์,กฟส.กระแสสินธุ์,กระแสสินธุ์,XS,N,114,,
,2569-01-01,2569-01-01,กฟส.,กฟต.3,สงขลา,กฟส.คลองหอยโข่ง,กฟส.คลองหอยโข่ง,คลองหอยโข่ง,XS,N,114,,
,2569-01-01,2569-01-01,กฟส.,กฟต.3,สงขลา,กฟส.ควนเนียง,กฟส.ควนเนียง,ควนเนียง,XS,N,114,,
,2569-01-01,2569-01-01,กฟส.,กฟต.3,สงขลา,กฟส.จะนะ,กฟส.จะนะ,จะนะ,M,N,112,,
,2569-01-01,2569-01-01,กฟส.,กฟต.3,สงขลา,กฟส.ด่านนอก,กฟส.ด่านนอก,ด่านนอก,XS,N,114,,
,2569-01-01,2569-01-01,กฟส.,กฟต.3,สงขลา,กฟส.นำทวี,กฟส.นำทวี,นาทวี,S,N,113,,
,2569-01-01,2569-01-01,กฟส.,กฟต.3,สงขลา,กฟส.นาหม่อม,กฟส.นาหม่อม,นาหม่อม,S,N,113,,
,2569-01-01,2569-01-01,กฟส.,กฟต.3,สงขลา,กฟส.บำงกล่ำ,กฟส.บำงกล่ำ,บางกล่า,XS,N,114,,
,2569-01-01,2569-01-01,กฟส.,กฟต.3,สงขลา,กฟส.ปาดังเบซำร,กฟส.ปาดังเบซำร,ปาดังเบซาร,XS,N,114,,
,2569-01-01,2569-01-01,กฟส.,กฟต.3,สงขลา,กฟส.พังลำ,กฟส.พังลำ,พังลา,S,N,113,,
,2569-01-01,2569-01-01,กฟส.,กฟต.3,สงขลา,กฟส.ระโนด,กฟส.ระโนด,ระโนด,M,N,112,,
,2569-01-01,2569-01-01,กฟส.,กฟต.3,สงขลา,กฟส.รัตภูมิ,กฟส.รัตภูมิ,รัตภูมิ,S,N,113,,
,2569-01-01,2569-01-01,กฟส.,กฟต.3,สงขลา,กฟส.สทิงพระ,กฟส.สทิงพระ,สทิงพระ,S,N,113,,
,2569-01-01,2569-01-01,กฟส.,กฟต.3,สงขลา,กฟส.สะบ้าย้อย,กฟส.สะบ้าย้อย,สะบ้าย้อย,S,N,113,,
,2569-01-01,2569-01-01,กฟส.,กฟต.3,สงขลา,กฟส.สะเดำ,กฟส.สะเดำ,สะเดา,M,N,112,,
,2569-01-01,2569-01-01,กฟส.,กฟต.3,สงขลา,กฟส.สิงหนคร,กฟส.สิงหนคร,สิงหนคร,S,N,113,,
,2569-01-01,2569-01-01,กฟส.,กฟต.3,สงขลา,กฟส.หาดใหญ่,กฟส.หาดใหญ่,หาดใหญ่,L,N,111,,
,2569-01-01,2569-01-01,กฟส.,กฟต.3,สงขลา,กฟส.เทพำ,กฟส.เทพำ,เทพา,S,N,113,,
,2569-01-01,2569-01-01,กฟจ.,กฟต.3,สตูล,กฟจ.สตูล,กฟจ.สตูล,สตูล,S,Y,105,,ยกระดับจาก กฟส.เมืองสตูล (ขนาดเดิม M)
,2569-01-01,2569-01-01,กฟส.,กฟต.3,สตูล,กฟส.ควนกำหลง,กฟส.ควนกำหลง,ควนกาหลง,S,N,113,,
,2569-01-01,2569-01-01,กฟส.,กฟต.3,สตูล,กฟส.ทุ่งหว้า,กฟส.ทุ่งหว้า,ทุ่งหว้า,XS,N,114,,
,2569-01-01,2569-01-01,กฟส.,กฟต.3,สตูล,กฟส.ท่าแพ,กฟส.ท่าแพ,ท่าแพ,XS,N,114,,
,2569-01-01,2569-01-01,กฟส.,กฟต.3,สตูล,กฟส.มะนัง,กฟส.มะนัง,มะนัง,XS,N,114,,
,2569-01-01,2569-01-01,กฟส.,กฟต.3,สตูล,กฟส.ละงู,กฟส.ละงู,ละงู,S,N,113,,
,2569-01-01,2569-01-01,กฟจ.,กฟน.1,พะเยา,กฟจ.พะเยา,กฟจ.พะเยำ,พะเยา,S,Y,105,,ยกระดับจาก กฟส.เมืองพะเยำ (ขนาดเดิม M)
,2569-01-01,2569-01-01,กฟส.,กฟน.1,พะเยา,กฟส.จุน,กฟส.จุน,จุน,S,N,113,,
,2569-01-01,2569-01-01,กฟส.,กฟน.1,พะเยา,กฟส.ดอกคำใต้,กฟส.ดอกคำใต้,ดอกคาใต้,S,N,113,,
,2569-01-01,2569-01-01,กฟส.,กฟน.1,พะเยา,กฟส.ปง,กฟส.ปง,ปง,XS,N,114,,
,2569-01-01,2569-01-01,กฟส.,กฟน.1,พะเยา,กฟส.ภูกำมยำว,กฟส.ภูกำมยำว,ภูกามยาว,XS,N,114,,
,2569-01-01,2569-01-01,กฟส.,กฟน.1,พะเยา,กฟส.ภูซำง,กฟส.ภูซำง,ภูซาง,XS,N,114,,
,2569-01-01,2569-01-01,กฟส.,กฟน.1,พะเยา,กฟส.เชียงคำ,กฟส.เชียงคำ,เชียงคา,S,N,113,,
,2569-01-01,2569-01-01,กฟส.,กฟน.1,พะเยา,กฟส.เชียงม่วน,กฟส.เชียงม่วน,เชียงม่วน,XS,N,114,,
,2569-01-01,2569-01-01,กฟส.,กฟน.1,พะเยา,กฟส.แม่กา,กฟส.แม่กา,แม่กา,XS,N,114,,
,2569-01-01,2569-01-01,กฟส.,กฟน.1,พะเยา,กฟส.แม่ใจ,กฟส.แม่ใจ,แม่ใจ,XS,N,114,,
,2569-01-01,2569-01-01,กฟจ.,กฟน.1,ลำปาง,กฟจ.ลำปาง,กฟจ.ลำปำง,ลาปาง,S,Y,105,,ยกระดับจาก กฟส.เมืองลำปำง (ขนาดเดิม L)
,2569-01-01,2569-01-01,กฟส.,กฟน.1,ลำปาง,กฟส.งำว,กฟส.งำว,งาว,S,N,113,,
,2569-01-01,2569-01-01,กฟส.,กฟน.1,ลำปาง,กฟส.พิชัย-บ้านเสด็จ,กฟส.พิชัย-บ้านเสด็จ,พิชัย-บ้านเสด็จ,XS,N,114,,
,2569-01-01,2569-01-01,กฟส.,กฟน.1,ลำปาง,กฟส.วังเหนือ,กฟส.วังเหนือ,วังเหนือ,XS,N,114,,
,2569-01-01,2569-01-01,กฟส.,กฟน.1,ลำปาง,กฟส.สบปรำบ,กฟส.สบปรำบ,สบปราบ,XS,N,114,,
,2569-01-01,2569-01-01,กฟส.,กฟน.1,ลำปาง,กฟส.ห้างฉัตร,กฟส.ห้างฉัตร,ห้างฉัตร,S,N,113,,
,2569-01-01,2569-01-01,กฟส.,กฟน.1,ลำปาง,กฟส.เกำะคำ,กฟส.เกำะคำ,เกาะคา,M,N,112,,
,2569-01-01,2569-01-01,กฟส.,กฟน.1,ลำปาง,กฟส.เถิน,กฟส.เถิน,เถิน,S,N,113,,
,2569-01-01,2569-01-01,กฟส.,กฟน.1,ลำปาง,กฟส.เมืองปำน,กฟส.เมืองปำน,เมืองปาน,XS,N,114,,
,2569-01-01,2569-01-01,กฟส.,กฟน.1,ลำปาง,กฟส.เสริมงำม,กฟส.เสริมงำม,เสริมงาม,XS,N,114,,
,2569-01-01,2569-01-01,กฟส.,กฟน.1,ลำปาง,กฟส.แจ้ห่ม,กฟส.แจ้ห่ม,แจ้ห่ม,S,N,113,,
,2569-01-01,2569-01-01,กฟส.,กฟน.1,ลำปาง,กฟส.แม่ทะ,กฟส.แม่ทะ,แม่ทะ,S,N,113,,
,2569-01-01,2569-01-01,กฟส.,กฟน.1,ลำปาง,กฟส.แม่พริก,กฟส.แม่พริก,แม่พริก,XS,N,114,,
,2569-01-01,2569-01-01,กฟส.,กฟน.1,ลำปาง,กฟส.แม่เมาะ,กฟส.แม่เมาะ,แม่เมาะ,XS,N,114,,
,2569-01-01,2569-01-01,กฟจ.,กฟน.1,ลำพูน,กฟจ.ลำพูน,กฟจ.ลำพูน,ลาพูน,S,Y,105,,ยกระดับจาก กฟส.เมืองลำพูน (ขนาดเดิม L)
,2569-01-01,2569-01-01,กฟส.,กฟน.1,ลำพูน,กฟส.ทุ่งหัวช้าง,กฟส.ทุ่งหัวช้าง,ทุ่งหัวช้าง,XS,N,114,,
,2569-01-01,2569-01-01,กฟส.,กฟน.1,ลำพูน,กฟส.นครเจดีย์,กฟส.นครเจดีย์,นครเจดีย์,XS,N,114,,
,2569-01-01,2569-01-01,กฟส.,กฟน.1,ลำพูน,กฟส.บ้านธิ,กฟส.บ้านธิ,บ้านธิ,S,N,113,,
,2569-01-01,2569-01-01,กฟส.,กฟน.1,ลำพูน,กฟส.บ้านโฮ่ง,กฟส.บ้านโฮ่ง,บ้านโฮ่ง,S,N,113,,
,2569-01-01,2569-01-01,กฟส.,กฟน.1,ลำพูน,กฟส.ป่าซาง,กฟส.ป่าซาง,ป่าซาง,S,N,113,,
,2569-01-01,2569-01-01,กฟส.,กฟน.1,ลำพูน,กฟส.ลี้,กฟส.ลี้,ลี้,S,N,113,,
,2569-01-01,2569-01-01,กฟส.,กฟน.1,ลำพูน,กฟส.เวียงหนองล่อง,กฟส.เวียงหนองล่อง,เวียงหนองล่อง,XS,N,114,,
,2569-01-01,2569-01-01,กฟส.,กฟน.1,ลำพูน,กฟส.แม่ตืน,กฟส.แม่ตืน,แม่ตืน,XS,N,114,,
,2569-01-01,2569-01-01,กฟส.,กฟน.1,ลำพูน,กฟส.แม่ทา,กฟส.แม่ทา,แม่ทา,XS,N,114,,
,2569-01-01,2569-01-01,กฟจ.,กฟน.1,เชียงราย,กฟจ.เชียงราย,กฟจ.เชียงรำย,เชียงราย,L,Y,104,,ยกระดับจาก กฟส.เมืองเชียงรำย (ขนาดเดิม L)
,2569-01-01,2569-01-01,กฟส.,กฟน.1,เชียงราย,กฟส.ขุนตำล,กฟส.ขุนตำล,ขุนตาล,XS,N,114,,
,2569-01-01,2569-01-01,กฟส.,กฟน.1,เชียงราย,กฟส.ดอยตุง,กฟส.ดอยตุง,ดอยตุง,XS,N,114,,
,2569-01-01,2569-01-01,กฟส.,กฟน.1,เชียงราย,กฟส.ดอยหลวง,กฟส.ดอยหลวง,ดอยหลวง,XS,N,114,,
,2569-01-01,2569-01-01,กฟส.,กฟน.1,เชียงราย,กฟส.นำงแล,กฟส.นำงแล,นางแล,S,N,113,,
,2569-01-01,2569-01-01,กฟส.,กฟน.1,เชียงราย,กฟส.บ้านเทอดไทย,กฟส.บ้านเทอดไทย,บ้านเทอดไทย,XS,N,114,,
,2569-01-01,2569-01-01,กฟส.,กฟน.1,เชียงราย,กฟส.ป่าแดด,กฟส.ป่าแดด,ป่าแดด,XS,N,114,,
,2569-01-01,2569-01-01,กฟส.,กฟน.1,เชียงราย,กฟส.พญำเม็งรำย,กฟส.พญำเม็งรำย,พญาเม็งราย,XS,N,114,,
,2569-01-01,2569-01-01,กฟส.,กฟน.1,เชียงราย,กฟส.พำน,กฟส.พำน,พาน,M,N,112,,
,2569-01-01,2569-01-01,กฟส.,กฟน.1,เชียงราย,กฟส.ห้วยสัก,กฟส.ห้วยสัก,ห้วยสัก,XS,N,114,,
,2569-01-01,2569-01-01,กฟส.,กฟน.1,เชียงราย,กฟส.เชียงของ,กฟส.เชียงของ,เชียงของ,S,N,113,,
,2569-01-01,2569-01-01,กฟส.,กฟน.1,เชียงราย,กฟส.เชียงแสน,กฟส.เชียงแสน,เชียงแสน,S,N,113,,
,2569-01-01,2569-01-01,กฟส.,กฟน.1,เชียงราย,กฟส.เทิง,กฟส.เทิง,เทิง,M,N,112,,
,2569-01-01,2569-01-01,กฟส.,กฟน.1,เชียงราย,กฟส.เวียงชัย,กฟส.เวียงชัย,เวียงชัย,S,N,113,,
,2569-01-01,2569-01-01,กฟส.,กฟน.1,เชียงราย,กฟส.เวียงป่าเป้า,กฟส.เวียงป่าเป้า,เวียงป่าเป้า,S,N,113,,
,2569-01-01,2569-01-01,กฟส.,กฟน.1,เชียงราย,กฟส.เวียงเชียงรุ้ง,กฟส.เวียงเชียงรุ้ง,เวียงเชียงรุ้ง,XS,N,114,,
,2569-01-01,2569-01-01,กฟส.,กฟน.1,เชียงราย,กฟส.เวียงแก่น,กฟส.เวียงแก่น,เวียงแก่น,XS,N,114,,
,2569-01-01,2569-01-01,กฟส.,กฟน.1,เชียงราย,กฟส.แม่จัน,กฟส.แม่จัน,แม่จัน,S,N,113,,
,2569-01-01,2569-01-01,กฟส.,กฟน.1,เชียงราย,กฟส.แม่ฟ้าหลวง,กฟส.แม่ฟ้าหลวง,แม่ฟ้าหลวง,S,N,113,,
,2569-01-01,2569-01-01,กฟส.,กฟน.1,เชียงราย,กฟส.แม่ลาว,กฟส.แม่ลาว,แม่ลาว,S,N,113,,
,2569-01-01,2569-01-01,กฟส.,กฟน.1,เชียงราย,กฟส.แม่สรวย,กฟส.แม่สรวย,แม่สรวย,S,N,113,,
,2569-01-01,2569-01-01,กฟส.,กฟน.1,เชียงราย,กฟส.แม่สลองนอก,กฟส.แม่สลองนอก,แม่สลองนอก,XS,N,114,,
,2569-01-01,2569-01-01,กฟส.,กฟน.1,เชียงราย,กฟส.แม่สาย,กฟส.แม่สาย,แม่สาย,M,N,112,,
,2569-01-01,2569-01-01,กฟจ.,กฟน.1,เชียงใหม่,กฟจ.เชียงใหม่,กฟจ.เชียงใหม่,เชียงใหม่,L,Y,104,,
,2569-01-01,2569-01-01,กฟส.,กฟน.1,เชียงใหม่,กฟส.กัลยำณิวัฒนำ,กฟส.กัลยำณิวัฒนำ,กัลยาณิวัฒนา,XS,N,114,,
,2569-01-01,2569-01-01,กฟส.,กฟน.1,เชียงใหม่,กฟส.จอมทอง,กฟส.จอมทอง,จอมทอง,M,N,112,,
,2569-01-01,2569-01-01,กฟส.,กฟน.1,เชียงใหม่,กฟส.ดอยสะเก็ด,กฟส.ดอยสะเก็ด,ดอยสะเก็ด,S,N,113,,
,2569-01-01,2569-01-01,กฟส.,กฟน.1,เชียงใหม่,กฟส.ดอยหล่อ,กฟส.ดอยหล่อ,ดอยหล่อ,XS,N,114,,
,2569-01-01,2569-01-01,กฟส.,กฟน.1,เชียงใหม่,กฟส.ดอยเต่า,กฟส.ดอยเต่า,ดอยเต่า,XS,N,114,,
,2569-01-01,2569-01-01,กฟส.,กฟน.1,เชียงใหม่,กฟส.บ่อหลวง,กฟส.บ่อหลวง,บ่อหลวง,XS,N,114,,
,2569-01-01,2569-01-01,กฟส.,กฟน.1,เชียงใหม่,กฟส.ป่าแป๋,กฟส.ป่าแป๋,ป่าแป๋,XS,N,114,,
,2569-01-01,2569-01-01,กฟส.,กฟน.1,เชียงใหม่,กฟส.ฝำง,กฟส.ฝำง,ฝาง,M,N,112,,
,2569-01-01,2569-01-01,กฟส.,กฟน.1,เชียงใหม่,กฟส.พร้าว,กฟส.พร้าว,พร้าว,S,N,113,,
,2569-01-01,2569-01-01,กฟส.,กฟน.1,เชียงใหม่,กฟส.สะเมิง,กฟส.สะเมิง,สะเมิง,XS,N,114,,
,2569-01-01,2569-01-01,กฟส.,กฟน.1,เชียงใหม่,กฟส.สันกำแพง,กฟส.สันกำแพง,สันกาแพง,M,N,112,,
,2569-01-01,2569-01-01,กฟส.,กฟน.1,เชียงใหม่,กฟส.สันทรำย,กฟส.สันทรำย,สันทราย,L,N,111,,
,2569-01-01,2569-01-01,กฟส.,กฟน.1,เชียงใหม่,กฟส.สันป่าตอง,กฟส.สันป่าตอง,สันป่าตอง,M,N,112,,
,2569-01-01,2569-01-01,กฟส.,กฟน.1,เชียงใหม่,กฟส.สำรภี,กฟส.สำรภี,สารภี,S,N,113,,
,2569-01-01,2569-01-01,กฟส.,กฟน.1,เชียงใหม่,กฟส.หำงดง,กฟส.หำงดง,หางดง,M,N,112,,
,2569-01-01,2569-01-01,กฟส.,กฟน.1,เชียงใหม่,กฟส.อมก๋อย,กฟส.อมก๋อย,อมก๋อย,XS,N,114,,
,2569-01-01,2569-01-01,กฟส.,กฟน.1,เชียงใหม่,กฟส.ฮอด,กฟส.ฮอด,ฮอด,S,N,113,,
,2569-01-01,2569-01-01,กฟส.,กฟน.1,เชียงใหม่,กฟส.เชียงดำว,กฟส.เชียงดำว,เชียงดาว,S,N,113,,
,2569-01-01,2569-01-01,กฟส.,กฟน.1,เชียงใหม่,กฟส.เมืองเชียงใหม่2,กฟส.เมืองเชียงใหม่2,เมืองเชียงใหม่2,L,N,111,,
,2569-01-01,2569-01-01,กฟส.,กฟน.1,เชียงใหม่,กฟส.เวียงแหง,กฟส.เวียงแหง,เวียงแหง,XS,N,114,,
,2569-01-01,2569-01-01,กฟส.,กฟน.1,เชียงใหม่,กฟส.แม่ริม,กฟส.แม่ริม,แม่ริม,M,N,112,,
,2569-01-01,2569-01-01,กฟส.,กฟน.1,เชียงใหม่,กฟส.แม่วาง,กฟส.แม่วาง,แม่วาง,XS,N,114,,
,2569-01-01,2569-01-01,กฟส.,กฟน.1,เชียงใหม่,กฟส.แม่ออน,กฟส.แม่ออน,แม่ออน,XS,N,114,,
,2569-01-01,2569-01-01,กฟส.,กฟน.1,เชียงใหม่,กฟส.แม่อาย,กฟส.แม่อาย,แม่อาย,S,N,113,,
,2569-01-01,2569-01-01,กฟส.,กฟน.1,เชียงใหม่,กฟส.แม่แจ่ม,กฟส.แม่แจ่ม,แม่แจ่ม,XS,N,114,,
,2569-01-01,2569-01-01,กฟส.,กฟน.1,เชียงใหม่,กฟส.แม่แตง,กฟส.แม่แตง,แม่แตง,S,N,113,,
,2569-01-01,2569-01-01,กฟส.,กฟน.1,เชียงใหม่,กฟส.ไชยปรำกำร,กฟส.ไชยปรำกำร,ไชยปราการ,XS,N,114,,
,2569-01-01,2569-01-01,กฟจ.,กฟน.1,แม่ฮ่องสอน,กฟจ.แม่ฮ่องสอน,กฟจ.แม่ฮ่องสอน,แม่ฮ่องสอน,S,Y,105,,
,2569-01-01,2569-01-01,กฟส.,กฟน.1,แม่ฮ่องสอน,กฟส.ขุนยวม,กฟส.ขุนยวม,ขุนยวม,XS,N,114,,
,2569-01-01,2569-01-01,กฟส.,กฟน.1,แม่ฮ่องสอน,กฟส.ปางมะผ้า,กฟส.ปางมะผ้า,ปางมะผ้า,XS,N,114,,
,2569-01-01,2569-01-01,กฟส.,กฟน.1,แม่ฮ่องสอน,กฟส.ปำย,กฟส.ปำย,ปาย,S,N,113,,
,2569-01-01,2569-01-01,กฟส.,กฟน.1,แม่ฮ่องสอน,กฟส.สบเมย,กฟส.สบเมย,สบเมย,XS,N,114,,
,2569-01-01,2569-01-01,กฟส.,กฟน.1,แม่ฮ่องสอน,กฟส.แม่ลาน้อย,กฟส.แม่ลาน้อย,แม่ลาน้อย,XS,N,114,,
,2569-01-01,2569-01-01,กฟส.,กฟน.1,แม่ฮ่องสอน,กฟส.แม่สะเรียง,กฟส.แม่สะเรียง,แม่สะเรียง,S,N,113,,
,2569-01-01,2569-01-01,กฟจ.,กฟน.2,กำแพงเพชร,กฟจ.กำแพงเพชร,กฟจ.กำแพงเพชร,กาแพงเพชร,S,Y,105,,ยกระดับจาก กฟส.เมืองกำแพงเพชร (ขนาดเดิม L)
,2569-01-01,2569-01-01,กฟส.,กฟน.2,กำแพงเพชร,กฟส.ขำณุวรลักษบุรี,กฟส.ขำณุวรลักษบุรี,ขาณุวรลักษบุรี,M,N,112,,
,2569-01-01,2569-01-01,กฟส.,กฟน.2,กำแพงเพชร,กฟส.คลองขลุง,กฟส.คลองขลุง,คลองขลุง,S,N,113,,
,2569-01-01,2569-01-01,กฟส.,กฟน.2,กำแพงเพชร,กฟส.คลองลำน,กฟส.คลองลำน,คลองลาน,S,N,113,,
,2569-01-01,2569-01-01,กฟส.,กฟน.2,กำแพงเพชร,กฟส.ทรำยทองวัฒนำ,กฟส.ทรำยทองวัฒนำ,ทรายทองวัฒนา,XS,N,114,,
,2569-01-01,2569-01-01,กฟส.,กฟน.2,กำแพงเพชร,กฟส.บึงสำมัคคี,กฟส.บึงสำมัคคี,บึงสามัคคี,XS,N,114,,
,2569-01-01,2569-01-01,กฟส.,กฟน.2,กำแพงเพชร,กฟส.ปำงศิลำทอง,กฟส.ปำงศิลำทอง,ปางศิลาทอง,XS,N,114,,
,2569-01-01,2569-01-01,กฟส.,กฟน.2,กำแพงเพชร,กฟส.พรานกระต่าย,กฟส.พรานกระต่าย,พรานกระต่าย,S,N,113,,
,2569-01-01,2569-01-01,กฟส.,กฟน.2,กำแพงเพชร,กฟส.ลำนกระบือ,กฟส.ลำนกระบือ,ลานกระบือ,S,N,113,,
,2569-01-01,2569-01-01,กฟส.,กฟน.2,กำแพงเพชร,กฟส.โกสัมพีนคร,กฟส.โกสัมพีนคร,โกสัมพีนคร,XS,N,114,,
,2569-01-01,2569-01-01,กฟส.,กฟน.2,กำแพงเพชร,กฟส.ไทรงำม,กฟส.ไทรงำม,ไทรงาม,XS,N,114,,
,2569-01-01,2569-01-01,กฟจ.,กฟน.2,ตาก,กฟจ.ตาก,กฟจ.ตำก,ตาก,S,Y,105,,ยกระดับจาก กฟส.เมืองตำก (ขนาดเดิม M)
,2569-01-01,2569-01-01,กฟส.,กฟน.2,ตาก,กฟส.ท่าสองยาง,กฟส.ท่าสองยาง,ท่าสองยาง,XS,N,114,,
,2569-01-01,2569-01-01,กฟส.,กฟน.2,ตาก,กฟส.บ้านตาก,กฟส.บ้านตาก,บ้านตาก,S,N,113,,
,2569-01-01,2569-01-01,กฟส.,กฟน.2,ตาก,กฟส.พบพระ,กฟส.พบพระ,พบพระ,XS,N,114,,
,2569-01-01,2569-01-01,กฟส.,กฟน.2,ตาก,กฟส.วังประจบ,กฟส.วังประจบ,วังประจบ,XS,N,114,,
,2569-01-01,2569-01-01,กฟส.,กฟน.2,ตาก,กฟส.วังเจ้า,กฟส.วังเจ้า,วังเจ้า,XS,N,114,,
,2569-01-01,2569-01-01,กฟส.,กฟน.2,ตาก,กฟส.สำมเงำ,กฟส.สำมเงำ,สามเงา,XS,N,114,,
,2569-01-01,2569-01-01,กฟส.,กฟน.2,ตาก,กฟส.อุ้มผาง,กฟส.อุ้มผาง,อุ้มผาง,XS,N,114,,
,2569-01-01,2569-01-01,กฟส.,กฟน.2,ตาก,กฟส.แม่ระมาด,กฟส.แม่ระมาด,แม่ระมาด,XS,N,114,,
,2569-01-01,2569-01-01,กฟส.,กฟน.2,ตาก,กฟส.แม่สอด,กฟส.แม่สอด,แม่สอด,L,N,111,,
,2569-01-01,2569-01-01,กฟจ.,กฟน.2,น่าน,กฟจ.น่าน,กฟจ.น่าน,น่าน,S,Y,105,,ยกระดับจาก กฟส.เมืองน่าน (ขนาดเดิม L)
,2569-01-01,2569-01-01,กฟส.,กฟน.2,น่าน,กฟส.ทุ่งช้าง,กฟส.ทุ่งช้าง,ทุ่งช้าง,XS,N,114,,
,2569-01-01,2569-01-01,กฟส.,กฟน.2,น่าน,กฟส.ท่าวังผา,กฟส.ท่าวังผา,ท่าวังผา,XS,N,114,,
,2569-01-01,2569-01-01,กฟส.,กฟน.2,น่าน,กฟส.นาน้อย,กฟส.นาน้อย,นาน้อย,XS,N,114,,
,2569-01-01,2569-01-01,กฟส.,กฟน.2,น่าน,กฟส.นำหมื่น,กฟส.นำหมื่น,นาหมื่น,XS,N,114,,
,2569-01-01,2569-01-01,กฟส.,กฟน.2,น่าน,กฟส.บ่อเกลือ,กฟส.บ่อเกลือ,บ่อเกลือ,XS,N,114,,
,2569-01-01,2569-01-01,กฟส.,กฟน.2,น่าน,กฟส.บ้านหลวง,กฟส.บ้านหลวง,บ้านหลวง,XS,N,114,,
,2569-01-01,2569-01-01,กฟส.,กฟน.2,น่าน,กฟส.ปัว,กฟส.ปัว,ปัว,S,N,113,,
,2569-01-01,2569-01-01,กฟส.,กฟน.2,น่าน,กฟส.สองแคว,กฟส.สองแคว,สองแคว,XS,N,114,,
,2569-01-01,2569-01-01,กฟส.,กฟน.2,น่าน,กฟส.สันติสุข,กฟส.สันติสุข,สันติสุข,XS,N,114,,
,2569-01-01,2569-01-01,กฟส.,กฟน.2,น่าน,กฟส.เฉลิมพระเกียรติ,กฟส.เฉลิมพระเกียรติ,เฉลิมพระเกียรติ,XS,N,114,,
,2569-01-01,2569-01-01,กฟส.,กฟน.2,น่าน,กฟส.เชียงกลำง,กฟส.เชียงกลำง,เชียงกลาง,XS,N,114,,
,2569-01-01,2569-01-01,กฟส.,กฟน.2,น่าน,กฟส.เวียงสำ,กฟส.เวียงสำ,เวียงสา,S,N,113,,
,2569-01-01,2569-01-01,กฟส.,กฟน.2,น่าน,กฟส.แม่จริม,กฟส.แม่จริม,แม่จริม,XS,N,114,,
,2569-01-01,2569-01-01,กฟจ.,กฟน.2,พิจิตร,กฟจ.พิจิตร,กฟจ.พิจิตร,พิจิตร,S,Y,105,,ยกระดับจาก กฟส.เมืองพิจิตร (ขนาดเดิม M)
,2569-01-01,2569-01-01,กฟส.,กฟน.2,พิจิตร,กฟส.ดงเจริญ,กฟส.ดงเจริญ,ดงเจริญ,XS,N,114,,
,2569-01-01,2569-01-01,กฟส.,กฟน.2,พิจิตร,กฟส.ตะพำนหิน,กฟส.ตะพำนหิน,ตะพานหิน,M,N,112,,
,2569-01-01,2569-01-01,กฟส.,กฟน.2,พิจิตร,กฟส.ทับคล้อ,กฟส.ทับคล้อ,ทับคล้อ,S,N,113,,
,2569-01-01,2569-01-01,กฟส.,กฟน.2,พิจิตร,กฟส.บำงมูลนำก,กฟส.บำงมูลนำก,บางมูลนาก,S,N,113,,
,2569-01-01,2569-01-01,กฟส.,กฟน.2,พิจิตร,กฟส.บึงนำรำง,กฟส.บึงนำรำง,บึงนาราง,XS,N,114,,
,2569-01-01,2569-01-01,กฟส.,กฟน.2,พิจิตร,กฟส.วชิรบำรมี,กฟส.วชิรบำรมี,วชิรบารมี,S,N,113,,
,2569-01-01,2569-01-01,กฟส.,กฟน.2,พิจิตร,กฟส.วังทรำยพูน,กฟส.วังทรำยพูน,วังทรายพูน,XS,N,114,,
,2569-01-01,2569-01-01,กฟส.,กฟน.2,พิจิตร,กฟส.สำกเหล็ก,กฟส.สำกเหล็ก,สากเหล็ก,XS,N,114,,
,2569-01-01,2569-01-01,กฟส.,กฟน.2,พิจิตร,กฟส.โพทะเล,กฟส.โพทะเล,โพทะเล,S,N,113,,
,2569-01-01,2569-01-01,กฟส.,กฟน.2,พิจิตร,กฟส.โพธิ์ประทับช้าง,กฟส.โพธิ์ประทับช้าง,โพธิ์ประทับช้าง,XS,N,114,,
,2569-01-01,2569-01-01,กฟจ.,กฟน.2,พิษณุโลก,กฟจ.พิษณุโลก,กฟจ.พิษณุโลก,พิษณุโลก,L,Y,104,,ยกระดับจาก กฟส.เมืองพิษณุโลก (ขนาดเดิม L)
,2569-01-01,2569-01-01,กฟส.,กฟน.2,พิษณุโลก,กฟส.ชำติตระกำร,กฟส.ชำติตระกำร,ชาติตระการ,XS,N,114,,
,2569-01-01,2569-01-01,กฟส.,กฟน.2,พิษณุโลก,กฟส.นครไทย,กฟส.นครไทย,นครไทย,S,N,113,,
,2569-01-01,2569-01-01,กฟส.,กฟน.2,พิษณุโลก,กฟส.บางกระทุ่ม,กฟส.บางกระทุ่ม,บางกระทุ่ม,S,N,113,,
,2569-01-01,2569-01-01,กฟส.,กฟน.2,พิษณุโลก,กฟส.บำงระกำ,กฟส.บำงระกำ,บางระกา,S,N,113,,
,2569-01-01,2569-01-01,กฟส.,กฟน.2,พิษณุโลก,กฟส.บ้านทรัพย์ไพรวัลย์,กฟส.บ้านทรัพย์ไพรวัลย์,บ้านทรัพย์ไพรวัลย์,XS,N,114,,
,2569-01-01,2569-01-01,กฟส.,กฟน.2,พิษณุโลก,กฟส.บ้านทุ่งอ้ายโห้,กฟส.บ้านทุ่งอ้ายโห้,บ้านทุ่งอ้ายโห้,XS,N,114,,
,2569-01-01,2569-01-01,กฟส.,กฟน.2,พิษณุโลก,กฟส.บ้านแยง,กฟส.บ้านแยง,บ้านแยง,XS,N,114,,
,2569-01-01,2569-01-01,กฟส.,กฟน.2,พิษณุโลก,กฟส.บ้านใหม่,กฟส.บ้านใหม่,บ้านใหม่,XS,N,114,,
,2569-01-01,2569-01-01,กฟส.,กฟน.2,พิษณุโลก,กฟส.พรหมพิรำม,กฟส.พรหมพิรำม,พรหมพิราม,S,N,113,,
,2569-01-01,2569-01-01,กฟส.,กฟน.2,พิษณุโลก,กฟส.วงฆ้อง,กฟส.วงฆ้อง,วงฆ้อง,XS,N,114,,
,2569-01-01,2569-01-01,กฟส.,กฟน.2,พิษณุโลก,กฟส.วังทอง,กฟส.วังทอง,วังทอง,S,N,113,,
,2569-01-01,2569-01-01,กฟส.,กฟน.2,พิษณุโลก,กฟส.วัดโบสถ์,กฟส.วัดโบสถ์,วัดโบสถ์,S,N,113,,
,2569-01-01,2569-01-01,กฟส.,กฟน.2,พิษณุโลก,กฟส.หนองพระ,กฟส.หนองพระ,หนองพระ,XS,N,114,,
,2569-01-01,2569-01-01,กฟส.,กฟน.2,พิษณุโลก,กฟส.เนินมะปรำง,กฟส.เนินมะปรำง,เนินมะปราง,XS,N,114,,
,2569-01-01,2569-01-01,กฟจ.,กฟน.2,สุโขทัย,กฟจ.สุโขทัย,กฟจ.สุโขทัย,สุโขทัย,S,Y,105,,ยกระดับจาก กฟส.เมืองสุโขทัย (ขนาดเดิม M)
,2569-01-01,2569-01-01,กฟส.,กฟน.2,สุโขทัย,กฟส.กงไกรลำศ,กฟส.กงไกรลำศ,กงไกรลาศ,S,N,113,,
,2569-01-01,2569-01-01,กฟส.,กฟน.2,สุโขทัย,กฟส.คีรีมำศ,กฟส.คีรีมำศ,คีรีมาศ,XS,N,114,,
,2569-01-01,2569-01-01,กฟส.,กฟน.2,สุโขทัย,กฟส.ทุ่งเสลี่ยม,กฟส.ทุ่งเสลี่ยม,ทุ่งเสลี่ยม,S,N,113,,
,2569-01-01,2569-01-01,กฟส.,กฟน.2,สุโขทัย,กฟส.บ้านด่านลานหอย,กฟส.บ้านด่านลานหอย,บ้านด่านลานหอย,XS,N,114,,
,2569-01-01,2569-01-01,กฟส.,กฟน.2,สุโขทัย,กฟส.ศรีนคร,กฟส.ศรีนคร,ศรีนคร,XS,N,114,,
,2569-01-01,2569-01-01,กฟส.,กฟน.2,สุโขทัย,กฟส.ศรีสัชนำลัย,กฟส.ศรีสัชนำลัย,ศรีสัชนาลัย,S,N,113,,
,2569-01-01,2569-01-01,กฟส.,กฟน.2,สุโขทัย,กฟส.ศรีสำโรง,กฟส.ศรีสำโรง,ศรีสาโรง,S,N,113,,
,2569-01-01,2569-01-01,กฟส.,กฟน.2,สุโขทัย,กฟส.สวรรคโลก,กฟส.สวรรคโลก,สวรรคโลก,M,N,112,,
,2569-01-01,2569-01-01,กฟจ.,กฟน.2,อุตรดิตถ์,กฟจ.อุตรดิตถ์,กฟจ.อุตรดิตถ์,อุตรดิตถ์,S,Y,105,,ยกระดับจาก กฟส.เมืองอุตรดิตถ์ (ขนาดเดิม L)
,2569-01-01,2569-01-01,กฟส.,กฟน.2,อุตรดิตถ์,กฟส.ตรอน,กฟส.ตรอน,ตรอน,XS,N,114,,
,2569-01-01,2569-01-01,กฟส.,กฟน.2,อุตรดิตถ์,กฟส.ทองแสนขัน,กฟส.ทองแสนขัน,ทองแสนขัน,XS,N,114,,
,2569-01-01,2569-01-01,กฟส.,กฟน.2,อุตรดิตถ์,กฟส.ท่าปลา,กฟส.ท่าปลา,ท่าปลา,XS,N,114,,
,2569-01-01,2569-01-01,กฟส.,กฟน.2,อุตรดิตถ์,กฟส.น้ำปำด,กฟส.น้ำปำด,น้าปาด,S,N,113,,
,2569-01-01,2569-01-01,กฟส.,กฟน.2,อุตรดิตถ์,กฟส.บ้านโคก,กฟส.บ้านโคก,บ้านโคก,XS,N,114,,
,2569-01-01,2569-01-01,กฟส.,กฟน.2,อุตรดิตถ์,กฟส.พิชัย,กฟส.พิชัย,พิชัย,S,N,113,,
,2569-01-01,2569-01-01,กฟส.,กฟน.2,อุตรดิตถ์,กฟส.ฟากท่า,กฟส.ฟากท่า,ฟากท่า,XS,N,114,,
,2569-01-01,2569-01-01,กฟส.,กฟน.2,อุตรดิตถ์,กฟส.ลับแล,กฟส.ลับแล,ลับแล,XS,N,114,,
,2569-01-01,2569-01-01,กฟจ.,กฟน.2,แพร่,กฟจ.แพร่,กฟจ.แพร่,แพร่,S,Y,105,,ยกระดับจาก กฟส.เมืองแพร่ (ขนาดเดิม L)
,2569-01-01,2569-01-01,กฟส.,กฟน.2,แพร่,กฟส.ร้องกวาง,กฟส.ร้องกวาง,ร้องกวาง,S,N,113,,
,2569-01-01,2569-01-01,กฟส.,กฟน.2,แพร่,กฟส.ลอง,กฟส.ลอง,ลอง,S,N,113,,
,2569-01-01,2569-01-01,กฟส.,กฟน.2,แพร่,กฟส.วังชิ้น,กฟส.วังชิ้น,วังชิ้น,S,N,113,,
,2569-01-01,2569-01-01,กฟส.,กฟน.2,แพร่,กฟส.สอง,กฟส.สอง,สอง,S,N,113,,
,2569-01-01,2569-01-01,กฟส.,กฟน.2,แพร่,กฟส.สูงเม่น,กฟส.สูงเม่น,สูงเม่น,S,N,113,,
,2569-01-01,2569-01-01,กฟส.,กฟน.2,แพร่,กฟส.หนองม่วงไข่,กฟส.หนองม่วงไข่,หนองม่วงไข่,S,N,113,,
,2569-01-01,2569-01-01,กฟส.,กฟน.2,แพร่,กฟส.เด่นชัย,กฟส.เด่นชัย,เด่นชัย,S,N,113,,
,2569-01-01,2569-01-01,กฟจ.,กฟน.3,ชัยนาท,กฟจ.ชัยนาท,กฟจ.ชัยนำท,ชัยนาท,S,Y,105,,ยกระดับจาก กฟส.เมืองชัยนำท (ขนาดเดิม M)
,2569-01-01,2569-01-01,กฟส.,กฟน.3,ชัยนาท,กฟส.มโนรมย์,กฟส.มโนรมย์,มโนรมย์,S,N,113,,
,2569-01-01,2569-01-01,กฟส.,กฟน.3,ชัยนาท,กฟส.วัดสิงห์,กฟส.วัดสิงห์,วัดสิงห์,S,N,113,,
,2569-01-01,2569-01-01,กฟส.,กฟน.3,ชัยนาท,กฟส.สรรคบุรี,กฟส.สรรคบุรี,สรรคบุรี,S,N,113,,
,2569-01-01,2569-01-01,กฟส.,กฟน.3,ชัยนาท,กฟส.สรรพยำ,กฟส.สรรพยำ,สรรพยา,XS,N,114,,
,2569-01-01,2569-01-01,กฟส.,กฟน.3,ชัยนาท,กฟส.หนองมะโมง,กฟส.หนองมะโมง,หนองมะโมง,XS,N,114,,
,2569-01-01,2569-01-01,กฟส.,กฟน.3,ชัยนาท,กฟส.หันคำ,กฟส.หันคำ,หันคา,S,N,113,,
,2569-01-01,2569-01-01,กฟส.,กฟน.3,ชัยนาท,กฟส.เนินขำม,กฟส.เนินขำม,เนินขาม,XS,N,114,,
,2569-01-01,2569-01-01,กฟจ.,กฟน.3,นครสวรรค์,กฟจ.นครสวรรค์,กฟจ.นครสวรรค์,นครสวรรค์,L,Y,104,,ยกระดับจาก กฟส.เมืองนครสวรรค์ (ขนาดเดิม L)
,2569-01-01,2569-01-01,กฟส.,กฟน.3,นครสวรรค์,กฟส.ชุมตำบง,กฟส.ชุมตำบง,ชุมตาบง,XS,N,114,,
,2569-01-01,2569-01-01,กฟส.,กฟน.3,นครสวรรค์,กฟส.ชุมแสง,กฟส.ชุมแสง,ชุมแสง,S,N,113,,
,2569-01-01,2569-01-01,กฟส.,กฟน.3,นครสวรรค์,กฟส.ช่องแค,กฟส.ช่องแค,ช่องแค,XS,N,114,,
,2569-01-01,2569-01-01,กฟส.,กฟน.3,นครสวรรค์,กฟส.ตากฟ้า,กฟส.ตากฟ้า,ตากฟ้า,S,N,113,,
,2569-01-01,2569-01-01,กฟส.,กฟน.3,นครสวรรค์,กฟส.ตำคลี,กฟส.ตำคลี,ตาคลี,M,N,112,,
,2569-01-01,2569-01-01,กฟส.,กฟน.3,นครสวรรค์,กฟส.ท่าตะโก,กฟส.ท่าตะโก,ท่าตะโก,S,N,113,,
,2569-01-01,2569-01-01,กฟส.,กฟน.3,นครสวรรค์,กฟส.บรรพตพิสัย,กฟส.บรรพตพิสัย,บรรพตพิสัย,S,N,113,,
,2569-01-01,2569-01-01,กฟส.,กฟน.3,นครสวรรค์,กฟส.บ้านหนองเบน,กฟส.บ้านหนองเบน,บ้านหนองเบน,XS,N,114,,
,2569-01-01,2569-01-01,กฟส.,กฟน.3,นครสวรรค์,กฟส.พยุหะคีรี,กฟส.พยุหะคีรี,พยุหะคีรี,S,N,113,,
,2569-01-01,2569-01-01,กฟส.,กฟน.3,นครสวรรค์,กฟส.ลำดยำว,กฟส.ลำดยำว,ลาดยาว,M,N,112,,
,2569-01-01,2569-01-01,กฟส.,กฟน.3,นครสวรรค์,กฟส.หนองบัว,กฟส.หนองบัว,หนองบัว,S,N,113,,
,2569-01-01,2569-01-01,กฟส.,กฟน.3,นครสวรรค์,กฟส.หัวหวำย,กฟส.หัวหวำย,หัวหวาย,XS,N,114,,
,2569-01-01,2569-01-01,กฟส.,กฟน.3,นครสวรรค์,กฟส.เก้าเลี้ยว,กฟส.เก้าเลี้ยว,เก้าเลี้ยว,XS,N,114,,
,2569-01-01,2569-01-01,กฟส.,กฟน.3,นครสวรรค์,กฟส.แม่วงก์,กฟส.แม่วงก์,แม่วงก์,XS,N,114,,
,2569-01-01,2569-01-01,กฟส.,กฟน.3,นครสวรรค์,กฟส.แม่เปิน,กฟส.แม่เปิน,แม่เปิน,XS,N,114,,
,2569-01-01,2569-01-01,กฟส.,กฟน.3,นครสวรรค์,กฟส.โกรกพระ,กฟส.โกรกพระ,โกรกพระ,XS,N,114,,
,2569-01-01,2569-01-01,กฟส.,กฟน.3,นครสวรรค์,กฟส.ไพศำลี,กฟส.ไพศำลี,ไพศาลี,S,N,113,,
,2569-01-01,2569-01-01,กฟจ.,กฟน.3,ลพบุรี,กฟจ.ลพบุรี,กฟจ.ลพบุรี,ลพบุรี,S,Y,105,,ยกระดับจาก กฟส.เมืองลพบุรี (ขนาดเดิม L)
,2569-01-01,2569-01-01,กฟส.,กฟน.3,ลพบุรี,กฟส.ชัยบำดำล,กฟส.ชัยบำดำล,ชัยบาดาล,M,N,112,,
,2569-01-01,2569-01-01,กฟส.,กฟน.3,ลพบุรี,กฟส.ท่าวุ้ง,กฟส.ท่าวุ้ง,ท่าวุ้ง,S,N,113,,
,2569-01-01,2569-01-01,กฟส.,กฟน.3,ลพบุรี,กฟส.ท่าหลวง,กฟส.ท่าหลวง,ท่าหลวง,S,N,113,,
,2569-01-01,2569-01-01,กฟส.,กฟน.3,ลพบุรี,กฟส.บ้านหมี่,กฟส.บ้านหมี่,บ้านหมี่,S,N,113,,
,2569-01-01,2569-01-01,กฟส.,กฟน.3,ลพบุรี,กฟส.บ้านแก่งเสือเต้น,กฟส.บ้านแก่งเสือเต้น,บ้านแก่งเสือเต้น,XS,N,114,,
,2569-01-01,2569-01-01,กฟส.,กฟน.3,ลพบุรี,กฟส.พัฒนำนิคม,กฟส.พัฒนำนิคม,พัฒนานิคม,M,N,112,,
,2569-01-01,2569-01-01,กฟส.,กฟน.3,ลพบุรี,กฟส.ลำสนธิ,กฟส.ลำสนธิ,ลาสนธิ,XS,N,114,,
,2569-01-01,2569-01-01,กฟส.,กฟน.3,ลพบุรี,กฟส.สระโบสถ์,กฟส.สระโบสถ์,สระโบสถ์,XS,N,114,,
,2569-01-01,2569-01-01,กฟส.,กฟน.3,ลพบุรี,กฟส.หนองม่วง,กฟส.หนองม่วง,หนองม่วง,S,N,113,,
,2569-01-01,2569-01-01,กฟส.,กฟน.3,ลพบุรี,กฟส.โคกสำโรง,กฟส.โคกสำโรง,โคกสาโรง,M,N,112,,
,2569-01-01,2569-01-01,กฟส.,กฟน.3,ลพบุรี,กฟส.โคกเจริญ,กฟส.โคกเจริญ,โคกเจริญ,XS,N,114,,
,2569-01-01,2569-01-01,กฟจ.,กฟน.3,สิงห์บุรี,กฟจ.สิงห์บุรี,กฟจ.สิงห์บุรี,สิงห์บุรี,S,Y,105,,ยกระดับจาก กฟส.เมืองสิงห์บุรี (ขนาดเดิม M)
,2569-01-01,2569-01-01,กฟส.,กฟน.3,สิงห์บุรี,กฟส.ค่ายบางระจัน,กฟส.ค่ายบางระจัน,ค่ายบางระจัน,S,N,113,,
,2569-01-01,2569-01-01,กฟส.,กฟน.3,สิงห์บุรี,กฟส.ท่าช้าง,กฟส.ท่าช้าง,ท่าช้าง,XS,N,114,,
,2569-01-01,2569-01-01,กฟส.,กฟน.3,สิงห์บุรี,กฟส.บำงระจัน,กฟส.บำงระจัน,บางระจัน,XS,N,114,,
,2569-01-01,2569-01-01,กฟส.,กฟน.3,สิงห์บุรี,กฟส.พรหมบุรี,กฟส.พรหมบุรี,พรหมบุรี,S,N,113,,
,2569-01-01,2569-01-01,กฟส.,กฟน.3,สิงห์บุรี,กฟส.อินทร์บุรี,กฟส.อินทร์บุรี,อินทร์บุรี,S,N,113,,
,2569-01-01,2569-01-01,กฟจ.,กฟน.3,อุทัยธานี,กฟจ.อุทัยธานี,กฟจ.อุทัยธำนี,อุทัยธานี,S,Y,105,,ยกระดับจาก กฟส.เมืองอุทัยธำนี (ขนาดเดิม M)
,2569-01-01,2569-01-01,กฟส.,กฟน.3,อุทัยธานี,กฟส.ทัพทัน,กฟส.ทัพทัน,ทัพทัน,XS,N,114,,
,2569-01-01,2569-01-01,กฟส.,กฟน.3,อุทัยธานี,กฟส.บ้านไร่,กฟส.บ้านไร่,บ้านไร่,S,N,113,,
,2569-01-01,2569-01-01,กฟส.,กฟน.3,อุทัยธานี,กฟส.ลำนสัก,กฟส.ลำนสัก,ลานสัก,S,N,113,,
,2569-01-01,2569-01-01,กฟส.,กฟน.3,อุทัยธานี,กฟส.สว่างอารมณ์,กฟส.สว่างอารมณ์,สว่างอารมณ์,XS,N,114,,
,2569-01-01,2569-01-01,กฟส.,กฟน.3,อุทัยธานี,กฟส.หนองขาหย่าง,กฟส.หนองขาหย่าง,หนองขาหย่าง,XS,N,114,,
,2569-01-01,2569-01-01,กฟส.,กฟน.3,อุทัยธานี,กฟส.หนองฉำง,กฟส.หนองฉำง,หนองฉาง,S,N,113,,
,2569-01-01,2569-01-01,กฟส.,กฟน.3,อุทัยธานี,กฟส.ห้วยคต,กฟส.ห้วยคต,ห้วยคต,XS,N,114,,
,2569-01-01,2569-01-01,กฟส.,กฟน.3,อุทัยธานี,กฟส.เมืองการุ้ง,กฟส.เมืองการุ้ง,เมืองการุ้ง,XS,N,114,,
,2569-01-01,2569-01-01,กฟจ.,กฟน.3,เพชรบูรณ์,กฟจ.เพชรบูรณ์,กฟจ.เพชรบูรณ์,เพชรบูรณ์,S,Y,105,,ยกระดับจาก กฟส.เมืองเพชรบูรณ์ (ขนาดเดิม L)
,2569-01-01,2569-01-01,กฟส.,กฟน.3,เพชรบูรณ์,กฟส.ชนแดน,กฟส.ชนแดน,ชนแดน,S,N,113,,
,2569-01-01,2569-01-01,กฟส.,กฟน.3,เพชรบูรณ์,กฟส.ตำดกลอย,กฟส.ตำดกลอย,ตาดกลอย,XS,N,114,,
,2569-01-01,2569-01-01,กฟส.,กฟน.3,เพชรบูรณ์,กฟส.น้ำหนำว,กฟส.น้ำหนำว,น้าหนาว,XS,N,114,,
,2569-01-01,2569-01-01,กฟส.,กฟน.3,เพชรบูรณ์,กฟส.บึงสำมพัน,กฟส.บึงสำมพัน,บึงสามพัน,M,N,112,,
,2569-01-01,2569-01-01,กฟส.,กฟน.3,เพชรบูรณ์,กฟส.บ้านกลาง,กฟส.บ้านกลาง,บ้านกลาง,XS,N,114,,
,2569-01-01,2569-01-01,กฟส.,กฟน.3,เพชรบูรณ์,กฟส.พุเตย,กฟส.พุเตย,พุเตย,XS,N,114,,
,2569-01-01,2569-01-01,กฟส.,กฟน.3,เพชรบูรณ์,กฟส.วังชมภู,กฟส.วังชมภู,วังชมภู,XS,N,114,,
,2569-01-01,2569-01-01,กฟส.,กฟน.3,เพชรบูรณ์,กฟส.วังโป่ง,กฟส.วังโป่ง,วังโป่ง,XS,N,114,,
,2569-01-01,2569-01-01,กฟส.,กฟน.3,เพชรบูรณ์,กฟส.วิเชียรบุรี,กฟส.วิเชียรบุรี,วิเชียรบุรี,S,N,113,,
,2569-01-01,2569-01-01,กฟส.,กฟน.3,เพชรบูรณ์,กฟส.ศรีเทพ,กฟส.ศรีเทพ,ศรีเทพ,S,N,113,,
,2569-01-01,2569-01-01,กฟส.,กฟน.3,เพชรบูรณ์,กฟส.หนองไผ่,กฟส.หนองไผ่,หนองไผ่,M,N,112,,
,2569-01-01,2569-01-01,กฟส.,กฟน.3,เพชรบูรณ์,กฟส.หล่มสัก,กฟส.หล่มสัก,หล่มสัก,M,N,112,,
,2569-01-01,2569-01-01,กฟส.,กฟน.3,เพชรบูรณ์,กฟส.หล่มเก่า,กฟส.หล่มเก่า,หล่มเก่า,S,N,113,,
,2569-01-01,2569-01-01,กฟส.,กฟน.3,เพชรบูรณ์,กฟส.เขาค้อ,กฟส.เขาค้อ,เขาค้อ,XS,N,114,,
,2569-01-01,2569-01-01,กฟส.,กฟน.3,เพชรบูรณ์,กฟส.แคมป์สน,กฟส.แคมป์สน,แคมป์สน,XS,N,114,,
